{"level":30,"time":"2026-07-29T10:59:21.422Z","application":"booking-benchmark","reqId":"0226f7dd-44fc-40e1-9566-5be3ee792980","service":"booking","bookingId":"BK-000019","customerId":"CUS-842137","hotelId":"HTL-002","event":"hotel_validated","msg":"Hotel availability validated"}
{"level":30,"time":"2026-07-29T10:59:21.423Z","application":"booking-benchmark","reqId":"0226f7dd-44fc-40e1-9566-5be3ee792980","service":"booking","bookingId":"BK-000019","customerId":"CUS-842137","hotelId":"HTL-002","component":"payment","event":"payment_started","msg":"Authorizing payment"}
{"level":30,"time":"2026-07-29T10:59:21.423Z","application":"booking-benchmark","reqId":"0226f7dd-44fc-40e1-9566-5be3ee792980","service":"booking","bookingId":"BK-000019","customerId":"CUS-842137","hotelId":"HTL-002","component":"payment","event":"payment_authorized","msg":"Payment authorized"}
{"level":30,"time":"2026-07-29T10:59:21.423Z","application":"booking-benchmark","reqId":"0226f7dd-44fc-40e1-9566-5be3ee792980","service":"booking","bookingId":"BK-000019","customerId":"CUS-842137","hotelId":"HTL-002","event":"payment_completed","msg":"Payment completed"}
{"level":30,"time":"2026-07-29T10:59:21.423Z","application":"booking-benchmark","reqId":"0226f7dd-44fc-40e1-9566-5be3ee792980","service":"booking","bookingId":"BK-000019","customerId":"CUS-842137","hotelId":"HTL-002","event":"booking_created","msg":"Booking created"}
{"level":30,"time":"2026-07-29T10:59:21.423Z","application":"booking-benchmark","reqId":"0226f7dd-44fc-40e1-9566-5be3ee792980","service":"booking","bookingId":"BK-000019","customerId":"CUS-842137","hotelId":"HTL-002","component":"notification","event":"confirmation_sent","msg":"Booking confirmation sent"}
{"level":30,"time":"2026-07-29T10:59:21.423Z","application":"booking-benchmark","reqId":"0226f7dd-44fc-40e1-9566-5be3ee792980","service":"booking","bookingId":"BK-000019","customerId":"CUS-842137","hotelId":"HTL-002","event":"booking_workflow_completed","msg":"Booking workflow completed"}
{"level":30,"time":"2026-07-29T10:59:21.423Z","application":"booking-benchmark","reqId":"0226f7dd-44fc-40e1-9566-5be3ee792980","event":"http_request_completed","method":"POST","url":"/bookings","statusCode":201,"durationMs":1,"msg":"Request completed"}
{"level":30,"time":"2026-07-29T10:59:21.543Z","application":"booking-benchmark","reqId":"001596d7-1361-40f1-9113-c08c8cf9bc22","event":"http_request_started","method":"POST","url":"/bookings","msg":"Incoming request"}
{"level":30,"time":"2026-07-29T10:59:21.543Z","application":"booking-benchmark","reqId":"001596d7-1361-40f1-9113-c08c8cf9bc22","service":"booking","bookingId":"BK-000020","customerId":"CUS-318227","hotelId":"HTL-001","event":"booking_workflow_started","nights":3,"msg":"Booking workflow started"}
{"level":30,"time":"2026-07-29T10:59:21.543Z","application":"booking-benchmark","reqId":"001596d7-1361-40f1-9113-c08c8cf9bc22","service":"booking","bookingId":"BK-000020","customerId":"CUS-318227","hotelId":"HTL-001","component":"hotel","event":"availability_check_started","hotelId":"HTL-001","msg":"Checking hotel availability"}
{"level":30,"time":"2026-07-29T10:59:21.543Z","application":"booking-benchmark","reqId":"001596d7-1361-40f1-9113-c08c8cf9bc22","service":"booking","bookingId":"BK-000020","customerId":"CUS-318227","hotelId":"HTL-001","component":"hotel","event":"availability_confirmed","hotelId":"HTL-001","availableRooms":15,"msg":"Hotel availability confirmed"}
{"level":30,"time":"2026-07-29T10:59:21.543Z","application":"booking-benchmark","reqId":"001596d7-1361-40f1-9113-c08c8cf9bc22","service":"booking","bookingId":"BK-000020","customerId":"CUS-318227","hotelId":"HTL-001","event":"hotel_validated","msg":"Hotel availability validated"}
{"level":30,"time":"2026-07-29T10:59:21.543Z","application":"booking-benchmark","reqId":"001596d7-1361-40f1-9113-c08c8cf9bc22","service":"booking","bookingId":"BK-000020","customerId":"CUS-318227","hotelId":"HTL-001","component":"payment","event":"payment_started","msg":"Authorizing payment"}
{"level":30,"time":"2026-07-29T10:59:21.543Z","application":"booking-benchmark","reqId":"001596d7-1361-40f1-9113-c08c8cf9bc22","service":"booking","bookingId":"BK-000020","customerId":"CUS-318227","hotelId":"HTL-001","component":"payment","event":"payment_authorized","msg":"Payment authorized"}
{"level":30,"time":"2026-07-29T10:59:21.543Z","application":"booking-benchmark","reqId":"001596d7-1361-40f1-9113-c08c8cf9bc22","service":"booking","bookingId":"BK-000020","customerId":"CUS-318227","hotelId":"HTL-001","event":"payment_completed","msg":"Payment completed"}
{"level":30,"time":"2026-07-29T10:59:21.543Z","application":"booking-benchmark","reqId":"001596d7-1361-40f1-9113-c08c8cf9bc22","service":"booking","bookingId":"BK-000020","customerId":"CUS-318227","hotelId":"HTL-001","event":"booking_created","msg":"Booking created"}
{"level":30,"time":"2026-07-29T10:59:21.543Z","application":"booking-benchmark","reqId":"001596d7-1361-40f1-9113-c08c8cf9bc22","service":"booking","bookingId":"BK-000020","customerId":"CUS-318227","hotelId":"HTL-001","component":"notification","event":"confirmation_sent","msg":"Booking confirmation sent"}
{"level":30,"time":"2026-07-29T10:59:21.543Z","application":"booking-benchmark","reqId":"001596d7-1361-40f1-9113-c08c8cf9bc22","service":"booking","bookingId":"BK-000020","customerId":"CUS-318227","hotelId":"HTL-001","event":"booking_workflow_completed","msg":"Booking workflow completed"}
{"level":30,"time":"2026-07-29T10:59:21.544Z","application":"booking-benchmark","reqId":"001596d7-1361-40f1-9113-c08c8cf9bc22","event":"http_request_completed","method":"POST","url":"/bookings","statusCode":201,"durationMs":1,"msg":"Request completed"}
{"level":30,"time":"2026-07-29T10:59:21.745Z","application":"booking-benchmark","reqId":"4d30a3c3-c300-43ee-a159-f1c360b2d966","event":"http_request_started","method":"POST","url":"/bookings","msg":"Incoming request"}
{"level":30,"time":"2026-07-29T10:59:21.746Z","application":"booking-benchmark","reqId":"4d30a3c3-c300-43ee-a159-f1c360b2d966","service":"booking","bookingId":"BK-000021","customerId":"CUS-236649","hotelId":"HTL-003","event":"booking_workflow_started","nights":5,"msg":"Booking workflow started"}
{"level":30,"time":"2026-07-29T10:59:21.746Z","application":"booking-benchmark","reqId":"4d30a3c3-c300-43ee-a159-f1c360b2d966","service":"booking","bookingId":"BK-000021","customerId":"CUS-236649","hotelId":"HTL-003","component":"hotel","event":"availability_check_started","hotelId":"HTL-003","msg":"Checking hotel availability"}
{"level":30,"time":"2026-07-29T10:59:21.746Z","application":"booking-benchmark","reqId":"4d30a3c3-c300-43ee-a159-f1c360b2d966","service":"booking","bookingId":"BK-000021","customerId":"CUS-236649","hotelId":"HTL-003","component":"hotel","event":"availability_confirmed","hotelId":"HTL-003","availableRooms":12,"msg":"Hotel availability confirmed"}
{"level":30,"time":"2026-07-29T10:59:21.746Z","application":"booking-benchmark","reqId":"4d30a3c3-c300-43ee-a159-f1c360b2d966","service":"booking","bookingId":"BK-000021","customerId":"CUS-236649","hotelId":"HTL-003","event":"hotel_validated","msg":"Hotel availability validated"}
{"level":30,"time":"2026-07-29T10:59:21.746Z","application":"booking-benchmark","reqId":"4d30a3c3-c300-43ee-a159-f1c360b2d966","service":"booking","bookingId":"BK-000021","customerId":"CUS-236649","hotelId":"HTL-003","component":"payment","event":"payment_started","msg":"Authorizing payment"}
{"level":30,"time":"2026-07-29T10:59:21.746Z","application":"booking-benchmark","reqId":"4d30a3c3-c300-43ee-a159-f1c360b2d966","service":"booking","bookingId":"BK-000021","customerId":"CUS-236649","hotelId":"HTL-003","component":"payment","event":"payment_authorized","msg":"Payment authorized"}
{"level":30,"time":"2026-07-29T10:59:21.746Z","application":"booking-benchmark","reqId":"4d30a3c3-c300-43ee-a159-f1c360b2d966","service":"booking","bookingId":"BK-000021","customerId":"CUS-236649","hotelId":"HTL-003","event":"payment_completed","msg":"Payment completed"}
{"level":30,"time":"2026-07-29T10:59:21.746Z","application":"booking-benchmark","reqId":"4d30a3c3-c300-43ee-a159-f1c360b2d966","service":"booking","bookingId":"BK-000021","customerId":"CUS-236649","hotelId":"HTL-003","event":"booking_created","msg":"Booking created"}
{"level":30,"time":"2026-07-29T10:59:21.746Z","application":"booking-benchmark","reqId":"4d30a3c3-c300-43ee-a159-f1c360b2d966","service":"booking","bookingId":"BK-000021","customerId":"CUS-236649","hotelId":"HTL-003","component":"notification","event":"confirmation_sent","msg":"Booking confirmation sent"}
{"level":30,"time":"2026-07-29T10:59:21.746Z","application":"booking-benchmark","reqId":"4d30a3c3-c300-43ee-a159-f1c360b2d966","service":"booking","bookingId":"BK-000021","customerId":"CUS-236649","hotelId":"HTL-003","event":"booking_workflow_completed","msg":"Booking workflow completed"}
{"level":30,"time":"2026-07-29T10:59:21.747Z","application":"booking-benchmark","reqId":"4d30a3c3-c300-43ee-a159-f1c360b2d966","event":"http_request_completed","method":"POST","url":"/bookings","statusCode":201,"durationMs":2,"msg":"Request completed"}
{"level":30,"time":"2026-07-29T10:59:21.856Z","application":"booking-benchmark","reqId":"ffc7f6ce-3888-469f-a431-cf708879536c","event":"http_request_started","method":"POST","url":"/bookings","msg":"Incoming request"}
{"level":30,"time":"2026-07-29T10:59:21.857Z","application":"booking-benchmark","reqId":"ffc7f6ce-3888-469f-a431-cf708879536c","service":"booking","bookingId":"BK-000022","customerId":"CUS-393419","hotelId":"HTL-002","event":"booking_workflow_started","nights":7,"msg":"Booking workflow started"}
{"level":30,"time":"2026-07-29T10:59:21.857Z","application":"booking-benchmark","reqId":"ffc7f6ce-3888-469f-a431-cf708879536c","service":"booking","bookingId":"BK-000022","customerId":"CUS-393419","hotelId":"HTL-002","component":"hotel","event":"availability_check_started","hotelId":"HTL-002","msg":"Checking hotel availability"}
{"level":30,"time":"2026-07-29T10:59:21.857Z","application":"booking-benchmark","reqId":"ffc7f6ce-3888-469f-a431-cf708879536c","service":"booking","bookingId":"BK-000022","customerId":"CUS-393419","hotelId":"HTL-002","component":"hotel","event":"availability_confirmed","hotelId":"HTL-002","availableRooms":8,"msg":"Hotel availability confirmed"}
{"level":30,"time":"2026-07-29T10:59:21.857Z","application":"booking-benchmark","reqId":"ffc7f6ce-3888-469f-a431-cf708879536c","service":"booking","bookingId":"BK-000022","customerId":"CUS-393419","hotelId":"HTL-002","event":"hotel_validated","msg":"Hotel availability validated"}
{"level":30,"time":"2026-07-29T10:59:21.857Z","application":"booking-benchmark","reqId":"ffc7f6ce-3888-469f-a431-cf708879536c","service":"booking","bookingId":"BK-000022","customerId":"CUS-393419","hotelId":"HTL-002","component":"payment","event":"payment_started","msg":"Authorizing payment"}
{"level":30,"time":"2026-07-29T10:59:21.857Z","application":"booking-benchmark","reqId":"ffc7f6ce-3888-469f-a431-cf708879536c","service":"booking","bookingId":"BK-000022","customerId":"CUS-393419","hotelId":"HTL-002","component":"payment","event":"payment_authorized","msg":"Payment authorized"}
{"level":30,"time":"2026-07-29T10:59:21.857Z","application":"booking-benchmark","reqId":"ffc7f6ce-3888-469f-a431-cf708879536c","service":"booking","bookingId":"BK-000022","customerId":"CUS-393419","hotelId":"HTL-002","event":"payment_completed","msg":"Payment completed"}
{"level":30,"time":"2026-07-29T10:59:21.857Z","application":"booking-benchmark","reqId":"ffc7f6ce-3888-469f-a431-cf708879536c","service":"booking","bookingId":"BK-000022","customerId":"CUS-393419","hotelId":"HTL-002","event":"booking_created","msg":"Booking created"}
{"level":30,"time":"2026-07-29T10:59:21.857Z","application":"booking-benchmark","reqId":"ffc7f6ce-3888-469f-a431-cf708879536c","service":"booking","bookingId":"BK-000022","customerId":"CUS-393419","hotelId":"HTL-002","component":"notification","event":"confirmation_sent","msg":"Booking confirmation sent"}
{"level":30,"time":"2026-07-29T10:59:21.857Z","application":"booking-benchmark","reqId":"ffc7f6ce-3888-469f-a431-cf708879536c","service":"booking","bookingId":"BK-000022","customerId":"CUS-393419","hotelId":"HTL-002","event":"booking_workflow_completed","msg":"Booking workflow completed"}
{"level":30,"time":"2026-07-29T10:59:21.857Z","application":"booking-benchmark","reqId":"ffc7f6ce-3888-469f-a431-cf708879536c","event":"http_request_completed","method":"POST","url":"/bookings","statusCode":201,"durationMs":1,"msg":"Request completed"}
{"level":30,"time":"2026-07-29T10:59:22.004Z","application":"booking-benchmark","reqId":"616aa6d4-a19c-4bec-a40f-7bf88e3a0078","event":"http_request_started","method":"POST","url":"/bookings","msg":"Incoming request"}
{"level":30,"time":"2026-07-29T10:59:22.004Z","application":"booking-benchmark","reqId":"616aa6d4-a19c-4bec-a40f-7bf88e3a0078","service":"booking","bookingId":"BK-000023","customerId":"CUS-009297","hotelId":"HTL-002","event":"booking_workflow_started","nights":3,"msg":"Booking workflow started"}
{"level":30,"time":"2026-07-29T10:59:22.004Z","application":"booking-benchmark","reqId":"616aa6d4-a19c-4bec-a40f-7bf88e3a0078","service":"booking","bookingId":"BK-000023","customerId":"CUS-009297","hotelId":"HTL-002","component":"hotel","event":"availability_check_started","hotelId":"HTL-002","msg":"Checking hotel availability"}
{"level":30,"time":"2026-07-29T10:59:22.004Z","application":"booking-benchmark","reqId":"616aa6d4-a19c-4bec-a40f-7bf88e3a0078","service":"booking","bookingId":"BK-000023","customerId":"CUS-009297","hotelId":"HTL-002","component":"hotel","event":"availability_confirmed","hotelId":"HTL-002","availableRooms":8,"msg":"Hotel availability confirmed"}
{"level":30,"time":"2026-07-29T10:59:22.004Z","application":"booking-benchmark","reqId":"616aa6d4-a19c-4bec-a40f-7bf88e3a0078","service":"booking","bookingId":"BK-000023","customerId":"CUS-009297","hotelId":"HTL-002","event":"hotel_validated","msg":"Hotel availability validated"}
{"level":30,"time":"2026-07-29T10:59:22.004Z","application":"booking-benchmark","reqId":"616aa6d4-a19c-4bec-a40f-7bf88e3a0078","service":"booking","bookingId":"BK-000023","customerId":"CUS-009297","hotelId":"HTL-002","component":"payment","event":"payment_started","msg":"Authorizing payment"}
{"level":30,"time":"2026-07-29T10:59:22.004Z","application":"booking-benchmark","reqId":"616aa6d4-a19c-4bec-a40f-7bf88e3a0078","service":"booking","bookingId":"BK-000023","customerId":"CUS-009297","hotelId":"HTL-002","component":"payment","event":"payment_authorized","msg":"Payment authorized"}
{"level":30,"time":"2026-07-29T10:59:22.004Z","application":"booking-benchmark","reqId":"616aa6d4-a19c-4bec-a40f-7bf88e3a0078","service":"booking","bookingId":"BK-000023","customerId":"CUS-009297","hotelId":"HTL-002","event":"payment_completed","msg":"Payment completed"}
{"level":30,"time":"2026-07-29T10:59:22.004Z","application":"booking-benchmark","reqId":"616aa6d4-a19c-4bec-a40f-7bf88e3a0078","service":"booking","bookingId":"BK-000023","customerId":"CUS-009297","hotelId":"HTL-002","event":"booking_created","msg":"Booking created"}
{"level":30,"time":"2026-07-29T10:59:22.004Z","application":"booking-benchmark","reqId":"616aa6d4-a19c-4bec-a40f-7bf88e3a0078","service":"booking","bookingId":"BK-000023","customerId":"CUS-009297","hotelId":"HTL-002","component":"notification","event":"confirmation_sent","msg":"Booking confirmation sent"}
{"level":30,"time":"2026-07-29T10:59:22.004Z","application":"booking-benchmark","reqId":"616aa6d4-a19c-4bec-a40f-7bf88e3a0078","service":"booking","bookingId":"BK-000023","customerId":"CUS-009297","hotelId":"HTL-002","event":"booking_workflow_completed","msg":"Booking workflow completed"}
{"level":30,"time":"2026-07-29T10:59:22.005Z","application":"booking-benchmark","reqId":"616aa6d4-a19c-4bec-a40f-7bf88e3a0078","event":"http_request_completed","method":"POST","url":"/bookings","statusCode":201,"durationMs":1,"msg":"Request completed"}
{"level":30,"time":"2026-07-29T10:59:22.158Z","application":"booking-benchmark","reqId":"f5d62c99-3629-40a7-8fb1-bbb6dd0f89b1","event":"http_request_started","method":"POST","url":"/bookings","msg":"Incoming request"}
{"level":30,"time":"2026-07-29T10:59:22.158Z","application":"booking-benchmark","reqId":"f5d62c99-3629-40a7-8fb1-bbb6dd0f89b1","service":"booking","bookingId":"BK-000024","customerId":"CUS-780814","hotelId":"HTL-004","event":"booking_workflow_started","nights":3,"msg":"Booking workflow started"}
{"level":30,"time":"2026-07-29T10:59:22.158Z","application":"booking-benchmark","reqId":"f5d62c99-3629-40a7-8fb1-bbb6dd0f89b1","service":"booking","bookingId":"BK-000024","customerId":"CUS-780814","hotelId":"HTL-004","component":"hotel","event":"availability_check_started","hotelId":"HTL-004","msg":"Checking hotel availability"}
{"level":30,"time":"2026-07-29T10:59:22.158Z","application":"booking-benchmark","reqId":"f5d62c99-3629-40a7-8fb1-bbb6dd0f89b1","service":"booking","bookingId":"BK-000024","customerId":"CUS-780814","hotelId":"HTL-004","component":"hotel","event":"availability_confirmed","hotelId":"HTL-004","availableRooms":20,"msg":"Hotel availability confirmed"}
{"level":30,"time":"2026-07-29T10:59:22.158Z","application":"booking-benchmark","reqId":"f5d62c99-3629-40a7-8fb1-bbb6dd0f89b1","service":"booking","bookingId":"BK-000024","customerId":"CUS-780814","hotelId":"HTL-004","event":"hotel_validated","msg":"Hotel availability validated"}
{"level":30,"time":"2026-07-29T10:59:22.158Z","application":"booking-benchmark","reqId":"f5d62c99-3629-40a7-8fb1-bbb6dd0f89b1","service":"booking","bookingId":"BK-000024","customerId":"CUS-780814","hotelId":"HTL-004","component":"payment","event":"payment_started","msg":"Authorizing payment"}
{"level":30,"time":"2026-07-29T10:59:22.158Z","application":"booking-benchmark","reqId":"f5d62c99-3629-40a7-8fb1-bbb6dd0f89b1","service":"booking","bookingId":"BK-000024","customerId":"CUS-780814","hotelId":"HTL-004","component":"payment","event":"payment_authorized","msg":"Payment authorized"}
{"level":30,"time":"2026-07-29T10:59:22.158Z","application":"booking-benchmark","reqId":"f5d62c99-3629-40a7-8fb1-bbb6dd0f89b1","service":"booking","bookingId":"BK-000024","customerId":"CUS-780814","hotelId":"HTL-004","event":"payment_completed","msg":"Payment completed"}
{"level":30,"time":"2026-07-29T10:59:22.158Z","application":"booking-benchmark","reqId":"f5d62c99-3629-40a7-8fb1-bbb6dd0f89b1","service":"booking","bookingId":"BK-000024","customerId":"CUS-780814","hotelId":"HTL-004","event":"booking_created","msg":"Booking created"}
{"level":30,"time":"2026-07-29T10:59:22.158Z","application":"booking-benchmark","reqId":"f5d62c99-3629-40a7-8fb1-bbb6dd0f89b1","service":"booking","bookingId":"BK-000024","customerId":"CUS-780814","hotelId":"HTL-004","component":"notification","event":"confirmation_sent","msg":"Booking confirmation sent"}
{"level":30,"time":"2026-07-29T10:59:22.158Z","application":"booking-benchmark","reqId":"f5d62c99-3629-40a7-8fb1-bbb6dd0f89b1","service":"booking","bookingId":"BK-000024","customerId":"CUS-780814","hotelId":"HTL-004","event":"booking_workflow_completed","msg":"Booking workflow completed"}
{"level":30,"time":"2026-07-29T10:59:22.159Z","application":"booking-benchmark","reqId":"f5d62c99-3629-40a7-8fb1-bbb6dd0f89b1","event":"http_request_completed","method":"POST","url":"/bookings","statusCode":201,"durationMs":1,"msg":"Request completed"}
{"level":30,"time":"2026-07-29T10:59:22.245Z","application":"booking-benchmark","reqId":"e20a6bfb-8027-4ddd-af23-eec6713dbdd6","event":"http_request_started","method":"POST","url":"/bookings","msg":"Incoming request"}
{"level":30,"time":"2026-07-29T10:59:22.245Z","application":"booking-benchmark","reqId":"e20a6bfb-8027-4ddd-af23-eec6713dbdd6","service":"booking","bookingId":"BK-000025","customerId":"CUS-488298","hotelId":"HTL-002","event":"booking_workflow_started","nights":1,"msg":"Booking workflow started"}
{"level":30,"time":"2026-07-29T10:59:22.245Z","application":"booking-benchmark","reqId":"e20a6bfb-8027-4ddd-af23-eec6713dbdd6","service":"booking","bookingId":"BK-000025","customerId":"CUS-488298","hotelId":"HTL-002","component":"hotel","event":"availability_check_started","hotelId":"HTL-002","msg":"Checking hotel availability"}
{"level":30,"time":"2026-07-29T10:59:22.245Z","application":"booking-benchmark","reqId":"e20a6bfb-8027-4ddd-af23-eec6713dbdd6","service":"booking","bookingId":"BK-000025","customerId":"CUS-488298","hotelId":"HTL-002","component":"hotel","event":"availability_confirmed","hotelId":"HTL-002","availableRooms":8,"msg":"Hotel availability confirmed"}
{"level":30,"time":"2026-07-29T10:59:22.245Z","application":"booking-benchmark","reqId":"e20a6bfb-8027-4ddd-af23-eec6713dbdd6","service":"booking","bookingId":"BK-000025","customerId":"CUS-488298","hotelId":"HTL-002","event":"hotel_validated","msg":"Hotel availability validated"}
{"level":30,"time":"2026-07-29T10:59:22.246Z","application":"booking-benchmark","reqId":"e20a6bfb-8027-4ddd-af23-eec6713dbdd6","service":"booking","bookingId":"BK-000025","customerId":"CUS-488298","hotelId":"HTL-002","component":"payment","event":"payment_started","msg":"Authorizing payment"}
{"level":30,"time":"2026-07-29T10:59:22.246Z","application":"booking-benchmark","reqId":"e20a6bfb-8027-4ddd-af23-eec6713dbdd6","service":"booking","bookingId":"BK-000025","customerId":"CUS-488298","hotelId":"HTL-002","component":"payment","event":"payment_authorized","msg":"Payment authorized"}
{"level":30,"time":"2026-07-29T10:59:22.246Z","application":"booking-benchmark","reqId":"e20a6bfb-8027-4ddd-af23-eec6713dbdd6","service":"booking","bookingId":"BK-000025","customerId":"CUS-488298","hotelId":"HTL-002","event":"payment_completed","msg":"Payment completed"}
{"level":30,"time":"2026-07-29T10:59:22.246Z","application":"booking-benchmark","reqId":"e20a6bfb-8027-4ddd-af23-eec6713dbdd6","service":"booking","bookingId":"BK-000025","customerId":"CUS-488298","hotelId":"HTL-002","event":"booking_created","msg":"Booking created"}
{"level":30,"time":"2026-07-29T10:59:22.246Z","application":"booking-benchmark","reqId":"e20a6bfb-8027-4ddd-af23-eec6713dbdd6","service":"booking","bookingId":"BK-000025","customerId":"CUS-488298","hotelId":"HTL-002","component":"notification","event":"confirmation_sent","msg":"Booking confirmation sent"}
{"level":30,"time":"2026-07-29T10:59:22.246Z","application":"booking-benchmark","reqId":"e20a6bfb-8027-4ddd-af23-eec6713dbdd6","service":"booking","bookingId":"BK-000025","customerId":"CUS-488298","hotelId":"HTL-002","event":"booking_workflow_completed","msg":"Booking workflow completed"}
{"level":30,"time":"2026-07-29T10:59:22.246Z","application":"booking-benchmark","reqId":"e20a6bfb-8027-4ddd-af23-eec6713dbdd6","event":"http_request_completed","method":"POST","url":"/bookings","statusCode":201,"durationMs":1,"msg":"Request completed"}
{"level":30,"time":"2026-07-29T10:59:22.307Z","application":"booking-benchmark","reqId":"59eb254d-66a6-409b-bd0a-ada3c427af9d","event":"http_request_started","method":"POST","url":"/bookings","msg":"Incoming request"}
{"level":30,"time":"2026-07-29T10:59:22.307Z","application":"booking-benchmark","reqId":"59eb254d-66a6-409b-bd0a-ada3c427af9d","service":"booking","bookingId":"BK-000026","customerId":"CUS-978991","hotelId":"HTL-003","event":"booking_workflow_started","nights":1,"msg":"Booking workflow started"}
{"level":30,"time":"2026-07-29T10:59:22.307Z","application":"booking-benchmark","reqId":"59eb254d-66a6-409b-bd0a-ada3c427af9d","service":"booking","bookingId":"BK-000026","customerId":"CUS-978991","hotelId":"HTL-003","component":"hotel","event":"availability_check_started","hotelId":"HTL-003","msg":"Checking hotel availability"}
{"level":30,"time":"2026-07-29T10:59:22.307Z","application":"booking-benchmark","reqId":"59eb254d-66a6-409b-bd0a-ada3c427af9d","service":"booking","bookingId":"BK-000026","customerId":"CUS-978991","hotelId":"HTL-003","component":"hotel","event":"availability_confirmed","hotelId":"HTL-003","availableRooms":12,"msg":"Hotel availability confirmed"}
{"level":30,"time":"2026-07-29T10:59:22.307Z","application":"booking-benchmark","reqId":"59eb254d-66a6-409b-bd0a-ada3c427af9d","service":"booking","bookingId":"BK-000026","customerId":"CUS-978991","hotelId":"HTL-003","event":"hotel_validated","msg":"Hotel availability validated"}
{"level":30,"time":"2026-07-29T10:59:22.307Z","application":"booking-benchmark","reqId":"59eb254d-66a6-409b-bd0a-ada3c427af9d","service":"booking","bookingId":"BK-000026","customerId":"CUS-978991","hotelId":"HTL-003","component":"payment","event":"payment_started","msg":"Authorizing payment"}
{"level":30,"time":"2026-07-29T10:59:22.307Z","application":"booking-benchmark","reqId":"59eb254d-66a6-409b-bd0a-ada3c427af9d","service":"booking","bookingId":"BK-000026","customerId":"CUS-978991","hotelId":"HTL-003","component":"payment","event":"payment_authorized","msg":"Payment authorized"}
{"level":30,"time":"2026-07-29T10:59:22.307Z","application":"booking-benchmark","reqId":"59eb254d-66a6-409b-bd0a-ada3c427af9d","service":"booking","bookingId":"BK-000026","customerId":"CUS-978991","hotelId":"HTL-003","event":"payment_completed","msg":"Payment completed"}
{"level":30,"time":"2026-07-29T10:59:22.307Z","application":"booking-benchmark","reqId":"59eb254d-66a6-409b-bd0a-ada3c427af9d","service":"booking","bookingId":"BK-000026","customerId":"CUS-978991","hotelId":"HTL-003","event":"booking_created","msg":"Booking created"}
{"level":30,"time":"2026-07-29T10:59:22.307Z","application":"booking-benchmark","reqId":"59eb254d-66a6-409b-bd0a-ada3c427af9d","service":"booking","bookingId":"BK-000026","customerId":"CUS-978991","hotelId":"HTL-003","component":"notification","event":"confirmation_sent","msg":"Booking confirmation sent"}
{"level":30,"time":"2026-07-29T10:59:22.307Z","application":"booking-benchmark","reqId":"59eb254d-66a6-409b-bd0a-ada3c427af9d","service":"booking","bookingId":"BK-000026","customerId":"CUS-978991","hotelId":"HTL-003","event":"booking_workflow_completed","msg":"Booking workflow completed"}
{"level":30,"time":"2026-07-29T10:59:22.308Z","application":"booking-benchmark","reqId":"59eb254d-66a6-409b-bd0a-ada3c427af9d","event":"http_request_completed","method":"POST","url":"/bookings","statusCode":201,"durationMs":1,"msg":"Request completed"}
{"level":30,"time":"2026-07-29T10:59:22.365Z","application":"booking-benchmark","reqId":"ded2a4ac-0430-4056-b81c-72f7e520f47d","event":"http_request_started","method":"POST","url":"/bookings","msg":"Incoming request"}
{"level":30,"time":"2026-07-29T10:59:22.366Z","application":"booking-benchmark","reqId":"ded2a4ac-0430-4056-b81c-72f7e520f47d","service":"booking","bookingId":"BK-000027","customerId":"CUS-989260","hotelId":"HTL-004","event":"booking_workflow_started","nights":6,"msg":"Booking workflow started"}
{"level":30,"time":"2026-07-29T10:59:22.366Z","application":"booking-benchmark","reqId":"ded2a4ac-0430-4056-b81c-72f7e520f47d","service":"booking","bookingId":"BK-000027","customerId":"CUS-989260","hotelId":"HTL-004","component":"hotel","event":"availability_check_started","hotelId":"HTL-004","msg":"Checking hotel availability"}
{"level":30,"time":"2026-07-29T10:59:22.366Z","application":"booking-benchmark","reqId":"ded2a4ac-0430-4056-b81c-72f7e520f47d","service":"booking","bookingId":"BK-000027","customerId":"CUS-989260","hotelId":"HTL-004","component":"hotel","event":"availability_confirmed","hotelId":"HTL-004","availableRooms":20,"msg":"Hotel availability confirmed"}
{"level":30,"time":"2026-07-29T10:59:22.366Z","application":"booking-benchmark","reqId":"ded2a4ac-0430-4056-b81c-72f7e520f47d","service":"booking","bookingId":"BK-000027","customerId":"CUS-989260","hotelId":"HTL-004","event":"hotel_validated","msg":"Hotel availability validated"}
{"level":30,"time":"2026-07-29T10:59:22.366Z","application":"booking-benchmark","reqId":"ded2a4ac-0430-4056-b81c-72f7e520f47d","service":"booking","bookingId":"BK-000027","customerId":"CUS-989260","hotelId":"HTL-004","component":"payment","event":"payment_started","msg":"Authorizing payment"}
{"level":30,"time":"2026-07-29T10:59:22.366Z","application":"booking-benchmark","reqId":"ded2a4ac-0430-4056-b81c-72f7e520f47d","service":"booking","bookingId":"BK-000027","customerId":"CUS-989260","hotelId":"HTL-004","component":"payment","event":"payment_authorized","msg":"Payment authorized"}
{"level":30,"time":"2026-07-29T10:59:22.366Z","application":"booking-benchmark","reqId":"ded2a4ac-0430-4056-b81c-72f7e520f47d","service":"booking","bookingId":"BK-000027","customerId":"CUS-989260","hotelId":"HTL-004","event":"payment_completed","msg":"Payment completed"}
{"level":30,"time":"2026-07-29T10:59:22.366Z","application":"booking-benchmark","reqId":"ded2a4ac-0430-4056-b81c-72f7e520f47d","service":"booking","bookingId":"BK-000027","customerId":"CUS-989260","hotelId":"HTL-004","event":"booking_created","msg":"Booking created"}
{"level":30,"time":"2026-07-29T10:59:22.366Z","application":"booking-benchmark","reqId":"ded2a4ac-0430-4056-b81c-72f7e520f47d","service":"booking","bookingId":"BK-000027","customerId":"CUS-989260","hotelId":"HTL-004","component":"notification","event":"confirmation_sent","msg":"Booking confirmation sent"}
{"level":30,"time":"2026-07-29T10:59:22.366Z","application":"booking-benchmark","reqId":"ded2a4ac-0430-4056-b81c-72f7e520f47d","service":"booking","bookingId":"BK-000027","customerId":"CUS-989260","hotelId":"HTL-004","event":"booking_workflow_completed","msg":"Booking workflow completed"}
{"level":30,"time":"2026-07-29T10:59:22.366Z","application":"booking-benchmark","reqId":"ded2a4ac-0430-4056-b81c-72f7e520f47d","event":"http_request_completed","method":"POST","url":"/bookings","statusCode":201,"durationMs":1,"msg":"Request completed"}
{"level":30,"time":"2026-07-29T10:59:22.563Z","application":"booking-benchmark","reqId":"461115e7-dd8d-4a6f-99fd-ba6f3daaf7b1","event":"http_request_started","method":"POST","url":"/bookings","msg":"Incoming request"}
{"level":30,"time":"2026-07-29T10:59:22.564Z","application":"booking-benchmark","reqId":"461115e7-dd8d-4a6f-99fd-ba6f3daaf7b1","service":"booking","bookingId":"BK-000028","customerId":"CUS-226305","hotelId":"HTL-002","event":"booking_workflow_started","nights":2,"msg":"Booking workflow started"}
{"level":30,"time":"2026-07-29T10:59:22.564Z","application":"booking-benchmark","reqId":"461115e7-dd8d-4a6f-99fd-ba6f3daaf7b1","service":"booking","bookingId":"BK-000028","customerId":"CUS-226305","hotelId":"HTL-002","component":"hotel","event":"availability_check_started","hotelId":"HTL-002","msg":"Checking hotel availability"}
{"level":30,"time":"2026-07-29T10:59:22.564Z","application":"booking-benchmark","reqId":"461115e7-dd8d-4a6f-99fd-ba6f3daaf7b1","service":"booking","bookingId":"BK-000028","customerId":"CUS-226305","hotelId":"HTL-002","component":"hotel","event":"availability_confirmed","hotelId":"HTL-002","availableRooms":8,"msg":"Hotel availability confirmed"}
{"level":30,"time":"2026-07-29T10:59:22.564Z","application":"booking-benchmark","reqId":"461115e7-dd8d-4a6f-99fd-ba6f3daaf7b1","service":"booking","bookingId":"BK-000028","customerId":"CUS-226305","hotelId":"HTL-002","event":"hotel_validated","msg":"Hotel availability validated"}
{"level":30,"time":"2026-07-29T10:59:22.564Z","application":"booking-benchmark","reqId":"461115e7-dd8d-4a6f-99fd-ba6f3daaf7b1","service":"booking","bookingId":"BK-000028","customerId":"CUS-226305","hotelId":"HTL-002","component":"payment","event":"payment_started","msg":"Authorizing payment"}
{"level":30,"time":"2026-07-29T10:59:22.564Z","application":"booking-benchmark","reqId":"461115e7-dd8d-4a6f-99fd-ba6f3daaf7b1","service":"booking","bookingId":"BK-000028","customerId":"CUS-226305","hotelId":"HTL-002","component":"payment","event":"payment_authorized","msg":"Payment authorized"}
{"level":30,"time":"2026-07-29T10:59:22.564Z","application":"booking-benchmark","reqId":"461115e7-dd8d-4a6f-99fd-ba6f3daaf7b1","service":"booking","bookingId":"BK-000028","customerId":"CUS-226305","hotelId":"HTL-002","event":"payment_completed","msg":"Payment completed"}
{"level":30,"time":"2026-07-29T10:59:22.564Z","application":"booking-benchmark","reqId":"461115e7-dd8d-4a6f-99fd-ba6f3daaf7b1","service":"booking","bookingId":"BK-000028","customerId":"CUS-226305","hotelId":"HTL-002","event":"booking_created","msg":"Booking created"}
{"level":30,"time":"2026-07-29T10:59:22.564Z","application":"booking-benchmark","reqId":"461115e7-dd8d-4a6f-99fd-ba6f3daaf7b1","service":"booking","bookingId":"BK-000028","customerId":"CUS-226305","hotelId":"HTL-002","component":"notification","event":"confirmation_sent","msg":"Booking confirmation sent"}
{"level":30,"time":"2026-07-29T10:59:22.564Z","application":"booking-benchmark","reqId":"461115e7-dd8d-4a6f-99fd-ba6f3daaf7b1","service":"booking","bookingId":"BK-000028","customerId":"CUS-226305","hotelId":"HTL-002","event":"booking_workflow_completed","msg":"Booking workflow completed"}
{"level":30,"time":"2026-07-29T10:59:22.565Z","application":"booking-benchmark","reqId":"461115e7-dd8d-4a6f-99fd-ba6f3daaf7b1","event":"http_request_completed","method":"POST","url":"/bookings","statusCode":201,"durationMs":2,"msg":"Request completed"}
{"level":30,"time":"2026-07-29T10:59:22.738Z","application":"booking-benchmark","reqId":"f7b5c09a-6b53-492d-8985-a939e52af173","event":"http_request_started","method":"POST","url":"/bookings","msg":"Incoming request"}
{"level":30,"time":"2026-07-29T10:59:22.739Z","application":"booking-benchmark","reqId":"f7b5c09a-6b53-492d-8985-a939e52af173","service":"booking","bookingId":"BK-000029","customerId":"CUS-212814","hotelId":"HTL-004","event":"booking_workflow_started","nights":6,"msg":"Booking workflow started"}
{"level":30,"time":"2026-07-29T10:59:22.739Z","application":"booking-benchmark","reqId":"f7b5c09a-6b53-492d-8985-a939e52af173","service":"booking","bookingId":"BK-000029","customerId":"CUS-212814","hotelId":"HTL-004","component":"hotel","event":"availability_check_started","hotelId":"HTL-004","msg":"Checking hotel availability"}
{"level":30,"time":"2026-07-29T10:59:22.739Z","application":"booking-benchmark","reqId":"f7b5c09a-6b53-492d-8985-a939e52af173","service":"booking","bookingId":"BK-000029","customerId":"CUS-212814","hotelId":"HTL-004","component":"hotel","event":"availability_confirmed","hotelId":"HTL-004","availableRooms":20,"msg":"Hotel availability confirmed"}
{"level":30,"time":"2026-07-29T10:59:22.739Z","application":"booking-benchmark","reqId":"f7b5c09a-6b53-492d-8985-a939e52af173","service":"booking","bookingId":"BK-000029","customerId":"CUS-212814","hotelId":"HTL-004","event":"hotel_validated","msg":"Hotel availability validated"}
{"level":30,"time":"2026-07-29T10:59:22.739Z","application":"booking-benchmark","reqId":"f7b5c09a-6b53-492d-8985-a939e52af173","service":"booking","bookingId":"BK-000029","customerId":"CUS-212814","hotelId":"HTL-004","component":"payment","event":"payment_started","msg":"Authorizing payment"}
{"level":30,"time":"2026-07-29T10:59:22.739Z","application":"booking-benchmark","reqId":"f7b5c09a-6b53-492d-8985-a939e52af173","service":"booking","bookingId":"BK-000029","customerId":"CUS-212814","hotelId":"HTL-004","component":"payment","event":"payment_authorized","msg":"Payment authorized"}
{"level":30,"time":"2026-07-29T10:59:22.739Z","application":"booking-benchmark","reqId":"f7b5c09a-6b53-492d-8985-a939e52af173","service":"booking","bookingId":"BK-000029","customerId":"CUS-212814","hotelId":"HTL-004","event":"payment_completed","msg":"Payment completed"}
{"level":30,"time":"2026-07-29T10:59:22.739Z","application":"booking-benchmark","reqId":"f7b5c09a-6b53-492d-8985-a939e52af173","service":"booking","bookingId":"BK-000029","customerId":"CUS-212814","hotelId":"HTL-004","event":"booking_created","msg":"Booking created"}
{"level":30,"time":"2026-07-29T10:59:22.739Z","application":"booking-benchmark","reqId":"f7b5c09a-6b53-492d-8985-a939e52af173","service":"booking","bookingId":"BK-000029","customerId":"CUS-212814","hotelId":"HTL-004","component":"notification","event":"confirmation_sent","msg":"Booking confirmation sent"}
{"level":30,"time":"2026-07-29T10:59:22.739Z","application":"booking-benchmark","reqId":"f7b5c09a-6b53-492d-8985-a939e52af173","service":"booking","bookingId":"BK-000029","customerId":"CUS-212814","hotelId":"HTL-004","event":"booking_workflow_completed","msg":"Booking workflow completed"}
{"level":30,"time":"2026-07-29T10:59:22.740Z","application":"booking-benchmark","reqId":"f7b5c09a-6b53-492d-8985-a939e52af173","event":"http_request_completed","method":"POST","url":"/bookings","statusCode":201,"durationMs":2,"msg":"Request completed"}
{"level":30,"time":"2026-07-29T10:59:22.818Z","application":"booking-benchmark","reqId":"64b94ccb-3201-4741-a17a-8f658a9fe67b","event":"http_request_started","method":"POST","url":"/bookings","msg":"Incoming request"}
{"level":30,"time":"2026-07-29T10:59:22.818Z","application":"booking-benchmark","reqId":"64b94ccb-3201-4741-a17a-8f658a9fe67b","service":"booking","bookingId":"BK-000030","customerId":"CUS-853358","hotelId":"HTL-002","event":"booking_workflow_started","nights":1,"msg":"Booking workflow started"}
{"level":30,"time":"2026-07-29T10:59:22.818Z","application":"booking-benchmark","reqId":"64b94ccb-3201-4741-a17a-8f658a9fe67b","service":"booking","bookingId":"BK-000030","customerId":"CUS-853358","hotelId":"HTL-002","component":"hotel","event":"availability_check_started","hotelId":"HTL-002","msg":"Checking hotel availability"}
{"level":30,"time":"2026-07-29T10:59:22.818Z","application":"booking-benchmark","reqId":"64b94ccb-3201-4741-a17a-8f658a9fe67b","service":"booking","bookingId":"BK-000030","customerId":"CUS-853358","hotelId":"HTL-002","component":"hotel","event":"availability_confirmed","hotelId":"HTL-002","availableRooms":8,"msg":"Hotel availability confirmed"}
{"level":30,"time":"2026-07-29T10:59:22.818Z","application":"booking-benchmark","reqId":"64b94ccb-3201-4741-a17a-8f658a9fe67b","service":"booking","bookingId":"BK-000030","customerId":"CUS-853358","hotelId":"HTL-002","event":"hotel_validated","msg":"Hotel availability validated"}
{"level":30,"time":"2026-07-29T10:59:22.818Z","application":"booking-benchmark","reqId":"64b94ccb-3201-4741-a17a-8f658a9fe67b","service":"booking","bookingId":"BK-000030","customerId":"CUS-853358","hotelId":"HTL-002","component":"payment","event":"payment_started","msg":"Authorizing payment"}
{"level":30,"time":"2026-07-29T10:59:22.818Z","application":"booking-benchmark","reqId":"64b94ccb-3201-4741-a17a-8f658a9fe67b","service":"booking","bookingId":"BK-000030","customerId":"CUS-853358","hotelId":"HTL-002","component":"payment","event":"payment_authorized","msg":"Payment authorized"}
{"level":30,"time":"2026-07-29T10:59:22.818Z","application":"booking-benchmark","reqId":"64b94ccb-3201-4741-a17a-8f658a9fe67b","service":"booking","bookingId":"BK-000030","customerId":"CUS-853358","hotelId":"HTL-002","event":"payment_completed","msg":"Payment completed"}
{"level":30,"time":"2026-07-29T10:59:22.818Z","application":"booking-benchmark","reqId":"64b94ccb-3201-4741-a17a-8f658a9fe67b","service":"booking","bookingId":"BK-000030","customerId":"CUS-853358","hotelId":"HTL-002","event":"booking_created","msg":"Booking created"}
{"level":30,"time":"2026-07-29T10:59:22.819Z","application":"booking-benchmark","reqId":"64b94ccb-3201-4741-a17a-8f658a9fe67b","service":"booking","bookingId":"BK-000030","customerId":"CUS-853358","hotelId":"HTL-002","component":"notification","event":"confirmation_sent","msg":"Booking confirmation sent"}
{"level":30,"time":"2026-07-29T10:59:22.819Z","application":"booking-benchmark","reqId":"64b94ccb-3201-4741-a17a-8f658a9fe67b","service":"booking","bookingId":"BK-000030","customerId":"CUS-853358","hotelId":"HTL-002","event":"booking_workflow_completed","msg":"Booking workflow completed"}
{"level":30,"time":"2026-07-29T10:59:22.819Z","application":"booking-benchmark","reqId":"64b94ccb-3201-4741-a17a-8f658a9fe67b","event":"http_request_completed","method":"POST","url":"/bookings","statusCode":201,"durationMs":1,"msg":"Request completed"}
{"level":30,"time":"2026-07-29T10:59:22.947Z","application":"booking-benchmark","reqId":"06b3e9a0-f232-40c3-8362-738a3499f898","event":"http_request_started","method":"POST","url":"/bookings","msg":"Incoming request"}
{"level":30,"time":"2026-07-29T10:59:22.947Z","application":"booking-benchmark","reqId":"06b3e9a0-f232-40c3-8362-738a3499f898","service":"booking","bookingId":"BK-000031","customerId":"CUS-377661","hotelId":"HTL-002","event":"booking_workflow_started","nights":4,"msg":"Booking workflow started"}
{"level":30,"time":"2026-07-29T10:59:22.948Z","application":"booking-benchmark","reqId":"06b3e9a0-f232-40c3-8362-738a3499f898","service":"booking","bookingId":"BK-000031","customerId":"CUS-377661","hotelId":"HTL-002","component":"hotel","event":"availability_check_started","hotelId":"HTL-002","msg":"Checking hotel availability"}
{"level":30,"time":"2026-07-29T10:59:22.948Z","application":"booking-benchmark","reqId":"06b3e9a0-f232-40c3-8362-738a3499f898","service":"booking","bookingId":"BK-000031","customerId":"CUS-377661","hotelId":"HTL-002","component":"hotel","event":"availability_confirmed","hotelId":"HTL-002","availableRooms":8,"msg":"Hotel availability confirmed"}
{"level":30,"time":"2026-07-29T10:59:22.948Z","application":"booking-benchmark","reqId":"06b3e9a0-f232-40c3-8362-738a3499f898","service":"booking","bookingId":"BK-000031","customerId":"CUS-377661","hotelId":"HTL-002","event":"hotel_validated","msg":"Hotel availability validated"}
{"level":30,"time":"2026-07-29T10:59:22.948Z","application":"booking-benchmark","reqId":"06b3e9a0-f232-40c3-8362-738a3499f898","service":"booking","bookingId":"BK-000031","customerId":"CUS-377661","hotelId":"HTL-002","component":"payment","event":"payment_started","msg":"Authorizing payment"}
{"level":30,"time":"2026-07-29T10:59:22.948Z","application":"booking-benchmark","reqId":"06b3e9a0-f232-40c3-8362-738a3499f898","service":"booking","bookingId":"BK-000031","customerId":"CUS-377661","hotelId":"HTL-002","component":"payment","event":"payment_authorized","msg":"Payment authorized"}
{"level":30,"time":"2026-07-29T10:59:22.948Z","application":"booking-benchmark","reqId":"06b3e9a0-f232-40c3-8362-738a3499f898","service":"booking","bookingId":"BK-000031","customerId":"CUS-377661","hotelId":"HTL-002","event":"payment_completed","msg":"Payment completed"}
{"level":30,"time":"2026-07-29T10:59:22.948Z","application":"booking-benchmark","reqId":"06b3e9a0-f232-40c3-8362-738a3499f898","service":"booking","bookingId":"BK-000031","customerId":"CUS-377661","hotelId":"HTL-002","event":"booking_created","msg":"Booking created"}
{"level":30,"time":"2026-07-29T10:59:22.948Z","application":"booking-benchmark","reqId":"06b3e9a0-f232-40c3-8362-738a3499f898","service":"booking","bookingId":"BK-000031","customerId":"CUS-377661","hotelId":"HTL-002","component":"notification","event":"confirmation_sent","msg":"Booking confirmation sent"}
{"level":30,"time":"2026-07-29T10:59:22.948Z","application":"booking-benchmark","reqId":"06b3e9a0-f232-40c3-8362-738a3499f898","service":"booking","bookingId":"BK-000031","customerId":"CUS-377661","hotelId":"HTL-002","event":"booking_workflow_completed","msg":"Booking workflow completed"}
{"level":30,"time":"2026-07-29T10:59:22.948Z","application":"booking-benchmark","reqId":"06b3e9a0-f232-40c3-8362-738a3499f898","event":"http_request_completed","method":"POST","url":"/bookings","statusCode":201,"durationMs":1,"msg":"Request completed"}
{"level":30,"time":"2026-07-29T10:59:23.067Z","application":"booking-benchmark","reqId":"f7472f9f-1094-469a-9f1a-6817bfa40f5b","event":"http_request_started","method":"POST","url":"/bookings","msg":"Incoming request"}
{"level":30,"time":"2026-07-29T10:59:23.067Z","application":"booking-benchmark","reqId":"f7472f9f-1094-469a-9f1a-6817bfa40f5b","service":"booking","bookingId":"BK-000032","customerId":"CUS-222472","hotelId":"HTL-001","event":"booking_workflow_started","nights":3,"msg":"Booking workflow started"}
{"level":30,"time":"2026-07-29T10:59:23.067Z","application":"booking-benchmark","reqId":"f7472f9f-1094-469a-9f1a-6817bfa40f5b","service":"booking","bookingId":"BK-000032","customerId":"CUS-222472","hotelId":"HTL-001","component":"hotel","event":"availability_check_started","hotelId":"HTL-001","msg":"Checking hotel availability"}
{"level":30,"time":"2026-07-29T10:59:23.067Z","application":"booking-benchmark","reqId":"f7472f9f-1094-469a-9f1a-6817bfa40f5b","service":"booking","bookingId":"BK-000032","customerId":"CUS-222472","hotelId":"HTL-001","component":"hotel","event":"availability_confirmed","hotelId":"HTL-001","availableRooms":15,"msg":"Hotel availability confirmed"}
{"level":30,"time":"2026-07-29T10:59:23.067Z","application":"booking-benchmark","reqId":"f7472f9f-1094-469a-9f1a-6817bfa40f5b","service":"booking","bookingId":"BK-000032","customerId":"CUS-222472","hotelId":"HTL-001","event":"hotel_validated","msg":"Hotel availability validated"}
{"level":30,"time":"2026-07-29T10:59:23.067Z","application":"booking-benchmark","reqId":"f7472f9f-1094-469a-9f1a-6817bfa40f5b","service":"booking","bookingId":"BK-000032","customerId":"CUS-222472","hotelId":"HTL-001","component":"payment","event":"payment_started","msg":"Authorizing payment"}
{"level":30,"time":"2026-07-29T10:59:23.067Z","application":"booking-benchmark","reqId":"f7472f9f-1094-469a-9f1a-6817bfa40f5b","service":"booking","bookingId":"BK-000032","customerId":"CUS-222472","hotelId":"HTL-001","component":"payment","event":"payment_authorized","msg":"Payment authorized"}
{"level":30,"time":"2026-07-29T10:59:23.067Z","application":"booking-benchmark","reqId":"f7472f9f-1094-469a-9f1a-6817bfa40f5b","service":"booking","bookingId":"BK-000032","customerId":"CUS-222472","hotelId":"HTL-001","event":"payment_completed","msg":"Payment completed"}
{"level":30,"time":"2026-07-29T10:59:23.067Z","application":"booking-benchmark","reqId":"f7472f9f-1094-469a-9f1a-6817bfa40f5b","service":"booking","bookingId":"BK-000032","customerId":"CUS-222472","hotelId":"HTL-001","event":"booking_created","msg":"Booking created"}
{"level":30,"time":"2026-07-29T10:59:23.067Z","application":"booking-benchmark","reqId":"f7472f9f-1094-469a-9f1a-6817bfa40f5b","service":"booking","bookingId":"BK-000032","customerId":"CUS-222472","hotelId":"HTL-001","component":"notification","event":"confirmation_sent","msg":"Booking confirmation sent"}
{"level":30,"time":"2026-07-29T10:59:23.067Z","application":"booking-benchmark","reqId":"f7472f9f-1094-469a-9f1a-6817bfa40f5b","service":"booking","bookingId":"BK-000032","customerId":"CUS-222472","hotelId":"HTL-001","event":"booking_workflow_completed","msg":"Booking workflow completed"}
{"level":30,"time":"2026-07-29T10:59:23.068Z","application":"booking-benchmark","reqId":"f7472f9f-1094-469a-9f1a-6817bfa40f5b","event":"http_request_completed","method":"POST","url":"/bookings","statusCode":201,"durationMs":1,"msg":"Request completed"}
{"level":30,"time":"2026-07-29T10:59:23.128Z","application":"booking-benchmark","reqId":"d627963f-4ffb-4bee-a57d-9c193375eaf1","event":"http_request_started","method":"POST","url":"/bookings","msg":"Incoming request"}
{"level":30,"time":"2026-07-29T10:59:23.129Z","application":"booking-benchmark","reqId":"d627963f-4ffb-4bee-a57d-9c193375eaf1","service":"booking","bookingId":"BK-000033","customerId":"CUS-393375","hotelId":"HTL-003","event":"booking_workflow_started","nights":5,"msg":"Booking workflow started"}
{"level":30,"time":"2026-07-29T10:59:23.129Z","application":"booking-benchmark","reqId":"d627963f-4ffb-4bee-a57d-9c193375eaf1","service":"booking","bookingId":"BK-000033","customerId":"CUS-393375","hotelId":"HTL-003","component":"hotel","event":"availability_check_started","hotelId":"HTL-003","msg":"Checking hotel availability"}
{"level":30,"time":"2026-07-29T10:59:23.129Z","application":"booking-benchmark","reqId":"d627963f-4ffb-4bee-a57d-9c193375eaf1","service":"booking","bookingId":"BK-000033","customerId":"CUS-393375","hotelId":"HTL-003","component":"hotel","event":"availability_confirmed","hotelId":"HTL-003","availableRooms":12,"msg":"Hotel availability confirmed"}
{"level":30,"time":"2026-07-29T10:59:23.129Z","application":"booking-benchmark","reqId":"d627963f-4ffb-4bee-a57d-9c193375eaf1","service":"booking","bookingId":"BK-000033","customerId":"CUS-393375","hotelId":"HTL-003","event":"hotel_validated","msg":"Hotel availability validated"}
{"level":30,"time":"2026-07-29T10:59:23.129Z","application":"booking-benchmark","reqId":"d627963f-4ffb-4bee-a57d-9c193375eaf1","service":"booking","bookingId":"BK-000033","customerId":"CUS-393375","hotelId":"HTL-003","component":"payment","event":"payment_started","msg":"Authorizing payment"}
{"level":30,"time":"2026-07-29T10:59:23.129Z","application":"booking-benchmark","reqId":"d627963f-4ffb-4bee-a57d-9c193375eaf1","service":"booking","bookingId":"BK-000033","customerId":"CUS-393375","hotelId":"HTL-003","component":"payment","event":"payment_authorized","msg":"Payment authorized"}
{"level":30,"time":"2026-07-29T10:59:23.129Z","application":"booking-benchmark","reqId":"d627963f-4ffb-4bee-a57d-9c193375eaf1","service":"booking","bookingId":"BK-000033","customerId":"CUS-393375","hotelId":"HTL-003","event":"payment_completed","msg":"Payment completed"}
{"level":30,"time":"2026-07-29T10:59:23.129Z","application":"booking-benchmark","reqId":"d627963f-4ffb-4bee-a57d-9c193375eaf1","service":"booking","bookingId":"BK-000033","customerId":"CUS-393375","hotelId":"HTL-003","event":"booking_created","msg":"Booking created"}
{"level":30,"time":"2026-07-29T10:59:23.129Z","application":"booking-benchmark","reqId":"d627963f-4ffb-4bee-a57d-9c193375eaf1","service":"booking","bookingId":"BK-000033","customerId":"CUS-393375","hotelId":"HTL-003","component":"notification","event":"confirmation_sent","msg":"Booking confirmation sent"}
{"level":30,"time":"2026-07-29T10:59:23.129Z","application":"booking-benchmark","reqId":"d627963f-4ffb-4bee-a57d-9c193375eaf1","service":"booking","bookingId":"BK-000033","customerId":"CUS-393375","hotelId":"HTL-003","event":"booking_workflow_completed","msg":"Booking workflow completed"}
{"level":30,"time":"2026-07-29T10:59:23.129Z","application":"booking-benchmark","reqId":"d627963f-4ffb-4bee-a57d-9c193375eaf1","event":"http_request_completed","method":"POST","url":"/bookings","statusCode":201,"durationMs":1,"msg":"Request completed"}
{"level":30,"time":"2026-07-29T10:59:23.254Z","application":"booking-benchmark","reqId":"021abe5e-4824-4729-b94f-f0027b51e48e","event":"http_request_started","method":"POST","url":"/bookings","msg":"Incoming request"}
{"level":30,"time":"2026-07-29T10:59:23.254Z","application":"booking-benchmark","reqId":"021abe5e-4824-4729-b94f-f0027b51e48e","service":"booking","bookingId":"BK-000034","customerId":"CUS-481749","hotelId":"HTL-004","event":"booking_workflow_started","nights":3,"msg":"Booking workflow started"}
{"level":30,"time":"2026-07-29T10:59:23.255Z","application":"booking-benchmark","reqId":"021abe5e-4824-4729-b94f-f0027b51e48e","service":"booking","bookingId":"BK-000034","customerId":"CUS-481749","hotelId":"HTL-004","component":"hotel","event":"availability_check_started","hotelId":"HTL-004","msg":"Checking hotel availability"}
{"level":30,"time":"2026-07-29T10:59:23.255Z","application":"booking-benchmark","reqId":"021abe5e-4824-4729-b94f-f0027b51e48e","service":"booking","bookingId":"BK-000034","customerId":"CUS-481749","hotelId":"HTL-004","component":"hotel","event":"availability_confirmed","hotelId":"HTL-004","availableRooms":20,"msg":"Hotel availability confirmed"}
{"level":30,"time":"2026-07-29T10:59:23.255Z","application":"booking-benchmark","reqId":"021abe5e-4824-4729-b94f-f0027b51e48e","service":"booking","bookingId":"BK-000034","customerId":"CUS-481749","hotelId":"HTL-004","event":"hotel_validated","msg":"Hotel availability validated"}
{"level":30,"time":"2026-07-29T10:59:23.255Z","application":"booking-benchmark","reqId":"021abe5e-4824-4729-b94f-f0027b51e48e","service":"booking","bookingId":"BK-000034","customerId":"CUS-481749","hotelId":"HTL-004","component":"payment","event":"payment_started","msg":"Authorizing payment"}
{"level":30,"time":"2026-07-29T10:59:23.255Z","application":"booking-benchmark","reqId":"021abe5e-4824-4729-b94f-f0027b51e48e","service":"booking","bookingId":"BK-000034","customerId":"CUS-481749","hotelId":"HTL-004","component":"payment","event":"payment_authorized","msg":"Payment authorized"}
{"level":30,"time":"2026-07-29T10:59:23.255Z","application":"booking-benchmark","reqId":"021abe5e-4824-4729-b94f-f0027b51e48e","service":"booking","bookingId":"BK-000034","customerId":"CUS-481749","hotelId":"HTL-004","event":"payment_completed","msg":"Payment completed"}
{"level":30,"time":"2026-07-29T10:59:23.255Z","application":"booking-benchmark","reqId":"021abe5e-4824-4729-b94f-f0027b51e48e","service":"booking","bookingId":"BK-000034","customerId":"CUS-481749","hotelId":"HTL-004","event":"booking_created","msg":"Booking created"}
{"level":30,"time":"2026-07-29T10:59:23.255Z","application":"booking-benchmark","reqId":"021abe5e-4824-4729-b94f-f0027b51e48e","service":"booking","bookingId":"BK-000034","customerId":"CUS-481749","hotelId":"HTL-004","component":"notification","event":"confirmation_sent","msg":"Booking confirmation sent"}
{"level":30,"time":"2026-07-29T10:59:23.255Z","application":"booking-benchmark","reqId":"021abe5e-4824-4729-b94f-f0027b51e48e","service":"booking","bookingId":"BK-000034","customerId":"CUS-481749","hotelId":"HTL-004","event":"booking_workflow_completed","msg":"Booking workflow completed"}
{"level":30,"time":"2026-07-29T10:59:23.255Z","application":"booking-benchmark","reqId":"021abe5e-4824-4729-b94f-f0027b51e48e","event":"http_request_completed","method":"POST","url":"/bookings","statusCode":201,"durationMs":1,"msg":"Request completed"}
{"level":30,"time":"2026-07-29T10:59:23.373Z","application":"booking-benchmark","reqId":"6fd21ea3-ab89-4fe1-b815-34388e250d88","event":"http_request_started","method":"POST","url":"/bookings","msg":"Incoming request"}
{"level":30,"time":"2026-07-29T10:59:23.373Z","application":"booking-benchmark","reqId":"6fd21ea3-ab89-4fe1-b815-34388e250d88","service":"booking","bookingId":"BK-000035","customerId":"CUS-800034","hotelId":"HTL-003","event":"booking_workflow_started","nights":3,"msg":"Booking workflow started"}
{"level":30,"time":"2026-07-29T10:59:23.374Z","application":"booking-benchmark","reqId":"6fd21ea3-ab89-4fe1-b815-34388e250d88","service":"booking","bookingId":"BK-000035","customerId":"CUS-800034","hotelId":"HTL-003","component":"hotel","event":"availability_check_started","hotelId":"HTL-003","msg":"Checking hotel availability"}
{"level":30,"time":"2026-07-29T10:59:23.374Z","application":"booking-benchmark","reqId":"6fd21ea3-ab89-4fe1-b815-34388e250d88","service":"booking","bookingId":"BK-000035","customerId":"CUS-800034","hotelId":"HTL-003","component":"hotel","event":"availability_confirmed","hotelId":"HTL-003","availableRooms":12,"msg":"Hotel availability confirmed"}
{"level":30,"time":"2026-07-29T10:59:23.374Z","application":"booking-benchmark","reqId":"6fd21ea3-ab89-4fe1-b815-34388e250d88","service":"booking","bookingId":"BK-000035","customerId":"CUS-800034","hotelId":"HTL-003","event":"hotel_validated","msg":"Hotel availability validated"}
{"level":30,"time":"2026-07-29T10:59:23.374Z","application":"booking-benchmark","reqId":"6fd21ea3-ab89-4fe1-b815-34388e250d88","service":"booking","bookingId":"BK-000035","customerId":"CUS-800034","hotelId":"HTL-003","component":"payment","event":"payment_started","msg":"Authorizing payment"}
{"level":30,"time":"2026-07-29T10:59:23.374Z","application":"booking-benchmark","reqId":"6fd21ea3-ab89-4fe1-b815-34388e250d88","service":"booking","bookingId":"BK-000035","customerId":"CUS-800034","hotelId":"HTL-003","component":"payment","event":"payment_authorized","msg":"Payment authorized"}
{"level":30,"time":"2026-07-29T10:59:23.374Z","application":"booking-benchmark","reqId":"6fd21ea3-ab89-4fe1-b815-34388e250d88","service":"booking","bookingId":"BK-000035","customerId":"CUS-800034","hotelId":"HTL-003","event":"payment_completed","msg":"Payment completed"}
{"level":30,"time":"2026-07-29T10:59:23.374Z","application":"booking-benchmark","reqId":"6fd21ea3-ab89-4fe1-b815-34388e250d88","service":"booking","bookingId":"BK-000035","customerId":"CUS-800034","hotelId":"HTL-003","event":"booking_created","msg":"Booking created"}
{"level":30,"time":"2026-07-29T10:59:23.374Z","application":"booking-benchmark","reqId":"6fd21ea3-ab89-4fe1-b815-34388e250d88","service":"booking","bookingId":"BK-000035","customerId":"CUS-800034","hotelId":"HTL-003","component":"notification","event":"confirmation_sent","msg":"Booking confirmation sent"}
{"level":30,"time":"2026-07-29T10:59:23.374Z","application":"booking-benchmark","reqId":"6fd21ea3-ab89-4fe1-b815-34388e250d88","service":"booking","bookingId":"BK-000035","customerId":"CUS-800034","hotelId":"HTL-003","event":"booking_workflow_completed","msg":"Booking workflow completed"}
{"level":30,"time":"2026-07-29T10:59:23.374Z","application":"booking-benchmark","reqId":"6fd21ea3-ab89-4fe1-b815-34388e250d88","event":"http_request_completed","method":"POST","url":"/bookings","statusCode":201,"durationMs":1,"msg":"Request completed"}
{"level":30,"time":"2026-07-29T10:59:23.578Z","application":"booking-benchmark","reqId":"a0c46c5a-4b55-4a7d-bbdd-b2bc1f6b1279","event":"http_request_started","method":"POST","url":"/bookings","msg":"Incoming request"}
{"level":30,"time":"2026-07-29T10:59:23.578Z","application":"booking-benchmark","reqId":"a0c46c5a-4b55-4a7d-bbdd-b2bc1f6b1279","service":"booking","bookingId":"BK-000036","customerId":"CUS-302913","hotelId":"HTL-005","event":"booking_workflow_started","nights":5,"msg":"Booking workflow started"}
{"level":30,"time":"2026-07-29T10:59:23.578Z","application":"booking-benchmark","reqId":"a0c46c5a-4b55-4a7d-bbdd-b2bc1f6b1279","service":"booking","bookingId":"BK-000036","customerId":"CUS-302913","hotelId":"HTL-005","component":"hotel","event":"availability_check_started","hotelId":"HTL-005","msg":"Checking hotel availability"}
{"level":30,"time":"2026-07-29T10:59:23.578Z","application":"booking-benchmark","reqId":"a0c46c5a-4b55-4a7d-bbdd-b2bc1f6b1279","service":"booking","bookingId":"BK-000036","customerId":"CUS-302913","hotelId":"HTL-005","component":"hotel","event":"availability_confirmed","hotelId":"HTL-005","availableRooms":10,"msg":"Hotel availability confirmed"}
{"level":30,"time":"2026-07-29T10:59:23.578Z","application":"booking-benchmark","reqId":"a0c46c5a-4b55-4a7d-bbdd-b2bc1f6b1279","service":"booking","bookingId":"BK-000036","customerId":"CUS-302913","hotelId":"HTL-005","event":"hotel_validated","msg":"Hotel availability validated"}
{"level":30,"time":"2026-07-29T10:59:23.578Z","application":"booking-benchmark","reqId":"a0c46c5a-4b55-4a7d-bbdd-b2bc1f6b1279","service":"booking","bookingId":"BK-000036","customerId":"CUS-302913","hotelId":"HTL-005","component":"payment","event":"payment_started","msg":"Authorizing payment"}
{"level":30,"time":"2026-07-29T10:59:23.578Z","application":"booking-benchmark","reqId":"a0c46c5a-4b55-4a7d-bbdd-b2bc1f6b1279","service":"booking","bookingId":"BK-000036","customerId":"CUS-302913","hotelId":"HTL-005","component":"payment","event":"payment_authorized","msg":"Payment authorized"}
{"level":30,"time":"2026-07-29T10:59:23.578Z","application":"booking-benchmark","reqId":"a0c46c5a-4b55-4a7d-bbdd-b2bc1f6b1279","service":"booking","bookingId":"BK-000036","customerId":"CUS-302913","hotelId":"HTL-005","event":"payment_completed","msg":"Payment completed"}
{"level":30,"time":"2026-07-29T10:59:23.578Z","application":"booking-benchmark","reqId":"a0c46c5a-4b55-4a7d-bbdd-b2bc1f6b1279","service":"booking","bookingId":"BK-000036","customerId":"CUS-302913","hotelId":"HTL-005","event":"booking_created","msg":"Booking created"}
{"level":30,"time":"2026-07-29T10:59:23.578Z","application":"booking-benchmark","reqId":"a0c46c5a-4b55-4a7d-bbdd-b2bc1f6b1279","service":"booking","bookingId":"BK-000036","customerId":"CUS-302913","hotelId":"HTL-005","component":"notification","event":"confirmation_sent","msg":"Booking confirmation sent"}
{"level":30,"time":"2026-07-29T10:59:23.578Z","application":"booking-benchmark","reqId":"a0c46c5a-4b55-4a7d-bbdd-b2bc1f6b1279","service":"booking","bookingId":"BK-000036","customerId":"CUS-302913","hotelId":"HTL-005","event":"booking_workflow_completed","msg":"Booking workflow completed"}
{"level":30,"time":"2026-07-29T10:59:23.578Z","application":"booking-benchmark","reqId":"a0c46c5a-4b55-4a7d-bbdd-b2bc1f6b1279","event":"http_request_completed","method":"POST","url":"/bookings","statusCode":201,"durationMs":0,"msg":"Request completed"}
{"level":30,"time":"2026-07-29T10:59:23.740Z","application":"booking-benchmark","reqId":"50b524f0-4e95-4fe1-8dfd-808b2ce275f5","event":"http_request_started","method":"POST","url":"/bookings","msg":"Incoming request"}
{"level":30,"time":"2026-07-29T10:59:23.741Z","application":"booking-benchmark","reqId":"50b524f0-4e95-4fe1-8dfd-808b2ce275f5","service":"booking","bookingId":"BK-000037","customerId":"CUS-911958","hotelId":"HTL-003","event":"booking_workflow_started","nights":7,"msg":"Booking workflow started"}
{"level":30,"time":"2026-07-29T10:59:23.741Z","application":"booking-benchmark","reqId":"50b524f0-4e95-4fe1-8dfd-808b2ce275f5","service":"booking","bookingId":"BK-000037","customerId":"CUS-911958","hotelId":"HTL-003","component":"hotel","event":"availability_check_started","hotelId":"HTL-003","msg":"Checking hotel availability"}
{"level":30,"time":"2026-07-29T10:59:23.741Z","application":"booking-benchmark","reqId":"50b524f0-4e95-4fe1-8dfd-808b2ce275f5","service":"booking","bookingId":"BK-000037","customerId":"CUS-911958","hotelId":"HTL-003","component":"hotel","event":"availability_confirmed","hotelId":"HTL-003","availableRooms":12,"msg":"Hotel availability confirmed"}
{"level":30,"time":"2026-07-29T10:59:23.741Z","application":"booking-benchmark","reqId":"50b524f0-4e95-4fe1-8dfd-808b2ce275f5","service":"booking","bookingId":"BK-000037","customerId":"CUS-911958","hotelId":"HTL-003","event":"hotel_validated","msg":"Hotel availability validated"}
{"level":30,"time":"2026-07-29T10:59:23.741Z","application":"booking-benchmark","reqId":"50b524f0-4e95-4fe1-8dfd-808b2ce275f5","service":"booking","bookingId":"BK-000037","customerId":"CUS-911958","hotelId":"HTL-003","component":"payment","event":"payment_started","msg":"Authorizing payment"}
{"level":30,"time":"2026-07-29T10:59:23.741Z","application":"booking-benchmark","reqId":"50b524f0-4e95-4fe1-8dfd-808b2ce275f5","service":"booking","bookingId":"BK-000037","customerId":"CUS-911958","hotelId":"HTL-003","component":"payment","event":"payment_authorized","msg":"Payment authorized"}
{"level":30,"time":"2026-07-29T10:59:23.741Z","application":"booking-benchmark","reqId":"50b524f0-4e95-4fe1-8dfd-808b2ce275f5","service":"booking","bookingId":"BK-000037","customerId":"CUS-911958","hotelId":"HTL-003","event":"payment_completed","msg":"Payment completed"}
{"level":30,"time":"2026-07-29T10:59:23.741Z","application":"booking-benchmark","reqId":"50b524f0-4e95-4fe1-8dfd-808b2ce275f5","service":"booking","bookingId":"BK-000037","customerId":"CUS-911958","hotelId":"HTL-003","event":"booking_created","msg":"Booking created"}
{"level":30,"time":"2026-07-29T10:59:23.741Z","application":"booking-benchmark","reqId":"50b524f0-4e95-4fe1-8dfd-808b2ce275f5","service":"booking","bookingId":"BK-000037","customerId":"CUS-911958","hotelId":"HTL-003","component":"notification","event":"confirmation_sent","msg":"Booking confirmation sent"}
{"level":30,"time":"2026-07-29T10:59:23.741Z","application":"booking-benchmark","reqId":"50b524f0-4e95-4fe1-8dfd-808b2ce275f5","service":"booking","bookingId":"BK-000037","customerId":"CUS-911958","hotelId":"HTL-003","event":"booking_workflow_completed","msg":"Booking workflow completed"}
{"level":30,"time":"2026-07-29T10:59:23.741Z","application":"booking-benchmark","reqId":"50b524f0-4e95-4fe1-8dfd-808b2ce275f5","event":"http_request_completed","method":"POST","url":"/bookings","statusCode":201,"durationMs":1,"msg":"Request completed"}
{"level":30,"time":"2026-07-29T10:59:23.849Z","application":"booking-benchmark","reqId":"d3e85049-7a99-4de4-ae62-eb6906344429","event":"http_request_started","method":"POST","url":"/bookings","msg":"Incoming request"}
{"level":30,"time":"2026-07-29T10:59:23.849Z","application":"booking-benchmark","reqId":"d3e85049-7a99-4de4-ae62-eb6906344429","service":"booking","bookingId":"BK-000038","customerId":"CUS-622678","hotelId":"HTL-002","event":"booking_workflow_started","nights":5,"msg":"Booking workflow started"}
{"level":30,"time":"2026-07-29T10:59:23.849Z","application":"booking-benchmark","reqId":"d3e85049-7a99-4de4-ae62-eb6906344429","service":"booking","bookingId":"BK-000038","customerId":"CUS-622678","hotelId":"HTL-002","component":"hotel","event":"availability_check_started","hotelId":"HTL-002","msg":"Checking hotel availability"}
{"level":30,"time":"2026-07-29T10:59:23.849Z","application":"booking-benchmark","reqId":"d3e85049-7a99-4de4-ae62-eb6906344429","service":"booking","bookingId":"BK-000038","customerId":"CUS-622678","hotelId":"HTL-002","component":"hotel","event":"availability_confirmed","hotelId":"HTL-002","availableRooms":8,"msg":"Hotel availability confirmed"}
{"level":30,"time":"2026-07-29T10:59:23.849Z","application":"booking-benchmark","reqId":"d3e85049-7a99-4de4-ae62-eb6906344429","service":"booking","bookingId":"BK-000038","customerId":"CUS-622678","hotelId":"HTL-002","event":"hotel_validated","msg":"Hotel availability validated"}
{"level":30,"time":"2026-07-29T10:59:23.849Z","application":"booking-benchmark","reqId":"d3e85049-7a99-4de4-ae62-eb6906344429","service":"booking","bookingId":"BK-000038","customerId":"CUS-622678","hotelId":"HTL-002","component":"payment","event":"payment_started","msg":"Authorizing payment"}
{"level":30,"time":"2026-07-29T10:59:23.849Z","application":"booking-benchmark","reqId":"d3e85049-7a99-4de4-ae62-eb6906344429","service":"booking","bookingId":"BK-000038","customerId":"CUS-622678","hotelId":"HTL-002","component":"payment","event":"payment_authorized","msg":"Payment authorized"}
{"level":30,"time":"2026-07-29T10:59:23.849Z","application":"booking-benchmark","reqId":"d3e85049-7a99-4de4-ae62-eb6906344429","service":"booking","bookingId":"BK-000038","customerId":"CUS-622678","hotelId":"HTL-002","event":"payment_completed","msg":"Payment completed"}
{"level":30,"time":"2026-07-29T10:59:23.849Z","application":"booking-benchmark","reqId":"d3e85049-7a99-4de4-ae62-eb6906344429","service":"booking","bookingId":"BK-000038","customerId":"CUS-622678","hotelId":"HTL-002","event":"booking_created","msg":"Booking created"}
{"level":30,"time":"2026-07-29T10:59:23.849Z","application":"booking-benchmark","reqId":"d3e85049-7a99-4de4-ae62-eb6906344429","service":"booking","bookingId":"BK-000038","customerId":"CUS-622678","hotelId":"HTL-002","component":"notification","event":"confirmation_sent","msg":"Booking confirmation sent"}
{"level":30,"time":"2026-07-29T10:59:23.849Z","application":"booking-benchmark","reqId":"d3e85049-7a99-4de4-ae62-eb6906344429","service":"booking","bookingId":"BK-000038","customerId":"CUS-622678","hotelId":"HTL-002","event":"booking_workflow_completed","msg":"Booking workflow completed"}
{"level":30,"time":"2026-07-29T10:59:23.850Z","application":"booking-benchmark","reqId":"d3e85049-7a99-4de4-ae62-eb6906344429","event":"http_request_completed","method":"POST","url":"/bookings","statusCode":201,"durationMs":1,"msg":"Request completed"}
{"level":30,"time":"2026-07-29T10:59:23.966Z","application":"booking-benchmark","reqId":"c9d4cc35-7bef-4410-9e7e-14a84ca52d19","event":"http_request_started","method":"POST","url":"/bookings","msg":"Incoming request"}
{"level":30,"time":"2026-07-29T10:59:23.966Z","application":"booking-benchmark","reqId":"c9d4cc35-7bef-4410-9e7e-14a84ca52d19","service":"booking","bookingId":"BK-000039","customerId":"CUS-072762","hotelId":"HTL-005","event":"booking_workflow_started","nights":4,"msg":"Booking workflow started"}
{"level":30,"time":"2026-07-29T10:59:23.966Z","application":"booking-benchmark","reqId":"c9d4cc35-7bef-4410-9e7e-14a84ca52d19","service":"booking","bookingId":"BK-000039","customerId":"CUS-072762","hotelId":"HTL-005","component":"hotel","event":"availability_check_started","hotelId":"HTL-005","msg":"Checking hotel availability"}
{"level":30,"time":"2026-07-29T10:59:23.966Z","application":"booking-benchmark","reqId":"c9d4cc35-7bef-4410-9e7e-14a84ca52d19","service":"booking","bookingId":"BK-000039","customerId":"CUS-072762","hotelId":"HTL-005","component":"hotel","event":"availability_confirmed","hotelId":"HTL-005","availableRooms":10,"msg":"Hotel availability confirmed"}
{"level":30,"time":"2026-07-29T10:59:23.966Z","application":"booking-benchmark","reqId":"c9d4cc35-7bef-4410-9e7e-14a84ca52d19","service":"booking","bookingId":"BK-000039","customerId":"CUS-072762","hotelId":"HTL-005","event":"hotel_validated","msg":"Hotel availability validated"}
{"level":30,"time":"2026-07-29T10:59:23.966Z","application":"booking-benchmark","reqId":"c9d4cc35-7bef-4410-9e7e-14a84ca52d19","service":"booking","bookingId":"BK-000039","customerId":"CUS-072762","hotelId":"HTL-005","component":"payment","event":"payment_started","msg":"Authorizing payment"}
{"level":30,"time":"2026-07-29T10:59:23.966Z","application":"booking-benchmark","reqId":"c9d4cc35-7bef-4410-9e7e-14a84ca52d19","service":"booking","bookingId":"BK-000039","customerId":"CUS-072762","hotelId":"HTL-005","component":"payment","event":"payment_authorized","msg":"Payment authorized"}
{"level":30,"time":"2026-07-29T10:59:23.967Z","application":"booking-benchmark","reqId":"c9d4cc35-7bef-4410-9e7e-14a84ca52d19","service":"booking","bookingId":"BK-000039","customerId":"CUS-072762","hotelId":"HTL-005","event":"payment_completed","msg":"Payment completed"}
{"level":30,"time":"2026-07-29T10:59:23.967Z","application":"booking-benchmark","reqId":"c9d4cc35-7bef-4410-9e7e-14a84ca52d19","service":"booking","bookingId":"BK-000039","customerId":"CUS-072762","hotelId":"HTL-005","event":"booking_created","msg":"Booking created"}
{"level":30,"time":"2026-07-29T10:59:23.967Z","application":"booking-benchmark","reqId":"c9d4cc35-7bef-4410-9e7e-14a84ca52d19","service":"booking","bookingId":"BK-000039","customerId":"CUS-072762","hotelId":"HTL-005","component":"notification","event":"confirmation_sent","msg":"Booking confirmation sent"}
{"level":30,"time":"2026-07-29T10:59:23.967Z","application":"booking-benchmark","reqId":"c9d4cc35-7bef-4410-9e7e-14a84ca52d19","service":"booking","bookingId":"BK-000039","customerId":"CUS-072762","hotelId":"HTL-005","event":"booking_workflow_completed","msg":"Booking workflow completed"}
{"level":30,"time":"2026-07-29T10:59:23.967Z","application":"booking-benchmark","reqId":"c9d4cc35-7bef-4410-9e7e-14a84ca52d19","event":"http_request_completed","method":"POST","url":"/bookings","statusCode":201,"durationMs":1,"msg":"Request completed"}
{"level":30,"time":"2026-07-29T10:59:24.118Z","application":"booking-benchmark","reqId":"476019e6-c33b-491d-8ceb-0158c31ec584","event":"http_request_started","method":"POST","url":"/bookings","msg":"Incoming request"}
{"level":30,"time":"2026-07-29T10:59:24.119Z","application":"booking-benchmark","reqId":"476019e6-c33b-491d-8ceb-0158c31ec584","service":"booking","bookingId":"BK-000040","customerId":"CUS-165927","hotelId":"HTL-003","event":"booking_workflow_started","nights":6,"msg":"Booking workflow started"}
{"level":30,"time":"2026-07-29T10:59:24.119Z","application":"booking-benchmark","reqId":"476019e6-c33b-491d-8ceb-0158c31ec584","service":"booking","bookingId":"BK-000040","customerId":"CUS-165927","hotelId":"HTL-003","component":"hotel","event":"availability_check_started","hotelId":"HTL-003","msg":"Checking hotel availability"}
{"level":30,"time":"2026-07-29T10:59:24.119Z","application":"booking-benchmark","reqId":"476019e6-c33b-491d-8ceb-0158c31ec584","service":"booking","bookingId":"BK-000040","customerId":"CUS-165927","hotelId":"HTL-003","component":"hotel","event":"availability_confirmed","hotelId":"HTL-003","availableRooms":12,"msg":"Hotel availability confirmed"}
{"level":30,"time":"2026-07-29T10:59:24.119Z","application":"booking-benchmark","reqId":"476019e6-c33b-491d-8ceb-0158c31ec584","service":"booking","bookingId":"BK-000040","customerId":"CUS-165927","hotelId":"HTL-003","event":"hotel_validated","msg":"Hotel availability validated"}
{"level":30,"time":"2026-07-29T10:59:24.119Z","application":"booking-benchmark","reqId":"476019e6-c33b-491d-8ceb-0158c31ec584","service":"booking","bookingId":"BK-000040","customerId":"CUS-165927","hotelId":"HTL-003","component":"payment","event":"payment_started","msg":"Authorizing payment"}
{"level":30,"time":"2026-07-29T10:59:24.119Z","application":"booking-benchmark","reqId":"476019e6-c33b-491d-8ceb-0158c31ec584","service":"booking","bookingId":"BK-000040","customerId":"CUS-165927","hotelId":"HTL-003","component":"payment","event":"payment_authorized","msg":"Payment authorized"}
{"level":30,"time":"2026-07-29T10:59:24.119Z","application":"booking-benchmark","reqId":"476019e6-c33b-491d-8ceb-0158c31ec584","service":"booking","bookingId":"BK-000040","customerId":"CUS-165927","hotelId":"HTL-003","event":"payment_completed","msg":"Payment completed"}
{"level":30,"time":"2026-07-29T10:59:24.119Z","application":"booking-benchmark","reqId":"476019e6-c33b-491d-8ceb-0158c31ec584","service":"booking","bookingId":"BK-000040","customerId":"CUS-165927","hotelId":"HTL-003","event":"booking_created","msg":"Booking created"}
{"level":30,"time":"2026-07-29T10:59:24.119Z","application":"booking-benchmark","reqId":"476019e6-c33b-491d-8ceb-0158c31ec584","service":"booking","bookingId":"BK-000040","customerId":"CUS-165927","hotelId":"HTL-003","component":"notification","event":"confirmation_sent","msg":"Booking confirmation sent"}
{"level":30,"time":"2026-07-29T10:59:24.119Z","application":"booking-benchmark","reqId":"476019e6-c33b-491d-8ceb-0158c31ec584","service":"booking","bookingId":"BK-000040","customerId":"CUS-165927","hotelId":"HTL-003","event":"booking_workflow_completed","msg":"Booking workflow completed"}
{"level":30,"time":"2026-07-29T10:59:24.120Z","application":"booking-benchmark","reqId":"476019e6-c33b-491d-8ceb-0158c31ec584","event":"http_request_completed","method":"POST","url":"/bookings","statusCode":201,"durationMs":2,"msg":"Request completed"}
{"level":30,"time":"2026-07-29T10:59:24.314Z","application":"booking-benchmark","reqId":"957d1b10-7f61-4b85-967e-eeb2078d52c9","event":"http_request_started","method":"POST","url":"/bookings","msg":"Incoming request"}
{"level":30,"time":"2026-07-29T10:59:24.315Z","application":"booking-benchmark","reqId":"957d1b10-7f61-4b85-967e-eeb2078d52c9","service":"booking","bookingId":"BK-000041","customerId":"CUS-945981","hotelId":"HTL-005","event":"booking_workflow_started","nights":7,"msg":"Booking workflow started"}
{"level":30,"time":"2026-07-29T10:59:24.315Z","application":"booking-benchmark","reqId":"957d1b10-7f61-4b85-967e-eeb2078d52c9","service":"booking","bookingId":"BK-000041","customerId":"CUS-945981","hotelId":"HTL-005","component":"hotel","event":"availability_check_started","hotelId":"HTL-005","msg":"Checking hotel availability"}
{"level":30,"time":"2026-07-29T10:59:24.315Z","application":"booking-benchmark","reqId":"957d1b10-7f61-4b85-967e-eeb2078d52c9","service":"booking","bookingId":"BK-000041","customerId":"CUS-945981","hotelId":"HTL-005","component":"hotel","event":"availability_confirmed","hotelId":"HTL-005","availableRooms":10,"msg":"Hotel availability confirmed"}
{"level":30,"time":"2026-07-29T10:59:24.315Z","application":"booking-benchmark","reqId":"957d1b10-7f61-4b85-967e-eeb2078d52c9","service":"booking","bookingId":"BK-000041","customerId":"CUS-945981","hotelId":"HTL-005","event":"hotel_validated","msg":"Hotel availability validated"}
{"level":30,"time":"2026-07-29T10:59:24.315Z","application":"booking-benchmark","reqId":"957d1b10-7f61-4b85-967e-eeb2078d52c9","service":"booking","bookingId":"BK-000041","customerId":"CUS-945981","hotelId":"HTL-005","component":"payment","event":"payment_started","msg":"Authorizing payment"}
{"level":30,"time":"2026-07-29T10:59:24.315Z","application":"booking-benchmark","reqId":"957d1b10-7f61-4b85-967e-eeb2078d52c9","service":"booking","bookingId":"BK-000041","customerId":"CUS-945981","hotelId":"HTL-005","component":"payment","event":"payment_authorized","msg":"Payment authorized"}
{"level":30,"time":"2026-07-29T10:59:24.315Z","application":"booking-benchmark","reqId":"957d1b10-7f61-4b85-967e-eeb2078d52c9","service":"booking","bookingId":"BK-000041","customerId":"CUS-945981","hotelId":"HTL-005","event":"payment_completed","msg":"Payment completed"}
{"level":30,"time":"2026-07-29T10:59:24.315Z","application":"booking-benchmark","reqId":"957d1b10-7f61-4b85-967e-eeb2078d52c9","service":"booking","bookingId":"BK-000041","customerId":"CUS-945981","hotelId":"HTL-005","event":"booking_created","msg":"Booking created"}
{"level":30,"time":"2026-07-29T10:59:24.315Z","application":"booking-benchmark","reqId":"957d1b10-7f61-4b85-967e-eeb2078d52c9","service":"booking","bookingId":"BK-000041","customerId":"CUS-945981","hotelId":"HTL-005","component":"notification","event":"confirmation_sent","msg":"Booking confirmation sent"}
{"level":30,"time":"2026-07-29T10:59:24.315Z","application":"booking-benchmark","reqId":"957d1b10-7f61-4b85-967e-eeb2078d52c9","service":"booking","bookingId":"BK-000041","customerId":"CUS-945981","hotelId":"HTL-005","event":"booking_workflow_completed","msg":"Booking workflow completed"}
{"level":30,"time":"2026-07-29T10:59:24.315Z","application":"booking-benchmark","reqId":"957d1b10-7f61-4b85-967e-eeb2078d52c9","event":"http_request_completed","method":"POST","url":"/bookings","statusCode":201,"durationMs":1,"msg":"Request completed"}
{"level":30,"time":"2026-07-29T10:59:24.405Z","application":"booking-benchmark","reqId":"01f2f75a-3493-4ced-a003-774b8ffa3679","event":"http_request_started","method":"POST","url":"/bookings","msg":"Incoming request"}
{"level":30,"time":"2026-07-29T10:59:24.405Z","application":"booking-benchmark","reqId":"01f2f75a-3493-4ced-a003-774b8ffa3679","service":"booking","bookingId":"BK-000042","customerId":"CUS-643642","hotelId":"HTL-001","event":"booking_workflow_started","nights":7,"msg":"Booking workflow started"}
{"level":30,"time":"2026-07-29T10:59:24.405Z","application":"booking-benchmark","reqId":"01f2f75a-3493-4ced-a003-774b8ffa3679","service":"booking","bookingId":"BK-000042","customerId":"CUS-643642","hotelId":"HTL-001","component":"hotel","event":"availability_check_started","hotelId":"HTL-001","msg":"Checking hotel availability"}
{"level":30,"time":"2026-07-29T10:59:24.405Z","application":"booking-benchmark","reqId":"01f2f75a-3493-4ced-a003-774b8ffa3679","service":"booking","bookingId":"BK-000042","customerId":"CUS-643642","hotelId":"HTL-001","component":"hotel","event":"availability_confirmed","hotelId":"HTL-001","availableRooms":15,"msg":"Hotel availability confirmed"}
{"level":30,"time":"2026-07-29T10:59:24.405Z","application":"booking-benchmark","reqId":"01f2f75a-3493-4ced-a003-774b8ffa3679","service":"booking","bookingId":"BK-000042","customerId":"CUS-643642","hotelId":"HTL-001","event":"hotel_validated","msg":"Hotel availability validated"}
{"level":30,"time":"2026-07-29T10:59:24.405Z","application":"booking-benchmark","reqId":"01f2f75a-3493-4ced-a003-774b8ffa3679","service":"booking","bookingId":"BK-000042","customerId":"CUS-643642","hotelId":"HTL-001","component":"payment","event":"payment_started","msg":"Authorizing payment"}
{"level":30,"time":"2026-07-29T10:59:24.405Z","application":"booking-benchmark","reqId":"01f2f75a-3493-4ced-a003-774b8ffa3679","service":"booking","bookingId":"BK-000042","customerId":"CUS-643642","hotelId":"HTL-001","component":"payment","event":"payment_authorized","msg":"Payment authorized"}
{"level":30,"time":"2026-07-29T10:59:24.405Z","application":"booking-benchmark","reqId":"01f2f75a-3493-4ced-a003-774b8ffa3679","service":"booking","bookingId":"BK-000042","customerId":"CUS-643642","hotelId":"HTL-001","event":"payment_completed","msg":"Payment completed"}
{"level":30,"time":"2026-07-29T10:59:24.405Z","application":"booking-benchmark","reqId":"01f2f75a-3493-4ced-a003-774b8ffa3679","service":"booking","bookingId":"BK-000042","customerId":"CUS-643642","hotelId":"HTL-001","event":"booking_created","msg":"Booking created"}
{"level":30,"time":"2026-07-29T10:59:24.405Z","application":"booking-benchmark","reqId":"01f2f75a-3493-4ced-a003-774b8ffa3679","service":"booking","bookingId":"BK-000042","customerId":"CUS-643642","hotelId":"HTL-001","component":"notification","event":"confirmation_sent","msg":"Booking confirmation sent"}
{"level":30,"time":"2026-07-29T10:59:24.405Z","application":"booking-benchmark","reqId":"01f2f75a-3493-4ced-a003-774b8ffa3679","service":"booking","bookingId":"BK-000042","customerId":"CUS-643642","hotelId":"HTL-001","event":"booking_workflow_completed","msg":"Booking workflow completed"}
{"level":30,"time":"2026-07-29T10:59:24.406Z","application":"booking-benchmark","reqId":"01f2f75a-3493-4ced-a003-774b8ffa3679","event":"http_request_completed","method":"POST","url":"/bookings","statusCode":201,"durationMs":1,"msg":"Request completed"}
{"level":30,"time":"2026-07-29T10:59:24.558Z","application":"booking-benchmark","reqId":"343ca615-ff8b-4d1b-ba21-f33cc7bba7f5","event":"http_request_started","method":"POST","url":"/bookings","msg":"Incoming request"}
{"level":30,"time":"2026-07-29T10:59:24.558Z","application":"booking-benchmark","reqId":"343ca615-ff8b-4d1b-ba21-f33cc7bba7f5","service":"booking","bookingId":"BK-000043","customerId":"CUS-348559","hotelId":"HTL-003","event":"booking_workflow_started","nights":1,"msg":"Booking workflow started"}
{"level":30,"time":"2026-07-29T10:59:24.558Z","application":"booking-benchmark","reqId":"343ca615-ff8b-4d1b-ba21-f33cc7bba7f5","service":"booking","bookingId":"BK-000043","customerId":"CUS-348559","hotelId":"HTL-003","component":"hotel","event":"availability_check_started","hotelId":"HTL-003","msg":"Checking hotel availability"}
{"level":30,"time":"2026-07-29T10:59:24.558Z","application":"booking-benchmark","reqId":"343ca615-ff8b-4d1b-ba21-f33cc7bba7f5","service":"booking","bookingId":"BK-000043","customerId":"CUS-348559","hotelId":"HTL-003","component":"hotel","event":"availability_confirmed","hotelId":"HTL-003","availableRooms":12,"msg":"Hotel availability confirmed"}
{"level":30,"time":"2026-07-29T10:59:24.558Z","application":"booking-benchmark","reqId":"343ca615-ff8b-4d1b-ba21-f33cc7bba7f5","service":"booking","bookingId":"BK-000043","customerId":"CUS-348559","hotelId":"HTL-003","event":"hotel_validated","msg":"Hotel availability validated"}
{"level":30,"time":"2026-07-29T10:59:24.558Z","application":"booking-benchmark","reqId":"343ca615-ff8b-4d1b-ba21-f33cc7bba7f5","service":"booking","bookingId":"BK-000043","customerId":"CUS-348559","hotelId":"HTL-003","component":"payment","event":"payment_started","msg":"Authorizing payment"}
{"level":30,"time":"2026-07-29T10:59:24.558Z","application":"booking-benchmark","reqId":"343ca615-ff8b-4d1b-ba21-f33cc7bba7f5","service":"booking","bookingId":"BK-000043","customerId":"CUS-348559","hotelId":"HTL-003","component":"payment","event":"payment_authorized","msg":"Payment authorized"}
{"level":30,"time":"2026-07-29T10:59:24.558Z","application":"booking-benchmark","reqId":"343ca615-ff8b-4d1b-ba21-f33cc7bba7f5","service":"booking","bookingId":"BK-000043","customerId":"CUS-348559","hotelId":"HTL-003","event":"payment_completed","msg":"Payment completed"}
{"level":30,"time":"2026-07-29T10:59:24.558Z","application":"booking-benchmark","reqId":"343ca615-ff8b-4d1b-ba21-f33cc7bba7f5","service":"booking","bookingId":"BK-000043","customerId":"CUS-348559","hotelId":"HTL-003","event":"booking_created","msg":"Booking created"}
{"level":30,"time":"2026-07-29T10:59:24.558Z","application":"booking-benchmark","reqId":"343ca615-ff8b-4d1b-ba21-f33cc7bba7f5","service":"booking","bookingId":"BK-000043","customerId":"CUS-348559","hotelId":"HTL-003","component":"notification","event":"confirmation_sent","msg":"Booking confirmation sent"}
{"level":30,"time":"2026-07-29T10:59:24.558Z","application":"booking-benchmark","reqId":"343ca615-ff8b-4d1b-ba21-f33cc7bba7f5","service":"booking","bookingId":"BK-000043","customerId":"CUS-348559","hotelId":"HTL-003","event":"booking_workflow_completed","msg":"Booking workflow completed"}
{"level":30,"time":"2026-07-29T10:59:24.559Z","application":"booking-benchmark","reqId":"343ca615-ff8b-4d1b-ba21-f33cc7bba7f5","event":"http_request_completed","method":"POST","url":"/bookings","statusCode":201,"durationMs":1,"msg":"Request completed"}
{"level":30,"time":"2026-07-29T10:59:24.619Z","application":"booking-benchmark","reqId":"bfc0bb94-4668-4448-bbb4-f807db108f40","event":"http_request_started","method":"POST","url":"/bookings","msg":"Incoming request"}
{"level":30,"time":"2026-07-29T10:59:24.619Z","application":"booking-benchmark","reqId":"bfc0bb94-4668-4448-bbb4-f807db108f40","service":"booking","bookingId":"BK-000044","customerId":"CUS-699474","hotelId":"HTL-005","event":"booking_workflow_started","nights":1,"msg":"Booking workflow started"}
{"level":30,"time":"2026-07-29T10:59:24.620Z","application":"booking-benchmark","reqId":"bfc0bb94-4668-4448-bbb4-f807db108f40","service":"booking","bookingId":"BK-000044","customerId":"CUS-699474","hotelId":"HTL-005","component":"hotel","event":"availability_check_started","hotelId":"HTL-005","msg":"Checking hotel availability"}
{"level":30,"time":"2026-07-29T10:59:24.620Z","application":"booking-benchmark","reqId":"bfc0bb94-4668-4448-bbb4-f807db108f40","service":"booking","bookingId":"BK-000044","customerId":"CUS-699474","hotelId":"HTL-005","component":"hotel","event":"availability_confirmed","hotelId":"HTL-005","availableRooms":10,"msg":"Hotel availability confirmed"}
{"level":30,"time":"2026-07-29T10:59:24.620Z","application":"booking-benchmark","reqId":"bfc0bb94-4668-4448-bbb4-f807db108f40","service":"booking","bookingId":"BK-000044","customerId":"CUS-699474","hotelId":"HTL-005","event":"hotel_validated","msg":"Hotel availability validated"}
{"level":30,"time":"2026-07-29T10:59:24.620Z","application":"booking-benchmark","reqId":"bfc0bb94-4668-4448-bbb4-f807db108f40","service":"booking","bookingId":"BK-000044","customerId":"CUS-699474","hotelId":"HTL-005","component":"payment","event":"payment_started","msg":"Authorizing payment"}
{"level":30,"time":"2026-07-29T10:59:24.620Z","application":"booking-benchmark","reqId":"bfc0bb94-4668-4448-bbb4-f807db108f40","service":"booking","bookingId":"BK-000044","customerId":"CUS-699474","hotelId":"HTL-005","component":"payment","event":"payment_authorized","msg":"Payment authorized"}
{"level":30,"time":"2026-07-29T10:59:24.620Z","application":"booking-benchmark","reqId":"bfc0bb94-4668-4448-bbb4-f807db108f40","service":"booking","bookingId":"BK-000044","customerId":"CUS-699474","hotelId":"HTL-005","event":"payment_completed","msg":"Payment completed"}
{"level":30,"time":"2026-07-29T10:59:24.620Z","application":"booking-benchmark","reqId":"bfc0bb94-4668-4448-bbb4-f807db108f40","service":"booking","bookingId":"BK-000044","customerId":"CUS-699474","hotelId":"HTL-005","event":"booking_created","msg":"Booking created"}
{"level":30,"time":"2026-07-29T10:59:24.620Z","application":"booking-benchmark","reqId":"bfc0bb94-4668-4448-bbb4-f807db108f40","service":"booking","bookingId":"BK-000044","customerId":"CUS-699474","hotelId":"HTL-005","component":"notification","event":"confirmation_sent","msg":"Booking confirmation sent"}
{"level":30,"time":"2026-07-29T10:59:24.620Z","application":"booking-benchmark","reqId":"bfc0bb94-4668-4448-bbb4-f807db108f40","service":"booking","bookingId":"BK-000044","customerId":"CUS-699474","hotelId":"HTL-005","event":"booking_workflow_completed","msg":"Booking workflow completed"}
{"level":30,"time":"2026-07-29T10:59:24.620Z","application":"booking-benchmark","reqId":"bfc0bb94-4668-4448-bbb4-f807db108f40","event":"http_request_completed","method":"POST","url":"/bookings","statusCode":201,"durationMs":1,"msg":"Request completed"}
{"level":30,"time":"2026-07-29T10:59:24.734Z","application":"booking-benchmark","reqId":"4987c64d-ff7a-432b-ae42-a972e5be05c9","event":"http_request_started","method":"POST","url":"/bookings","msg":"Incoming request"}
{"level":30,"time":"2026-07-29T10:59:24.734Z","application":"booking-benchmark","reqId":"4987c64d-ff7a-432b-ae42-a972e5be05c9","service":"booking","bookingId":"BK-000045","customerId":"CUS-689486","hotelId":"HTL-005","event":"booking_workflow_started","nights":6,"msg":"Booking workflow started"}
{"level":30,"time":"2026-07-29T10:59:24.734Z","application":"booking-benchmark","reqId":"4987c64d-ff7a-432b-ae42-a972e5be05c9","service":"booking","bookingId":"BK-000045","customerId":"CUS-689486","hotelId":"HTL-005","component":"hotel","event":"availability_check_started","hotelId":"HTL-005","msg":"Checking hotel availability"}
{"level":30,"time":"2026-07-29T10:59:24.734Z","application":"booking-benchmark","reqId":"4987c64d-ff7a-432b-ae42-a972e5be05c9","service":"booking","bookingId":"BK-000045","customerId":"CUS-689486","hotelId":"HTL-005","component":"hotel","event":"availability_confirmed","hotelId":"HTL-005","availableRooms":10,"msg":"Hotel availability confirmed"}
{"level":30,"time":"2026-07-29T10:59:24.734Z","application":"booking-benchmark","reqId":"4987c64d-ff7a-432b-ae42-a972e5be05c9","service":"booking","bookingId":"BK-000045","customerId":"CUS-689486","hotelId":"HTL-005","event":"hotel_validated","msg":"Hotel availability validated"}
{"level":30,"time":"2026-07-29T10:59:24.734Z","application":"booking-benchmark","reqId":"4987c64d-ff7a-432b-ae42-a972e5be05c9","service":"booking","bookingId":"BK-000045","customerId":"CUS-689486","hotelId":"HTL-005","component":"payment","event":"payment_started","msg":"Authorizing payment"}
{"level":30,"time":"2026-07-29T10:59:24.734Z","application":"booking-benchmark","reqId":"4987c64d-ff7a-432b-ae42-a972e5be05c9","service":"booking","bookingId":"BK-000045","customerId":"CUS-689486","hotelId":"HTL-005","component":"payment","event":"payment_authorized","msg":"Payment authorized"}
{"level":30,"time":"2026-07-29T10:59:24.734Z","application":"booking-benchmark","reqId":"4987c64d-ff7a-432b-ae42-a972e5be05c9","service":"booking","bookingId":"BK-000045","customerId":"CUS-689486","hotelId":"HTL-005","event":"payment_completed","msg":"Payment completed"}
{"level":30,"time":"2026-07-29T10:59:24.734Z","application":"booking-benchmark","reqId":"4987c64d-ff7a-432b-ae42-a972e5be05c9","service":"booking","bookingId":"BK-000045","customerId":"CUS-689486","hotelId":"HTL-005","event":"booking_created","msg":"Booking created"}
{"level":30,"time":"2026-07-29T10:59:24.734Z","application":"booking-benchmark","reqId":"4987c64d-ff7a-432b-ae42-a972e5be05c9","service":"booking","bookingId":"BK-000045","customerId":"CUS-689486","hotelId":"HTL-005","component":"notification","event":"confirmation_sent","msg":"Booking confirmation sent"}
{"level":30,"time":"2026-07-29T10:59:24.734Z","application":"booking-benchmark","reqId":"4987c64d-ff7a-432b-ae42-a972e5be05c9","service":"booking","bookingId":"BK-000045","customerId":"CUS-689486","hotelId":"HTL-005","event":"booking_workflow_completed","msg":"Booking workflow completed"}
{"level":30,"time":"2026-07-29T10:59:24.735Z","application":"booking-benchmark","reqId":"4987c64d-ff7a-432b-ae42-a972e5be05c9","event":"http_request_completed","method":"POST","url":"/bookings","statusCode":201,"durationMs":1,"msg":"Request completed"}
{"level":30,"time":"2026-07-29T10:59:24.933Z","application":"booking-benchmark","reqId":"c784ce83-54de-4dc1-a136-ab8b8a8ca334","event":"http_request_started","method":"POST","url":"/bookings","msg":"Incoming request"}
{"level":30,"time":"2026-07-29T10:59:24.933Z","application":"booking-benchmark","reqId":"c784ce83-54de-4dc1-a136-ab8b8a8ca334","service":"booking","bookingId":"BK-000046","customerId":"CUS-123986","hotelId":"HTL-001","event":"booking_workflow_started","nights":7,"msg":"Booking workflow started"}
{"level":30,"time":"2026-07-29T10:59:24.933Z","application":"booking-benchmark","reqId":"c784ce83-54de-4dc1-a136-ab8b8a8ca334","service":"booking","bookingId":"BK-000046","customerId":"CUS-123986","hotelId":"HTL-001","component":"hotel","event":"availability_check_started","hotelId":"HTL-001","msg":"Checking hotel availability"}
{"level":30,"time":"2026-07-29T10:59:24.933Z","application":"booking-benchmark","reqId":"c784ce83-54de-4dc1-a136-ab8b8a8ca334","service":"booking","bookingId":"BK-000046","customerId":"CUS-123986","hotelId":"HTL-001","component":"hotel","event":"availability_confirmed","hotelId":"HTL-001","availableRooms":15,"msg":"Hotel availability confirmed"}
{"level":30,"time":"2026-07-29T10:59:24.933Z","application":"booking-benchmark","reqId":"c784ce83-54de-4dc1-a136-ab8b8a8ca334","service":"booking","bookingId":"BK-000046","customerId":"CUS-123986","hotelId":"HTL-001","event":"hotel_validated","msg":"Hotel availability validated"}
{"level":30,"time":"2026-07-29T10:59:24.934Z","application":"booking-benchmark","reqId":"c784ce83-54de-4dc1-a136-ab8b8a8ca334","service":"booking","bookingId":"BK-000046","customerId":"CUS-123986","hotelId":"HTL-001","component":"payment","event":"payment_started","msg":"Authorizing payment"}
{"level":30,"time":"2026-07-29T10:59:24.934Z","application":"booking-benchmark","reqId":"c784ce83-54de-4dc1-a136-ab8b8a8ca334","service":"booking","bookingId":"BK-000046","customerId":"CUS-123986","hotelId":"HTL-001","component":"payment","event":"payment_authorized","msg":"Payment authorized"}
{"level":30,"time":"2026-07-29T10:59:24.934Z","application":"booking-benchmark","reqId":"c784ce83-54de-4dc1-a136-ab8b8a8ca334","service":"booking","bookingId":"BK-000046","customerId":"CUS-123986","hotelId":"HTL-001","event":"payment_completed","msg":"Payment completed"}
{"level":30,"time":"2026-07-29T10:59:24.934Z","application":"booking-benchmark","reqId":"c784ce83-54de-4dc1-a136-ab8b8a8ca334","service":"booking","bookingId":"BK-000046","customerId":"CUS-123986","hotelId":"HTL-001","event":"booking_created","msg":"Booking created"}
{"level":30,"time":"2026-07-29T10:59:24.934Z","application":"booking-benchmark","reqId":"c784ce83-54de-4dc1-a136-ab8b8a8ca334","service":"booking","bookingId":"BK-000046","customerId":"CUS-123986","hotelId":"HTL-001","component":"notification","event":"confirmation_sent","msg":"Booking confirmation sent"}
{"level":30,"time":"2026-07-29T10:59:24.934Z","application":"booking-benchmark","reqId":"c784ce83-54de-4dc1-a136-ab8b8a8ca334","service":"booking","bookingId":"BK-000046","customerId":"CUS-123986","hotelId":"HTL-001","event":"booking_workflow_completed","msg":"Booking workflow completed"}
{"level":30,"time":"2026-07-29T10:59:24.934Z","application":"booking-benchmark","reqId":"c784ce83-54de-4dc1-a136-ab8b8a8ca334","event":"http_request_completed","method":"POST","url":"/bookings","statusCode":201,"durationMs":1,"msg":"Request completed"}
{"level":30,"time":"2026-07-29T10:59:25.021Z","application":"booking-benchmark","reqId":"e14adc5c-508f-45f6-902a-39a2c90fc9d1","event":"http_request_started","method":"POST","url":"/bookings","msg":"Incoming request"}
{"level":30,"time":"2026-07-29T10:59:25.022Z","application":"booking-benchmark","reqId":"e14adc5c-508f-45f6-902a-39a2c90fc9d1","service":"booking","bookingId":"BK-000047","customerId":"CUS-832781","hotelId":"HTL-002","event":"booking_workflow_started","nights":1,"msg":"Booking workflow started"}
{"level":30,"time":"2026-07-29T10:59:25.022Z","application":"booking-benchmark","reqId":"e14adc5c-508f-45f6-902a-39a2c90fc9d1","service":"booking","bookingId":"BK-000047","customerId":"CUS-832781","hotelId":"HTL-002","component":"hotel","event":"availability_check_started","hotelId":"HTL-002","msg":"Checking hotel availability"}
{"level":30,"time":"2026-07-29T10:59:25.022Z","application":"booking-benchmark","reqId":"e14adc5c-508f-45f6-902a-39a2c90fc9d1","service":"booking","bookingId":"BK-000047","customerId":"CUS-832781","hotelId":"HTL-002","component":"hotel","event":"availability_confirmed","hotelId":"HTL-002","availableRooms":8,"msg":"Hotel availability confirmed"}
{"level":30,"time":"2026-07-29T10:59:25.022Z","application":"booking-benchmark","reqId":"e14adc5c-508f-45f6-902a-39a2c90fc9d1","service":"booking","bookingId":"BK-000047","customerId":"CUS-832781","hotelId":"HTL-002","event":"hotel_validated","msg":"Hotel availability validated"}
{"level":30,"time":"2026-07-29T10:59:25.022Z","application":"booking-benchmark","reqId":"e14adc5c-508f-45f6-902a-39a2c90fc9d1","service":"booking","bookingId":"BK-000047","customerId":"CUS-832781","hotelId":"HTL-002","component":"payment","event":"payment_started","msg":"Authorizing payment"}
{"level":30,"time":"2026-07-29T10:59:25.022Z","application":"booking-benchmark","reqId":"e14adc5c-508f-45f6-902a-39a2c90fc9d1","service":"booking","bookingId":"BK-000047","customerId":"CUS-832781","hotelId":"HTL-002","component":"payment","event":"payment_authorized","msg":"Payment authorized"}
{"level":30,"time":"2026-07-29T10:59:25.022Z","application":"booking-benchmark","reqId":"e14adc5c-508f-45f6-902a-39a2c90fc9d1","service":"booking","bookingId":"BK-000047","customerId":"CUS-832781","hotelId":"HTL-002","event":"payment_completed","msg":"Payment completed"}
{"level":30,"time":"2026-07-29T10:59:25.022Z","application":"booking-benchmark","reqId":"e14adc5c-508f-45f6-902a-39a2c90fc9d1","service":"booking","bookingId":"BK-000047","customerId":"CUS-832781","hotelId":"HTL-002","event":"booking_created","msg":"Booking created"}
{"level":30,"time":"2026-07-29T10:59:25.022Z","application":"booking-benchmark","reqId":"e14adc5c-508f-45f6-902a-39a2c90fc9d1","service":"booking","bookingId":"BK-000047","customerId":"CUS-832781","hotelId":"HTL-002","component":"notification","event":"confirmation_sent","msg":"Booking confirmation sent"}
{"level":30,"time":"2026-07-29T10:59:25.022Z","application":"booking-benchmark","reqId":"e14adc5c-508f-45f6-902a-39a2c90fc9d1","service":"booking","bookingId":"BK-000047","customerId":"CUS-832781","hotelId":"HTL-002","event":"booking_workflow_completed","msg":"Booking workflow completed"}
{"level":30,"time":"2026-07-29T10:59:25.022Z","application":"booking-benchmark","reqId":"e14adc5c-508f-45f6-902a-39a2c90fc9d1","event":"http_request_completed","method":"POST","url":"/bookings","statusCode":201,"durationMs":1,"msg":"Request completed"}
{"level":30,"time":"2026-07-29T10:59:25.122Z","application":"booking-benchmark","reqId":"3a8ea488-03a0-4d35-9be1-6993c03af6f9","event":"http_request_started","method":"POST","url":"/bookings","msg":"Incoming request"}
{"level":30,"time":"2026-07-29T10:59:25.123Z","application":"booking-benchmark","reqId":"3a8ea488-03a0-4d35-9be1-6993c03af6f9","service":"booking","bookingId":"BK-000048","customerId":"CUS-344461","hotelId":"HTL-004","event":"booking_workflow_started","nights":5,"msg":"Booking workflow started"}
{"level":30,"time":"2026-07-29T10:59:25.123Z","application":"booking-benchmark","reqId":"3a8ea488-03a0-4d35-9be1-6993c03af6f9","service":"booking","bookingId":"BK-000048","customerId":"CUS-344461","hotelId":"HTL-004","component":"hotel","event":"availability_check_started","hotelId":"HTL-004","msg":"Checking hotel availability"}
{"level":30,"time":"2026-07-29T10:59:25.123Z","application":"booking-benchmark","reqId":"3a8ea488-03a0-4d35-9be1-6993c03af6f9","service":"booking","bookingId":"BK-000048","customerId":"CUS-344461","hotelId":"HTL-004","component":"hotel","event":"availability_confirmed","hotelId":"HTL-004","availableRooms":20,"msg":"Hotel availability confirmed"}
{"level":30,"time":"2026-07-29T10:59:25.123Z","application":"booking-benchmark","reqId":"3a8ea488-03a0-4d35-9be1-6993c03af6f9","service":"booking","bookingId":"BK-000048","customerId":"CUS-344461","hotelId":"HTL-004","event":"hotel_validated","msg":"Hotel availability validated"}
{"level":30,"time":"2026-07-29T10:59:25.123Z","application":"booking-benchmark","reqId":"3a8ea488-03a0-4d35-9be1-6993c03af6f9","service":"booking","bookingId":"BK-000048","customerId":"CUS-344461","hotelId":"HTL-004","component":"payment","event":"payment_started","msg":"Authorizing payment"}
{"level":30,"time":"2026-07-29T10:59:25.123Z","application":"booking-benchmark","reqId":"3a8ea488-03a0-4d35-9be1-6993c03af6f9","service":"booking","bookingId":"BK-000048","customerId":"CUS-344461","hotelId":"HTL-004","component":"payment","event":"payment_authorized","msg":"Payment authorized"}
{"level":30,"time":"2026-07-29T10:59:25.123Z","application":"booking-benchmark","reqId":"3a8ea488-03a0-4d35-9be1-6993c03af6f9","service":"booking","bookingId":"BK-000048","customerId":"CUS-344461","hotelId":"HTL-004","event":"payment_completed","msg":"Payment completed"}
{"level":30,"time":"2026-07-29T10:59:25.123Z","application":"booking-benchmark","reqId":"3a8ea488-03a0-4d35-9be1-6993c03af6f9","service":"booking","bookingId":"BK-000048","customerId":"CUS-344461","hotelId":"HTL-004","event":"booking_created","msg":"Booking created"}
{"level":30,"time":"2026-07-29T10:59:25.123Z","application":"booking-benchmark","reqId":"3a8ea488-03a0-4d35-9be1-6993c03af6f9","service":"booking","bookingId":"BK-000048","customerId":"CUS-344461","hotelId":"HTL-004","component":"notification","event":"confirmation_sent","msg":"Booking confirmation sent"}
{"level":30,"time":"2026-07-29T10:59:25.123Z","application":"booking-benchmark","reqId":"3a8ea488-03a0-4d35-9be1-6993c03af6f9","service":"booking","bookingId":"BK-000048","customerId":"CUS-344461","hotelId":"HTL-004","event":"booking_workflow_completed","msg":"Booking workflow completed"}
{"level":30,"time":"2026-07-29T10:59:25.123Z","application":"booking-benchmark","reqId":"3a8ea488-03a0-4d35-9be1-6993c03af6f9","event":"http_request_completed","method":"POST","url":"/bookings","statusCode":201,"durationMs":1,"msg":"Request completed"}
{"level":30,"time":"2026-07-29T10:59:25.297Z","application":"booking-benchmark","reqId":"b7fd3610-f7a2-41bb-b6dd-75b580c955e8","event":"http_request_started","method":"POST","url":"/bookings","msg":"Incoming request"}
{"level":30,"time":"2026-07-29T10:59:25.297Z","application":"booking-benchmark","reqId":"b7fd3610-f7a2-41bb-b6dd-75b580c955e8","service":"booking","bookingId":"BK-000049","customerId":"CUS-884778","hotelId":"HTL-005","event":"booking_workflow_started","nights":6,"msg":"Booking workflow started"}
{"level":30,"time":"2026-07-29T10:59:25.298Z","application":"booking-benchmark","reqId":"b7fd3610-f7a2-41bb-b6dd-75b580c955e8","service":"booking","bookingId":"BK-000049","customerId":"CUS-884778","hotelId":"HTL-005","component":"hotel","event":"availability_check_started","hotelId":"HTL-005","msg":"Checking hotel availability"}
{"level":30,"time":"2026-07-29T10:59:25.298Z","application":"booking-benchmark","reqId":"b7fd3610-f7a2-41bb-b6dd-75b580c955e8","service":"booking","bookingId":"BK-000049","customerId":"CUS-884778","hotelId":"HTL-005","component":"hotel","event":"availability_confirmed","hotelId":"HTL-005","availableRooms":10,"msg":"Hotel availability confirmed"}
{"level":30,"time":"2026-07-29T10:59:25.298Z","application":"booking-benchmark","reqId":"b7fd3610-f7a2-41bb-b6dd-75b580c955e8","service":"booking","bookingId":"BK-000049","customerId":"CUS-884778","hotelId":"HTL-005","event":"hotel_validated","msg":"Hotel availability validated"}
{"level":30,"time":"2026-07-29T10:59:25.298Z","application":"booking-benchmark","reqId":"b7fd3610-f7a2-41bb-b6dd-75b580c955e8","service":"booking","bookingId":"BK-000049","customerId":"CUS-884778","hotelId":"HTL-005","component":"payment","event":"payment_started","msg":"Authorizing payment"}
{"level":30,"time":"2026-07-29T10:59:25.298Z","application":"booking-benchmark","reqId":"b7fd3610-f7a2-41bb-b6dd-75b580c955e8","service":"booking","bookingId":"BK-000049","customerId":"CUS-884778","hotelId":"HTL-005","component":"payment","event":"payment_authorized","msg":"Payment authorized"}
{"level":30,"time":"2026-07-29T10:59:25.298Z","application":"booking-benchmark","reqId":"b7fd3610-f7a2-41bb-b6dd-75b580c955e8","service":"booking","bookingId":"BK-000049","customerId":"CUS-884778","hotelId":"HTL-005","event":"payment_completed","msg":"Payment completed"}
{"level":30,"time":"2026-07-29T10:59:25.298Z","application":"booking-benchmark","reqId":"b7fd3610-f7a2-41bb-b6dd-75b580c955e8","service":"booking","bookingId":"BK-000049","customerId":"CUS-884778","hotelId":"HTL-005","event":"booking_created","msg":"Booking created"}
{"level":30,"time":"2026-07-29T10:59:25.298Z","application":"booking-benchmark","reqId":"b7fd3610-f7a2-41bb-b6dd-75b580c955e8","service":"booking","bookingId":"BK-000049","customerId":"CUS-884778","hotelId":"HTL-005","component":"notification","event":"confirmation_sent","msg":"Booking confirmation sent"}
{"level":30,"time":"2026-07-29T10:59:25.298Z","application":"booking-benchmark","reqId":"b7fd3610-f7a2-41bb-b6dd-75b580c955e8","service":"booking","bookingId":"BK-000049","customerId":"CUS-884778","hotelId":"HTL-005","event":"booking_workflow_completed","msg":"Booking workflow completed"}
{"level":30,"time":"2026-07-29T10:59:25.298Z","application":"booking-benchmark","reqId":"b7fd3610-f7a2-41bb-b6dd-75b580c955e8","event":"http_request_completed","method":"POST","url":"/bookings","statusCode":201,"durationMs":1,"msg":"Request completed"}
{"level":30,"time":"2026-07-29T10:59:25.489Z","application":"booking-benchmark","reqId":"76172c4f-5965-48cf-877d-7693580618f3","event":"http_request_started","method":"POST","url":"/bookings","msg":"Incoming request"}
{"level":30,"time":"2026-07-29T10:59:25.490Z","application":"booking-benchmark","reqId":"76172c4f-5965-48cf-877d-7693580618f3","service":"booking","bookingId":"BK-000050","customerId":"CUS-604014","hotelId":"HTL-001","event":"booking_workflow_started","nights":5,"msg":"Booking workflow started"}
{"level":30,"time":"2026-07-29T10:59:25.490Z","application":"booking-benchmark","reqId":"76172c4f-5965-48cf-877d-7693580618f3","service":"booking","bookingId":"BK-000050","customerId":"CUS-604014","hotelId":"HTL-001","component":"hotel","event":"availability_check_started","hotelId":"HTL-001","msg":"Checking hotel availability"}
{"level":30,"time":"2026-07-29T10:59:25.490Z","application":"booking-benchmark","reqId":"76172c4f-5965-48cf-877d-7693580618f3","service":"booking","bookingId":"BK-000050","customerId":"CUS-604014","hotelId":"HTL-001","component":"hotel","event":"availability_confirmed","hotelId":"HTL-001","availableRooms":15,"msg":"Hotel availability confirmed"}
{"level":30,"time":"2026-07-29T10:59:25.490Z","application":"booking-benchmark","reqId":"76172c4f-5965-48cf-877d-7693580618f3","service":"booking","bookingId":"BK-000050","customerId":"CUS-604014","hotelId":"HTL-001","event":"hotel_validated","msg":"Hotel availability validated"}
{"level":30,"time":"2026-07-29T10:59:25.490Z","application":"booking-benchmark","reqId":"76172c4f-5965-48cf-877d-7693580618f3","service":"booking","bookingId":"BK-000050","customerId":"CUS-604014","hotelId":"HTL-001","component":"payment","event":"payment_started","msg":"Authorizing payment"}
{"level":30,"time":"2026-07-29T10:59:25.490Z","application":"booking-benchmark","reqId":"76172c4f-5965-48cf-877d-7693580618f3","service":"booking","bookingId":"BK-000050","customerId":"CUS-604014","hotelId":"HTL-001","component":"payment","event":"payment_authorized","msg":"Payment authorized"}
{"level":30,"time":"2026-07-29T10:59:25.490Z","application":"booking-benchmark","reqId":"76172c4f-5965-48cf-877d-7693580618f3","service":"booking","bookingId":"BK-000050","customerId":"CUS-604014","hotelId":"HTL-001","event":"payment_completed","msg":"Payment completed"}
{"level":30,"time":"2026-07-29T10:59:25.490Z","application":"booking-benchmark","reqId":"76172c4f-5965-48cf-877d-7693580618f3","service":"booking","bookingId":"BK-000050","customerId":"CUS-604014","hotelId":"HTL-001","event":"booking_created","msg":"Booking created"}
{"level":30,"time":"2026-07-29T10:59:25.490Z","application":"booking-benchmark","reqId":"76172c4f-5965-48cf-877d-7693580618f3","service":"booking","bookingId":"BK-000050","customerId":"CUS-604014","hotelId":"HTL-001","component":"notification","event":"confirmation_sent","msg":"Booking confirmation sent"}
{"level":30,"time":"2026-07-29T10:59:25.490Z","application":"booking-benchmark","reqId":"76172c4f-5965-48cf-877d-7693580618f3","service":"booking","bookingId":"BK-000050","customerId":"CUS-604014","hotelId":"HTL-001","event":"booking_workflow_completed","msg":"Booking workflow completed"}
{"level":30,"time":"2026-07-29T10:59:25.491Z","application":"booking-benchmark","reqId":"76172c4f-5965-48cf-877d-7693580618f3","event":"http_request_completed","method":"POST","url":"/bookings","statusCode":201,"durationMs":2,"msg":"Request completed"}
{"level":30,"time":"2026-07-29T10:59:25.610Z","application":"booking-benchmark","reqId":"e7888c98-5b9b-4ea0-aa98-67f0464fabea","event":"http_request_started","method":"POST","url":"/scenario","msg":"Incoming request"}
{"level":40,"time":"2026-07-29T10:59:25.611Z","application":"booking-benchmark","reqId":"e7888c98-5b9b-4ea0-aa98-67f0464fabea","event":"scenario_changed","previousScenario":"normal","currentScenario":"payment_provider_down","msg":"Scenario changed"}
{"level":30,"time":"2026-07-29T10:59:25.612Z","application":"booking-benchmark","reqId":"e7888c98-5b9b-4ea0-aa98-67f0464fabea","event":"http_request_completed","method":"POST","url":"/scenario","statusCode":200,"durationMs":2,"msg":"Request completed"}
{"level":30,"time":"2026-07-29T10:59:26.621Z","application":"booking-benchmark","reqId":"2d549904-a58d-4e83-af5b-6de7a8ca0e37","event":"http_request_started","method":"POST","url":"/bookings","msg":"Incoming request"}
{"level":30,"time":"2026-07-29T10:59:26.621Z","application":"booking-benchmark","reqId":"2d549904-a58d-4e83-af5b-6de7a8ca0e37","service":"booking","bookingId":"BK-000051","customerId":"CUS-651192","hotelId":"HTL-005","event":"booking_workflow_started","nights":7,"msg":"Booking workflow started"}
{"level":30,"time":"2026-07-29T10:59:26.621Z","application":"booking-benchmark","reqId":"2d549904-a58d-4e83-af5b-6de7a8ca0e37","service":"booking","bookingId":"BK-000051","customerId":"CUS-651192","hotelId":"HTL-005","component":"hotel","event":"availability_check_started","hotelId":"HTL-005","msg":"Checking hotel availability"}
{"level":30,"time":"2026-07-29T10:59:26.621Z","application":"booking-benchmark","reqId":"2d549904-a58d-4e83-af5b-6de7a8ca0e37","service":"booking","bookingId":"BK-000051","customerId":"CUS-651192","hotelId":"HTL-005","component":"hotel","event":"availability_confirmed","hotelId":"HTL-005","availableRooms":10,"msg":"Hotel availability confirmed"}
{"level":30,"time":"2026-07-29T10:59:26.621Z","application":"booking-benchmark","reqId":"2d549904-a58d-4e83-af5b-6de7a8ca0e37","service":"booking","bookingId":"BK-000051","customerId":"CUS-651192","hotelId":"HTL-005","event":"hotel_validated","msg":"Hotel availability validated"}
{"level":30,"time":"2026-07-29T10:59:26.622Z","application":"booking-benchmark","reqId":"2d549904-a58d-4e83-af5b-6de7a8ca0e37","service":"booking","bookingId":"BK-000051","customerId":"CUS-651192","hotelId":"HTL-005","component":"payment","event":"payment_started","msg":"Authorizing payment"}
{"level":50,"time":"2026-07-29T10:59:26.622Z","application":"booking-benchmark","reqId":"2d549904-a58d-4e83-af5b-6de7a8ca0e37","service":"booking","bookingId":"BK-000051","customerId":"CUS-651192","hotelId":"HTL-005","component":"payment","event":"payment_provider_down","msg":"Payment provider unavailable"}
{"level":50,"time":"2026-07-29T10:59:26.622Z","application":"booking-benchmark","reqId":"2d549904-a58d-4e83-af5b-6de7a8ca0e37","event":"booking_failed","error":"Payment provider unavailable","msg":"Booking request failed"}
{"level":50,"time":"2026-07-29T10:59:26.622Z","application":"booking-benchmark","reqId":"2d549904-a58d-4e83-af5b-6de7a8ca0e37","event":"booking_workflow_failed","msg":"Booking workflow failed"}
{"level":30,"time":"2026-07-29T10:59:26.622Z","application":"booking-benchmark","reqId":"2d549904-a58d-4e83-af5b-6de7a8ca0e37","event":"http_request_completed","method":"POST","url":"/bookings","statusCode":503,"durationMs":1,"msg":"Request completed"}
{"level":30,"time":"2026-07-29T10:59:26.807Z","application":"booking-benchmark","reqId":"82acccb5-d245-4280-a939-b6e9de66aa5a","event":"http_request_started","method":"POST","url":"/bookings","msg":"Incoming request"}
{"level":30,"time":"2026-07-29T10:59:26.807Z","application":"booking-benchmark","reqId":"82acccb5-d245-4280-a939-b6e9de66aa5a","service":"booking","bookingId":"BK-000052","customerId":"CUS-620077","hotelId":"HTL-002","event":"booking_workflow_started","nights":4,"msg":"Booking workflow started"}
{"level":30,"time":"2026-07-29T10:59:26.807Z","application":"booking-benchmark","reqId":"82acccb5-d245-4280-a939-b6e9de66aa5a","service":"booking","bookingId":"BK-000052","customerId":"CUS-620077","hotelId":"HTL-002","component":"hotel","event":"availability_check_started","hotelId":"HTL-002","msg":"Checking hotel availability"}
{"level":30,"time":"2026-07-29T10:59:26.807Z","application":"booking-benchmark","reqId":"82acccb5-d245-4280-a939-b6e9de66aa5a","service":"booking","bookingId":"BK-000052","customerId":"CUS-620077","hotelId":"HTL-002","component":"hotel","event":"availability_confirmed","hotelId":"HTL-002","availableRooms":8,"msg":"Hotel availability confirmed"}
{"level":30,"time":"2026-07-29T10:59:26.807Z","application":"booking-benchmark","reqId":"82acccb5-d245-4280-a939-b6e9de66aa5a","service":"booking","bookingId":"BK-000052","customerId":"CUS-620077","hotelId":"HTL-002","event":"hotel_validated","msg":"Hotel availability validated"}
{"level":30,"time":"2026-07-29T10:59:26.807Z","application":"booking-benchmark","reqId":"82acccb5-d245-4280-a939-b6e9de66aa5a","service":"booking","bookingId":"BK-000052","customerId":"CUS-620077","hotelId":"HTL-002","component":"payment","event":"payment_started","msg":"Authorizing payment"}
{"level":50,"time":"2026-07-29T10:59:26.807Z","application":"booking-benchmark","reqId":"82acccb5-d245-4280-a939-b6e9de66aa5a","service":"booking","bookingId":"BK-000052","customerId":"CUS-620077","hotelId":"HTL-002","component":"payment","event":"payment_provider_down","msg":"Payment provider unavailable"}
{"level":50,"time":"2026-07-29T10:59:26.807Z","application":"booking-benchmark","reqId":"82acccb5-d245-4280-a939-b6e9de66aa5a","event":"booking_failed","error":"Payment provider unavailable","msg":"Booking request failed"}
{"level":50,"time":"2026-07-29T10:59:26.807Z","application":"booking-benchmark","reqId":"82acccb5-d245-4280-a939-b6e9de66aa5a","event":"booking_workflow_failed","msg":"Booking workflow failed"}
{"level":30,"time":"2026-07-29T10:59:26.808Z","application":"booking-benchmark","reqId":"82acccb5-d245-4280-a939-b6e9de66aa5a","event":"http_request_completed","method":"POST","url":"/bookings","statusCode":503,"durationMs":1,"msg":"Request completed"}
{"level":30,"time":"2026-07-29T10:59:27.000Z","application":"booking-benchmark","reqId":"59570faf-41e9-41d0-9f4b-eb709eaa9879","event":"http_request_started","method":"POST","url":"/bookings","msg":"Incoming request"}
{"level":30,"time":"2026-07-29T10:59:27.001Z","application":"booking-benchmark","reqId":"59570faf-41e9-41d0-9f4b-eb709eaa9879","service":"booking","bookingId":"BK-000053","customerId":"CUS-889305","hotelId":"HTL-004","event":"booking_workflow_started","nights":1,"msg":"Booking workflow started"}
{"level":30,"time":"2026-07-29T10:59:27.001Z","application":"booking-benchmark","reqId":"59570faf-41e9-41d0-9f4b-eb709eaa9879","service":"booking","bookingId":"BK-000053","customerId":"CUS-889305","hotelId":"HTL-004","component":"hotel","event":"availability_check_started","hotelId":"HTL-004","msg":"Checking hotel availability"}
{"level":30,"time":"2026-07-29T10:59:27.001Z","application":"booking-benchmark","reqId":"59570faf-41e9-41d0-9f4b-eb709eaa9879","service":"booking","bookingId":"BK-000053","customerId":"CUS-889305","hotelId":"HTL-004","component":"hotel","event":"availability_confirmed","hotelId":"HTL-004","availableRooms":20,"msg":"Hotel availability confirmed"}
{"level":30,"time":"2026-07-29T10:59:27.001Z","application":"booking-benchmark","reqId":"59570faf-41e9-41d0-9f4b-eb709eaa9879","service":"booking","bookingId":"BK-000053","customerId":"CUS-889305","hotelId":"HTL-004","event":"hotel_validated","msg":"Hotel availability validated"}
{"level":30,"time":"2026-07-29T10:59:27.001Z","application":"booking-benchmark","reqId":"59570faf-41e9-41d0-9f4b-eb709eaa9879","service":"booking","bookingId":"BK-000053","customerId":"CUS-889305","hotelId":"HTL-004","component":"payment","event":"payment_started","msg":"Authorizing payment"}
{"level":50,"time":"2026-07-29T10:59:27.001Z","application":"booking-benchmark","reqId":"59570faf-41e9-41d0-9f4b-eb709eaa9879","service":"booking","bookingId":"BK-000053","customerId":"CUS-889305","hotelId":"HTL-004","component":"payment","event":"payment_provider_down","msg":"Payment provider unavailable"}
{"level":50,"time":"2026-07-29T10:59:27.001Z","application":"booking-benchmark","reqId":"59570faf-41e9-41d0-9f4b-eb709eaa9879","event":"booking_failed","error":"Payment provider unavailable","msg":"Booking request failed"}
{"level":50,"time":"2026-07-29T10:59:27.001Z","application":"booking-benchmark","reqId":"59570faf-41e9-41d0-9f4b-eb709eaa9879","event":"booking_workflow_failed","msg":"Booking workflow failed"}
{"level":30,"time":"2026-07-29T10:59:27.001Z","application":"booking-benchmark","reqId":"59570faf-41e9-41d0-9f4b-eb709eaa9879","event":"http_request_completed","method":"POST","url":"/bookings","statusCode":503,"durationMs":1,"msg":"Request completed"}
{"level":30,"time":"2026-07-29T10:59:27.181Z","application":"booking-benchmark","reqId":"5004df81-cfdc-48a4-80b5-9bc384c50fb2","event":"http_request_started","method":"POST","url":"/bookings","msg":"Incoming request"}
{"level":30,"time":"2026-07-29T10:59:27.181Z","application":"booking-benchmark","reqId":"5004df81-cfdc-48a4-80b5-9bc384c50fb2","service":"booking","bookingId":"BK-000054","customerId":"CUS-121142","hotelId":"HTL-003","event":"booking_workflow_started","nights":2,"msg":"Booking workflow started"}
{"level":30,"time":"2026-07-29T10:59:27.181Z","application":"booking-benchmark","reqId":"5004df81-cfdc-48a4-80b5-9bc384c50fb2","service":"booking","bookingId":"BK-000054","customerId":"CUS-121142","hotelId":"HTL-003","component":"hotel","event":"availability_check_started","hotelId":"HTL-003","msg":"Checking hotel availability"}
{"level":30,"time":"2026-07-29T10:59:27.181Z","application":"booking-benchmark","reqId":"5004df81-cfdc-48a4-80b5-9bc384c50fb2","service":"booking","bookingId":"BK-000054","customerId":"CUS-121142","hotelId":"HTL-003","component":"hotel","event":"availability_confirmed","hotelId":"HTL-003","availableRooms":12,"msg":"Hotel availability confirmed"}
{"level":30,"time":"2026-07-29T10:59:27.181Z","application":"booking-benchmark","reqId":"5004df81-cfdc-48a4-80b5-9bc384c50fb2","service":"booking","bookingId":"BK-000054","customerId":"CUS-121142","hotelId":"HTL-003","event":"hotel_validated","msg":"Hotel availability validated"}
{"level":30,"time":"2026-07-29T10:59:27.181Z","application":"booking-benchmark","reqId":"5004df81-cfdc-48a4-80b5-9bc384c50fb2","service":"booking","bookingId":"BK-000054","customerId":"CUS-121142","hotelId":"HTL-003","component":"payment","event":"payment_started","msg":"Authorizing payment"}
{"level":50,"time":"2026-07-29T10:59:27.181Z","application":"booking-benchmark","reqId":"5004df81-cfdc-48a4-80b5-9bc384c50fb2","service":"booking","bookingId":"BK-000054","customerId":"CUS-121142","hotelId":"HTL-003","component":"payment","event":"payment_provider_down","msg":"Payment provider unavailable"}
{"level":50,"time":"2026-07-29T10:59:27.181Z","application":"booking-benchmark","reqId":"5004df81-cfdc-48a4-80b5-9bc384c50fb2","event":"booking_failed","error":"Payment provider unavailable","msg":"Booking request failed"}
{"level":50,"time":"2026-07-29T10:59:27.181Z","application":"booking-benchmark","reqId":"5004df81-cfdc-48a4-80b5-9bc384c50fb2","event":"booking_workflow_failed","msg":"Booking workflow failed"}
{"level":30,"time":"2026-07-29T10:59:27.182Z","application":"booking-benchmark","reqId":"5004df81-cfdc-48a4-80b5-9bc384c50fb2","event":"http_request_completed","method":"POST","url":"/bookings","statusCode":503,"durationMs":1,"msg":"Request completed"}
{"level":30,"time":"2026-07-29T10:59:27.355Z","application":"booking-benchmark","reqId":"ce64ae53-8be2-4401-a058-89b063d8dab9","event":"http_request_started","method":"POST","url":"/bookings","msg":"Incoming request"}
{"level":30,"time":"2026-07-29T10:59:27.355Z","application":"booking-benchmark","reqId":"ce64ae53-8be2-4401-a058-89b063d8dab9","service":"booking","bookingId":"BK-000055","customerId":"CUS-835196","hotelId":"HTL-001","event":"booking_workflow_started","nights":5,"msg":"Booking workflow started"}
{"level":30,"time":"2026-07-29T10:59:27.355Z","application":"booking-benchmark","reqId":"ce64ae53-8be2-4401-a058-89b063d8dab9","service":"booking","bookingId":"BK-000055","customerId":"CUS-835196","hotelId":"HTL-001","component":"hotel","event":"availability_check_started","hotelId":"HTL-001","msg":"Checking hotel availability"}
{"level":30,"time":"2026-07-29T10:59:27.355Z","application":"booking-benchmark","reqId":"ce64ae53-8be2-4401-a058-89b063d8dab9","service":"booking","bookingId":"BK-000055","customerId":"CUS-835196","hotelId":"HTL-001","component":"hotel","event":"availability_confirmed","hotelId":"HTL-001","availableRooms":15,"msg":"Hotel availability confirmed"}
{"level":30,"time":"2026-07-29T10:59:27.355Z","application":"booking-benchmark","reqId":"ce64ae53-8be2-4401-a058-89b063d8dab9","service":"booking","bookingId":"BK-000055","customerId":"CUS-835196","hotelId":"HTL-001","event":"hotel_validated","msg":"Hotel availability validated"}
{"level":30,"time":"2026-07-29T10:59:27.355Z","application":"booking-benchmark","reqId":"ce64ae53-8be2-4401-a058-89b063d8dab9","service":"booking","bookingId":"BK-000055","customerId":"CUS-835196","hotelId":"HTL-001","component":"payment","event":"payment_started","msg":"Authorizing payment"}
{"level":50,"time":"2026-07-29T10:59:27.355Z","application":"booking-benchmark","reqId":"ce64ae53-8be2-4401-a058-89b063d8dab9","service":"booking","bookingId":"BK-000055","customerId":"CUS-835196","hotelId":"HTL-001","component":"payment","event":"payment_provider_down","msg":"Payment provider unavailable"}
{"level":50,"time":"2026-07-29T10:59:27.355Z","application":"booking-benchmark","reqId":"ce64ae53-8be2-4401-a058-89b063d8dab9","event":"booking_failed","error":"Payment provider unavailable","msg":"Booking request failed"}
{"level":50,"time":"2026-07-29T10:59:27.355Z","application":"booking-benchmark","reqId":"ce64ae53-8be2-4401-a058-89b063d8dab9","event":"booking_workflow_failed","msg":"Booking workflow failed"}
{"level":30,"time":"2026-07-29T10:59:27.355Z","application":"booking-benchmark","reqId":"ce64ae53-8be2-4401-a058-89b063d8dab9","event":"http_request_completed","method":"POST","url":"/bookings","statusCode":503,"durationMs":0,"msg":"Request completed"}
{"level":30,"time":"2026-07-29T10:59:27.460Z","application":"booking-benchmark","reqId":"58ed08c3-9c8d-4a1d-8d5f-71da33bede70","event":"http_request_started","method":"POST","url":"/bookings","msg":"Incoming request"}
{"level":30,"time":"2026-07-29T10:59:27.460Z","application":"booking-benchmark","reqId":"58ed08c3-9c8d-4a1d-8d5f-71da33bede70","service":"booking","bookingId":"BK-000056","customerId":"CUS-210539","hotelId":"HTL-001","event":"booking_workflow_started","nights":6,"msg":"Booking workflow started"}
{"level":30,"time":"2026-07-29T10:59:27.460Z","application":"booking-benchmark","reqId":"58ed08c3-9c8d-4a1d-8d5f-71da33bede70","service":"booking","bookingId":"BK-000056","customerId":"CUS-210539","hotelId":"HTL-001","component":"hotel","event":"availability_check_started","hotelId":"HTL-001","msg":"Checking hotel availability"}
{"level":30,"time":"2026-07-29T10:59:27.460Z","application":"booking-benchmark","reqId":"58ed08c3-9c8d-4a1d-8d5f-71da33bede70","service":"booking","bookingId":"BK-000056","customerId":"CUS-210539","hotelId":"HTL-001","component":"hotel","event":"availability_confirmed","hotelId":"HTL-001","availableRooms":15,"msg":"Hotel availability confirmed"}
{"level":30,"time":"2026-07-29T10:59:27.460Z","application":"booking-benchmark","reqId":"58ed08c3-9c8d-4a1d-8d5f-71da33bede70","service":"booking","bookingId":"BK-000056","customerId":"CUS-210539","hotelId":"HTL-001","event":"hotel_validated","msg":"Hotel availability validated"}
{"level":30,"time":"2026-07-29T10:59:27.460Z","application":"booking-benchmark","reqId":"58ed08c3-9c8d-4a1d-8d5f-71da33bede70","service":"booking","bookingId":"BK-000056","customerId":"CUS-210539","hotelId":"HTL-001","component":"payment","event":"payment_started","msg":"Authorizing payment"}
{"level":50,"time":"2026-07-29T10:59:27.460Z","application":"booking-benchmark","reqId":"58ed08c3-9c8d-4a1d-8d5f-71da33bede70","service":"booking","bookingId":"BK-000056","customerId":"CUS-210539","hotelId":"HTL-001","component":"payment","event":"payment_provider_down","msg":"Payment provider unavailable"}
{"level":50,"time":"2026-07-29T10:59:27.460Z","application":"booking-benchmark","reqId":"58ed08c3-9c8d-4a1d-8d5f-71da33bede70","event":"booking_failed","error":"Payment provider unavailable","msg":"Booking request failed"}
{"level":50,"time":"2026-07-29T10:59:27.460Z","application":"booking-benchmark","reqId":"58ed08c3-9c8d-4a1d-8d5f-71da33bede70","event":"booking_workflow_failed","msg":"Booking workflow failed"}
{"level":30,"time":"2026-07-29T10:59:27.460Z","application":"booking-benchmark","reqId":"58ed08c3-9c8d-4a1d-8d5f-71da33bede70","event":"http_request_completed","method":"POST","url":"/bookings","statusCode":503,"durationMs":0,"msg":"Request completed"}
{"level":30,"time":"2026-07-29T10:59:27.559Z","application":"booking-benchmark","reqId":"27e1887a-fb50-4718-b094-316300200122","event":"http_request_started","method":"POST","url":"/bookings","msg":"Incoming request"}
{"level":30,"time":"2026-07-29T10:59:27.559Z","application":"booking-benchmark","reqId":"27e1887a-fb50-4718-b094-316300200122","service":"booking","bookingId":"BK-000057","customerId":"CUS-605257","hotelId":"HTL-005","event":"booking_workflow_started","nights":1,"msg":"Booking workflow started"}
{"level":30,"time":"2026-07-29T10:59:27.559Z","application":"booking-benchmark","reqId":"27e1887a-fb50-4718-b094-316300200122","service":"booking","bookingId":"BK-000057","customerId":"CUS-605257","hotelId":"HTL-005","component":"hotel","event":"availability_check_started","hotelId":"HTL-005","msg":"Checking hotel availability"}
{"level":30,"time":"2026-07-29T10:59:27.559Z","application":"booking-benchmark","reqId":"27e1887a-fb50-4718-b094-316300200122","service":"booking","bookingId":"BK-000057","customerId":"CUS-605257","hotelId":"HTL-005","component":"hotel","event":"availability_confirmed","hotelId":"HTL-005","availableRooms":10,"msg":"Hotel availability confirmed"}
{"level":30,"time":"2026-07-29T10:59:27.559Z","application":"booking-benchmark","reqId":"27e1887a-fb50-4718-b094-316300200122","service":"booking","bookingId":"BK-000057","customerId":"CUS-605257","hotelId":"HTL-005","event":"hotel_validated","msg":"Hotel availability validated"}
{"level":30,"time":"2026-07-29T10:59:27.559Z","application":"booking-benchmark","reqId":"27e1887a-fb50-4718-b094-316300200122","service":"booking","bookingId":"BK-000057","customerId":"CUS-605257","hotelId":"HTL-005","component":"payment","event":"payment_started","msg":"Authorizing payment"}
{"level":50,"time":"2026-07-29T10:59:27.559Z","application":"booking-benchmark","reqId":"27e1887a-fb50-4718-b094-316300200122","service":"booking","bookingId":"BK-000057","customerId":"CUS-605257","hotelId":"HTL-005","component":"payment","event":"payment_provider_down","msg":"Payment provider unavailable"}
{"level":50,"time":"2026-07-29T10:59:27.560Z","application":"booking-benchmark","reqId":"27e1887a-fb50-4718-b094-316300200122","event":"booking_failed","error":"Payment provider unavailable","msg":"Booking request failed"}
{"level":50,"time":"2026-07-29T10:59:27.560Z","application":"booking-benchmark","reqId":"27e1887a-fb50-4718-b094-316300200122","event":"booking_workflow_failed","msg":"Booking workflow failed"}
{"level":30,"time":"2026-07-29T10:59:27.560Z","application":"booking-benchmark","reqId":"27e1887a-fb50-4718-b094-316300200122","event":"http_request_completed","method":"POST","url":"/bookings","statusCode":503,"durationMs":1,"msg":"Request completed"}
{"level":30,"time":"2026-07-29T10:59:27.653Z","application":"booking-benchmark","reqId":"c43ca3f1-93c4-45f6-a260-8e804a6775b8","event":"http_request_started","method":"POST","url":"/bookings","msg":"Incoming request"}
{"level":30,"time":"2026-07-29T10:59:27.654Z","application":"booking-benchmark","reqId":"c43ca3f1-93c4-45f6-a260-8e804a6775b8","service":"booking","bookingId":"BK-000058","customerId":"CUS-156707","hotelId":"HTL-004","event":"booking_workflow_started","nights":4,"msg":"Booking workflow started"}
{"level":30,"time":"2026-07-29T10:59:27.654Z","application":"booking-benchmark","reqId":"c43ca3f1-93c4-45f6-a260-8e804a6775b8","service":"booking","bookingId":"BK-000058","customerId":"CUS-156707","hotelId":"HTL-004","component":"hotel","event":"availability_check_started","hotelId":"HTL-004","msg":"Checking hotel availability"}
{"level":30,"time":"2026-07-29T10:59:27.654Z","application":"booking-benchmark","reqId":"c43ca3f1-93c4-45f6-a260-8e804a6775b8","service":"booking","bookingId":"BK-000058","customerId":"CUS-156707","hotelId":"HTL-004","component":"hotel","event":"availability_confirmed","hotelId":"HTL-004","availableRooms":20,"msg":"Hotel availability confirmed"}
{"level":30,"time":"2026-07-29T10:59:27.654Z","application":"booking-benchmark","reqId":"c43ca3f1-93c4-45f6-a260-8e804a6775b8","service":"booking","bookingId":"BK-000058","customerId":"CUS-156707","hotelId":"HTL-004","event":"hotel_validated","msg":"Hotel availability validated"}
{"level":30,"time":"2026-07-29T10:59:27.654Z","application":"booking-benchmark","reqId":"c43ca3f1-93c4-45f6-a260-8e804a6775b8","service":"booking","bookingId":"BK-000058","customerId":"CUS-156707","hotelId":"HTL-004","component":"payment","event":"payment_started","msg":"Authorizing payment"}
{"level":50,"time":"2026-07-29T10:59:27.654Z","application":"booking-benchmark","reqId":"c43ca3f1-93c4-45f6-a260-8e804a6775b8","service":"booking","bookingId":"BK-000058","customerId":"CUS-156707","hotelId":"HTL-004","component":"payment","event":"payment_provider_down","msg":"Payment provider unavailable"}
{"level":50,"time":"2026-07-29T10:59:27.654Z","application":"booking-benchmark","reqId":"c43ca3f1-93c4-45f6-a260-8e804a6775b8","event":"booking_failed","error":"Payment provider unavailable","msg":"Booking request failed"}
{"level":50,"time":"2026-07-29T10:59:27.654Z","application":"booking-benchmark","reqId":"c43ca3f1-93c4-45f6-a260-8e804a6775b8","event":"booking_workflow_failed","msg":"Booking workflow failed"}
{"level":30,"time":"2026-07-29T10:59:27.654Z","application":"booking-benchmark","reqId":"c43ca3f1-93c4-45f6-a260-8e804a6775b8","event":"http_request_completed","method":"POST","url":"/bookings","statusCode":503,"durationMs":1,"msg":"Request completed"}
{"level":30,"time":"2026-07-29T10:59:27.748Z","application":"booking-benchmark","reqId":"f19a153a-3811-416e-97f3-8bbc4c5a4d2a","event":"http_request_started","method":"POST","url":"/bookings","msg":"Incoming request"}
{"level":30,"time":"2026-07-29T10:59:27.748Z","application":"booking-benchmark","reqId":"f19a153a-3811-416e-97f3-8bbc4c5a4d2a","service":"booking","bookingId":"BK-000059","customerId":"CUS-242515","hotelId":"HTL-001","event":"booking_workflow_started","nights":6,"msg":"Booking workflow started"}
{"level":30,"time":"2026-07-29T10:59:27.749Z","application":"booking-benchmark","reqId":"f19a153a-3811-416e-97f3-8bbc4c5a4d2a","service":"booking","bookingId":"BK-000059","customerId":"CUS-242515","hotelId":"HTL-001","component":"hotel","event":"availability_check_started","hotelId":"HTL-001","msg":"Checking hotel availability"}
{"level":30,"time":"2026-07-29T10:59:27.749Z","application":"booking-benchmark","reqId":"f19a153a-3811-416e-97f3-8bbc4c5a4d2a","service":"booking","bookingId":"BK-000059","customerId":"CUS-242515","hotelId":"HTL-001","component":"hotel","event":"availability_confirmed","hotelId":"HTL-001","availableRooms":15,"msg":"Hotel availability confirmed"}
{"level":30,"time":"2026-07-29T10:59:27.749Z","application":"booking-benchmark","reqId":"f19a153a-3811-416e-97f3-8bbc4c5a4d2a","service":"booking","bookingId":"BK-000059","customerId":"CUS-242515","hotelId":"HTL-001","event":"hotel_validated","msg":"Hotel availability validated"}
{"level":30,"time":"2026-07-29T10:59:27.749Z","application":"booking-benchmark","reqId":"f19a153a-3811-416e-97f3-8bbc4c5a4d2a","service":"booking","bookingId":"BK-000059","customerId":"CUS-242515","hotelId":"HTL-001","component":"payment","event":"payment_started","msg":"Authorizing payment"}
{"level":50,"time":"2026-07-29T10:59:27.749Z","application":"booking-benchmark","reqId":"f19a153a-3811-416e-97f3-8bbc4c5a4d2a","service":"booking","bookingId":"BK-000059","customerId":"CUS-242515","hotelId":"HTL-001","component":"payment","event":"payment_provider_down","msg":"Payment provider unavailable"}
{"level":50,"time":"2026-07-29T10:59:27.749Z","application":"booking-benchmark","reqId":"f19a153a-3811-416e-97f3-8bbc4c5a4d2a","event":"booking_failed","error":"Payment provider unavailable","msg":"Booking request failed"}
{"level":50,"time":"2026-07-29T10:59:27.749Z","application":"booking-benchmark","reqId":"f19a153a-3811-416e-97f3-8bbc4c5a4d2a","event":"booking_workflow_failed","msg":"Booking workflow failed"}
{"level":30,"time":"2026-07-29T10:59:27.749Z","application":"booking-benchmark","reqId":"f19a153a-3811-416e-97f3-8bbc4c5a4d2a","event":"http_request_completed","method":"POST","url":"/bookings","statusCode":503,"durationMs":1,"msg":"Request completed"}
{"level":30,"time":"2026-07-29T10:59:27.897Z","application":"booking-benchmark","reqId":"ace48f2b-33d0-42ad-ba6f-01b75109a60c","event":"http_request_started","method":"POST","url":"/bookings","msg":"Incoming request"}
{"level":30,"time":"2026-07-29T10:59:27.898Z","application":"booking-benchmark","reqId":"ace48f2b-33d0-42ad-ba6f-01b75109a60c","service":"booking","bookingId":"BK-000060","customerId":"CUS-026071","hotelId":"HTL-003","event":"booking_workflow_started","nights":7,"msg":"Booking workflow started"}
{"level":30,"time":"2026-07-29T10:59:27.898Z","application":"booking-benchmark","reqId":"ace48f2b-33d0-42ad-ba6f-01b75109a60c","service":"booking","bookingId":"BK-000060","customerId":"CUS-026071","hotelId":"HTL-003","component":"hotel","event":"availability_check_started","hotelId":"HTL-003","msg":"Checking hotel availability"}
{"level":30,"time":"2026-07-29T10:59:27.898Z","application":"booking-benchmark","reqId":"ace48f2b-33d0-42ad-ba6f-01b75109a60c","service":"booking","bookingId":"BK-000060","customerId":"CUS-026071","hotelId":"HTL-003","component":"hotel","event":"availability_confirmed","hotelId":"HTL-003","availableRooms":12,"msg":"Hotel availability confirmed"}
{"level":30,"time":"2026-07-29T10:59:27.898Z","application":"booking-benchmark","reqId":"ace48f2b-33d0-42ad-ba6f-01b75109a60c","service":"booking","bookingId":"BK-000060","customerId":"CUS-026071","hotelId":"HTL-003","event":"hotel_validated","msg":"Hotel availability validated"}
{"level":30,"time":"2026-07-29T10:59:27.898Z","application":"booking-benchmark","reqId":"ace48f2b-33d0-42ad-ba6f-01b75109a60c","service":"booking","bookingId":"BK-000060","customerId":"CUS-026071","hotelId":"HTL-003","component":"payment","event":"payment_started","msg":"Authorizing payment"}
{"level":50,"time":"2026-07-29T10:59:27.898Z","application":"booking-benchmark","reqId":"ace48f2b-33d0-42ad-ba6f-01b75109a60c","service":"booking","bookingId":"BK-000060","customerId":"CUS-026071","hotelId":"HTL-003","component":"payment","event":"payment_provider_down","msg":"Payment provider unavailable"}
{"level":50,"time":"2026-07-29T10:59:27.898Z","application":"booking-benchmark","reqId":"ace48f2b-33d0-42ad-ba6f-01b75109a60c","event":"booking_failed","error":"Payment provider unavailable","msg":"Booking request failed"}
{"level":50,"time":"2026-07-29T10:59:27.898Z","application":"booking-benchmark","reqId":"ace48f2b-33d0-42ad-ba6f-01b75109a60c","event":"booking_workflow_failed","msg":"Booking workflow failed"}
{"level":30,"time":"2026-07-29T10:59:27.898Z","application":"booking-benchmark","reqId":"ace48f2b-33d0-42ad-ba6f-01b75109a60c","event":"http_request_completed","method":"POST","url":"/bookings","statusCode":503,"durationMs":1,"msg":"Request completed"}
{"level":30,"time":"2026-07-29T10:59:28.084Z","application":"booking-benchmark","reqId":"394d26aa-d83b-43af-9689-bd243e7817c5","event":"http_request_started","method":"POST","url":"/bookings","msg":"Incoming request"}
{"level":30,"time":"2026-07-29T10:59:28.084Z","application":"booking-benchmark","reqId":"394d26aa-d83b-43af-9689-bd243e7817c5","service":"booking","bookingId":"BK-000061","customerId":"CUS-020502","hotelId":"HTL-004","event":"booking_workflow_started","nights":3,"msg":"Booking workflow started"}
{"level":30,"time":"2026-07-29T10:59:28.085Z","application":"booking-benchmark","reqId":"394d26aa-d83b-43af-9689-bd243e7817c5","service":"booking","bookingId":"BK-000061","customerId":"CUS-020502","hotelId":"HTL-004","component":"hotel","event":"availability_check_started","hotelId":"HTL-004","msg":"Checking hotel availability"}
{"level":30,"time":"2026-07-29T10:59:28.085Z","application":"booking-benchmark","reqId":"394d26aa-d83b-43af-9689-bd243e7817c5","service":"booking","bookingId":"BK-000061","customerId":"CUS-020502","hotelId":"HTL-004","component":"hotel","event":"availability_confirmed","hotelId":"HTL-004","availableRooms":20,"msg":"Hotel availability confirmed"}
{"level":30,"time":"2026-07-29T10:59:28.085Z","application":"booking-benchmark","reqId":"394d26aa-d83b-43af-9689-bd243e7817c5","service":"booking","bookingId":"BK-000061","customerId":"CUS-020502","hotelId":"HTL-004","event":"hotel_validated","msg":"Hotel availability validated"}
{"level":30,"time":"2026-07-29T10:59:28.085Z","application":"booking-benchmark","reqId":"394d26aa-d83b-43af-9689-bd243e7817c5","service":"booking","bookingId":"BK-000061","customerId":"CUS-020502","hotelId":"HTL-004","component":"payment","event":"payment_started","msg":"Authorizing payment"}
{"level":50,"time":"2026-07-29T10:59:28.085Z","application":"booking-benchmark","reqId":"394d26aa-d83b-43af-9689-bd243e7817c5","service":"booking","bookingId":"BK-000061","customerId":"CUS-020502","hotelId":"HTL-004","component":"payment","event":"payment_provider_down","msg":"Payment provider unavailable"}
{"level":50,"time":"2026-07-29T10:59:28.085Z","application":"booking-benchmark","reqId":"394d26aa-d83b-43af-9689-bd243e7817c5","event":"booking_failed","error":"Payment provider unavailable","msg":"Booking request failed"}
{"level":50,"time":"2026-07-29T10:59:28.085Z","application":"booking-benchmark","reqId":"394d26aa-d83b-43af-9689-bd243e7817c5","event":"booking_workflow_failed","msg":"Booking workflow failed"}
{"level":30,"time":"2026-07-29T10:59:28.085Z","application":"booking-benchmark","reqId":"394d26aa-d83b-43af-9689-bd243e7817c5","event":"http_request_completed","method":"POST","url":"/bookings","statusCode":503,"durationMs":1,"msg":"Request completed"}
{"level":30,"time":"2026-07-29T10:59:28.156Z","application":"booking-benchmark","reqId":"854ea9e9-e00b-4260-aacc-0ea74d4a945d","event":"http_request_started","method":"POST","url":"/bookings","msg":"Incoming request"}
{"level":30,"time":"2026-07-29T10:59:28.156Z","application":"booking-benchmark","reqId":"854ea9e9-e00b-4260-aacc-0ea74d4a945d","service":"booking","bookingId":"BK-000062","customerId":"CUS-480319","hotelId":"HTL-005","event":"booking_workflow_started","nights":1,"msg":"Booking workflow started"}
{"level":30,"time":"2026-07-29T10:59:28.156Z","application":"booking-benchmark","reqId":"854ea9e9-e00b-4260-aacc-0ea74d4a945d","service":"booking","bookingId":"BK-000062","customerId":"CUS-480319","hotelId":"HTL-005","component":"hotel","event":"availability_check_started","hotelId":"HTL-005","msg":"Checking hotel availability"}
{"level":30,"time":"2026-07-29T10:59:28.156Z","application":"booking-benchmark","reqId":"854ea9e9-e00b-4260-aacc-0ea74d4a945d","service":"booking","bookingId":"BK-000062","customerId":"CUS-480319","hotelId":"HTL-005","component":"hotel","event":"availability_confirmed","hotelId":"HTL-005","availableRooms":10,"msg":"Hotel availability confirmed"}
{"level":30,"time":"2026-07-29T10:59:28.156Z","application":"booking-benchmark","reqId":"854ea9e9-e00b-4260-aacc-0ea74d4a945d","service":"booking","bookingId":"BK-000062","customerId":"CUS-480319","hotelId":"HTL-005","event":"hotel_validated","msg":"Hotel availability validated"}
{"level":30,"time":"2026-07-29T10:59:28.156Z","application":"booking-benchmark","reqId":"854ea9e9-e00b-4260-aacc-0ea74d4a945d","service":"booking","bookingId":"BK-000062","customerId":"CUS-480319","hotelId":"HTL-005","component":"payment","event":"payment_started","msg":"Authorizing payment"}
{"level":50,"time":"2026-07-29T10:59:28.156Z","application":"booking-benchmark","reqId":"854ea9e9-e00b-4260-aacc-0ea74d4a945d","service":"booking","bookingId":"BK-000062","customerId":"CUS-480319","hotelId":"HTL-005","component":"payment","event":"payment_provider_down","msg":"Payment provider unavailable"}
{"level":50,"time":"2026-07-29T10:59:28.156Z","application":"booking-benchmark","reqId":"854ea9e9-e00b-4260-aacc-0ea74d4a945d","event":"booking_failed","error":"Payment provider unavailable","msg":"Booking request failed"}
{"level":50,"time":"2026-07-29T10:59:28.157Z","application":"booking-benchmark","reqId":"854ea9e9-e00b-4260-aacc-0ea74d4a945d","event":"booking_workflow_failed","msg":"Booking workflow failed"}
{"level":30,"time":"2026-07-29T10:59:28.157Z","application":"booking-benchmark","reqId":"854ea9e9-e00b-4260-aacc-0ea74d4a945d","event":"http_request_completed","method":"POST","url":"/bookings","statusCode":503,"durationMs":1,"msg":"Request completed"}
{"level":30,"time":"2026-07-29T10:59:28.320Z","application":"booking-benchmark","reqId":"fe1b286c-f3b7-4d0a-9f23-b8c5f979db27","event":"http_request_started","method":"POST","url":"/bookings","msg":"Incoming request"}
{"level":30,"time":"2026-07-29T10:59:28.321Z","application":"booking-benchmark","reqId":"fe1b286c-f3b7-4d0a-9f23-b8c5f979db27","service":"booking","bookingId":"BK-000063","customerId":"CUS-410930","hotelId":"HTL-001","event":"booking_workflow_started","nights":1,"msg":"Booking workflow started"}
{"level":30,"time":"2026-07-29T10:59:28.321Z","application":"booking-benchmark","reqId":"fe1b286c-f3b7-4d0a-9f23-b8c5f979db27","service":"booking","bookingId":"BK-000063","customerId":"CUS-410930","hotelId":"HTL-001","component":"hotel","event":"availability_check_started","hotelId":"HTL-001","msg":"Checking hotel availability"}
{"level":30,"time":"2026-07-29T10:59:28.321Z","application":"booking-benchmark","reqId":"fe1b286c-f3b7-4d0a-9f23-b8c5f979db27","service":"booking","bookingId":"BK-000063","customerId":"CUS-410930","hotelId":"HTL-001","component":"hotel","event":"availability_confirmed","hotelId":"HTL-001","availableRooms":15,"msg":"Hotel availability confirmed"}
{"level":30,"time":"2026-07-29T10:59:28.321Z","application":"booking-benchmark","reqId":"fe1b286c-f3b7-4d0a-9f23-b8c5f979db27","service":"booking","bookingId":"BK-000063","customerId":"CUS-410930","hotelId":"HTL-001","event":"hotel_validated","msg":"Hotel availability validated"}
{"level":30,"time":"2026-07-29T10:59:28.321Z","application":"booking-benchmark","reqId":"fe1b286c-f3b7-4d0a-9f23-b8c5f979db27","service":"booking","bookingId":"BK-000063","customerId":"CUS-410930","hotelId":"HTL-001","component":"payment","event":"payment_started","msg":"Authorizing payment"}
{"level":50,"time":"2026-07-29T10:59:28.321Z","application":"booking-benchmark","reqId":"fe1b286c-f3b7-4d0a-9f23-b8c5f979db27","service":"booking","bookingId":"BK-000063","customerId":"CUS-410930","hotelId":"HTL-001","component":"payment","event":"payment_provider_down","msg":"Payment provider unavailable"}
{"level":50,"time":"2026-07-29T10:59:28.321Z","application":"booking-benchmark","reqId":"fe1b286c-f3b7-4d0a-9f23-b8c5f979db27","event":"booking_failed","error":"Payment provider unavailable","msg":"Booking request failed"}
{"level":50,"time":"2026-07-29T10:59:28.321Z","application":"booking-benchmark","reqId":"fe1b286c-f3b7-4d0a-9f23-b8c5f979db27","event":"booking_workflow_failed","msg":"Booking workflow failed"}
{"level":30,"time":"2026-07-29T10:59:28.321Z","application":"booking-benchmark","reqId":"fe1b286c-f3b7-4d0a-9f23-b8c5f979db27","event":"http_request_completed","method":"POST","url":"/bookings","statusCode":503,"durationMs":1,"msg":"Request completed"}
{"level":30,"time":"2026-07-29T10:59:28.448Z","application":"booking-benchmark","reqId":"8c5430bc-9626-4bca-9f12-071a129d6239","event":"http_request_started","method":"POST","url":"/bookings","msg":"Incoming request"}
{"level":30,"time":"2026-07-29T10:59:28.448Z","application":"booking-benchmark","reqId":"8c5430bc-9626-4bca-9f12-071a129d6239","service":"booking","bookingId":"BK-000064","customerId":"CUS-902370","hotelId":"HTL-001","event":"booking_workflow_started","nights":4,"msg":"Booking workflow started"}
{"level":30,"time":"2026-07-29T10:59:28.448Z","application":"booking-benchmark","reqId":"8c5430bc-9626-4bca-9f12-071a129d6239","service":"booking","bookingId":"BK-000064","customerId":"CUS-902370","hotelId":"HTL-001","component":"hotel","event":"availability_check_started","hotelId":"HTL-001","msg":"Checking hotel availability"}
{"level":30,"time":"2026-07-29T10:59:28.448Z","application":"booking-benchmark","reqId":"8c5430bc-9626-4bca-9f12-071a129d6239","service":"booking","bookingId":"BK-000064","customerId":"CUS-902370","hotelId":"HTL-001","component":"hotel","event":"availability_confirmed","hotelId":"HTL-001","availableRooms":15,"msg":"Hotel availability confirmed"}
{"level":30,"time":"2026-07-29T10:59:28.448Z","application":"booking-benchmark","reqId":"8c5430bc-9626-4bca-9f12-071a129d6239","service":"booking","bookingId":"BK-000064","customerId":"CUS-902370","hotelId":"HTL-001","event":"hotel_validated","msg":"Hotel availability validated"}
{"level":30,"time":"2026-07-29T10:59:28.448Z","application":"booking-benchmark","reqId":"8c5430bc-9626-4bca-9f12-071a129d6239","service":"booking","bookingId":"BK-000064","customerId":"CUS-902370","hotelId":"HTL-001","component":"payment","event":"payment_started","msg":"Authorizing payment"}
{"level":50,"time":"2026-07-29T10:59:28.448Z","application":"booking-benchmark","reqId":"8c5430bc-9626-4bca-9f12-071a129d6239","service":"booking","bookingId":"BK-000064","customerId":"CUS-902370","hotelId":"HTL-001","component":"payment","event":"payment_provider_down","msg":"Payment provider unavailable"}
{"level":50,"time":"2026-07-29T10:59:28.448Z","application":"booking-benchmark","reqId":"8c5430bc-9626-4bca-9f12-071a129d6239","event":"booking_failed","error":"Payment provider unavailable","msg":"Booking request failed"}
{"level":50,"time":"2026-07-29T10:59:28.448Z","application":"booking-benchmark","reqId":"8c5430bc-9626-4bca-9f12-071a129d6239","event":"booking_workflow_failed","msg":"Booking workflow failed"}
{"level":30,"time":"2026-07-29T10:59:28.449Z","application":"booking-benchmark","reqId":"8c5430bc-9626-4bca-9f12-071a129d6239","event":"http_request_completed","method":"POST","url":"/bookings","statusCode":503,"durationMs":1,"msg":"Request completed"}
{"level":30,"time":"2026-07-29T10:59:28.630Z","application":"booking-benchmark","reqId":"0cae0eef-660c-4813-b41b-cb07835dee94","event":"http_request_started","method":"POST","url":"/bookings","msg":"Incoming request"}
{"level":30,"time":"2026-07-29T10:59:28.631Z","application":"booking-benchmark","reqId":"0cae0eef-660c-4813-b41b-cb07835dee94","service":"booking","bookingId":"BK-000065","customerId":"CUS-690288","hotelId":"HTL-005","event":"booking_workflow_started","nights":1,"msg":"Booking workflow started"}
{"level":30,"time":"2026-07-29T10:59:28.631Z","application":"booking-benchmark","reqId":"0cae0eef-660c-4813-b41b-cb07835dee94","service":"booking","bookingId":"BK-000065","customerId":"CUS-690288","hotelId":"HTL-005","component":"hotel","event":"availability_check_started","hotelId":"HTL-005","msg":"Checking hotel availability"}
{"level":30,"time":"2026-07-29T10:59:28.631Z","application":"booking-benchmark","reqId":"0cae0eef-660c-4813-b41b-cb07835dee94","service":"booking","bookingId":"BK-000065","customerId":"CUS-690288","hotelId":"HTL-005","component":"hotel","event":"availability_confirmed","hotelId":"HTL-005","availableRooms":10,"msg":"Hotel availability confirmed"}
{"level":30,"time":"2026-07-29T10:59:28.631Z","application":"booking-benchmark","reqId":"0cae0eef-660c-4813-b41b-cb07835dee94","service":"booking","bookingId":"BK-000065","customerId":"CUS-690288","hotelId":"HTL-005","event":"hotel_validated","msg":"Hotel availability validated"}
{"level":30,"time":"2026-07-29T10:59:28.631Z","application":"booking-benchmark","reqId":"0cae0eef-660c-4813-b41b-cb07835dee94","service":"booking","bookingId":"BK-000065","customerId":"CUS-690288","hotelId":"HTL-005","component":"payment","event":"payment_started","msg":"Authorizing payment"}
{"level":50,"time":"2026-07-29T10:59:28.631Z","application":"booking-benchmark","reqId":"0cae0eef-660c-4813-b41b-cb07835dee94","service":"booking","bookingId":"BK-000065","customerId":"CUS-690288","hotelId":"HTL-005","component":"payment","event":"payment_provider_down","msg":"Payment provider unavailable"}
{"level":50,"time":"2026-07-29T10:59:28.631Z","application":"booking-benchmark","reqId":"0cae0eef-660c-4813-b41b-cb07835dee94","event":"booking_failed","error":"Payment provider unavailable","msg":"Booking request failed"}
{"level":50,"time":"2026-07-29T10:59:28.631Z","application":"booking-benchmark","reqId":"0cae0eef-660c-4813-b41b-cb07835dee94","event":"booking_workflow_failed","msg":"Booking workflow failed"}
{"level":30,"time":"2026-07-29T10:59:28.631Z","application":"booking-benchmark","reqId":"0cae0eef-660c-4813-b41b-cb07835dee94","event":"http_request_completed","method":"POST","url":"/bookings","statusCode":503,"durationMs":1,"msg":"Request completed"}
{"level":30,"time":"2026-07-29T10:59:28.740Z","application":"booking-benchmark","reqId":"996def47-a125-481f-a8e8-d93f420a3599","event":"http_request_started","method":"POST","url":"/bookings","msg":"Incoming request"}
{"level":30,"time":"2026-07-29T10:59:28.740Z","application":"booking-benchmark","reqId":"996def47-a125-481f-a8e8-d93f420a3599","service":"booking","bookingId":"BK-000066","customerId":"CUS-786734","hotelId":"HTL-004","event":"booking_workflow_started","nights":6,"msg":"Booking workflow started"}
{"level":30,"time":"2026-07-29T10:59:28.740Z","application":"booking-benchmark","reqId":"996def47-a125-481f-a8e8-d93f420a3599","service":"booking","bookingId":"BK-000066","customerId":"CUS-786734","hotelId":"HTL-004","component":"hotel","event":"availability_check_started","hotelId":"HTL-004","msg":"Checking hotel availability"}
{"level":30,"time":"2026-07-29T10:59:28.740Z","application":"booking-benchmark","reqId":"996def47-a125-481f-a8e8-d93f420a3599","service":"booking","bookingId":"BK-000066","customerId":"CUS-786734","hotelId":"HTL-004","component":"hotel","event":"availability_confirmed","hotelId":"HTL-004","availableRooms":20,"msg":"Hotel availability confirmed"}
{"level":30,"time":"2026-07-29T10:59:28.740Z","application":"booking-benchmark","reqId":"996def47-a125-481f-a8e8-d93f420a3599","service":"booking","bookingId":"BK-000066","customerId":"CUS-786734","hotelId":"HTL-004","event":"hotel_validated","msg":"Hotel availability validated"}
{"level":30,"time":"2026-07-29T10:59:28.740Z","application":"booking-benchmark","reqId":"996def47-a125-481f-a8e8-d93f420a3599","service":"booking","bookingId":"BK-000066","customerId":"CUS-786734","hotelId":"HTL-004","component":"payment","event":"payment_started","msg":"Authorizing payment"}
{"level":50,"time":"2026-07-29T10:59:28.740Z","application":"booking-benchmark","reqId":"996def47-a125-481f-a8e8-d93f420a3599","service":"booking","bookingId":"BK-000066","customerId":"CUS-786734","hotelId":"HTL-004","component":"payment","event":"payment_provider_down","msg":"Payment provider unavailable"}
{"level":50,"time":"2026-07-29T10:59:28.740Z","application":"booking-benchmark","reqId":"996def47-a125-481f-a8e8-d93f420a3599","event":"booking_failed","error":"Payment provider unavailable","msg":"Booking request failed"}
{"level":50,"time":"2026-07-29T10:59:28.740Z","application":"booking-benchmark","reqId":"996def47-a125-481f-a8e8-d93f420a3599","event":"booking_workflow_failed","msg":"Booking workflow failed"}
{"level":30,"time":"2026-07-29T10:59:28.741Z","application":"booking-benchmark","reqId":"996def47-a125-481f-a8e8-d93f420a3599","event":"http_request_completed","method":"POST","url":"/bookings","statusCode":503,"durationMs":1,"msg":"Request completed"}
{"level":30,"time":"2026-07-29T10:59:28.867Z","application":"booking-benchmark","reqId":"d42372dd-9771-483d-bc2f-22b72d181a0b","event":"http_request_started","method":"POST","url":"/bookings","msg":"Incoming request"}
{"level":30,"time":"2026-07-29T10:59:28.868Z","application":"booking-benchmark","reqId":"d42372dd-9771-483d-bc2f-22b72d181a0b","service":"booking","bookingId":"BK-000067","customerId":"CUS-997726","hotelId":"HTL-003","event":"booking_workflow_started","nights":7,"msg":"Booking workflow started"}
{"level":30,"time":"2026-07-29T10:59:28.868Z","application":"booking-benchmark","reqId":"d42372dd-9771-483d-bc2f-22b72d181a0b","service":"booking","bookingId":"BK-000067","customerId":"CUS-997726","hotelId":"HTL-003","component":"hotel","event":"availability_check_started","hotelId":"HTL-003","msg":"Checking hotel availability"}
{"level":30,"time":"2026-07-29T10:59:28.868Z","application":"booking-benchmark","reqId":"d42372dd-9771-483d-bc2f-22b72d181a0b","service":"booking","bookingId":"BK-000067","customerId":"CUS-997726","hotelId":"HTL-003","component":"hotel","event":"availability_confirmed","hotelId":"HTL-003","availableRooms":12,"msg":"Hotel availability confirmed"}
{"level":30,"time":"2026-07-29T10:59:28.868Z","application":"booking-benchmark","reqId":"d42372dd-9771-483d-bc2f-22b72d181a0b","service":"booking","bookingId":"BK-000067","customerId":"CUS-997726","hotelId":"HTL-003","event":"hotel_validated","msg":"Hotel availability validated"}
{"level":30,"time":"2026-07-29T10:59:28.868Z","application":"booking-benchmark","reqId":"d42372dd-9771-483d-bc2f-22b72d181a0b","service":"booking","bookingId":"BK-000067","customerId":"CUS-997726","hotelId":"HTL-003","component":"payment","event":"payment_started","msg":"Authorizing payment"}
{"level":50,"time":"2026-07-29T10:59:28.868Z","application":"booking-benchmark","reqId":"d42372dd-9771-483d-bc2f-22b72d181a0b","service":"booking","bookingId":"BK-000067","customerId":"CUS-997726","hotelId":"HTL-003","component":"payment","event":"payment_provider_down","msg":"Payment provider unavailable"}
{"level":50,"time":"2026-07-29T10:59:28.868Z","application":"booking-benchmark","reqId":"d42372dd-9771-483d-bc2f-22b72d181a0b","event":"booking_failed","error":"Payment provider unavailable","msg":"Booking request failed"}
{"level":50,"time":"2026-07-29T10:59:28.868Z","application":"booking-benchmark","reqId":"d42372dd-9771-483d-bc2f-22b72d181a0b","event":"booking_workflow_failed","msg":"Booking workflow failed"}
{"level":30,"time":"2026-07-29T10:59:28.869Z","application":"booking-benchmark","reqId":"d42372dd-9771-483d-bc2f-22b72d181a0b","event":"http_request_completed","method":"POST","url":"/bookings","statusCode":503,"durationMs":2,"msg":"Request completed"}
{"level":30,"time":"2026-07-29T10:59:29.057Z","application":"booking-benchmark","reqId":"2d5391ab-45e3-4ffc-8b65-63cf8d39d80a","event":"http_request_started","method":"POST","url":"/bookings","msg":"Incoming request"}
{"level":30,"time":"2026-07-29T10:59:29.058Z","application":"booking-benchmark","reqId":"2d5391ab-45e3-4ffc-8b65-63cf8d39d80a","service":"booking","bookingId":"BK-000068","customerId":"CUS-154354","hotelId":"HTL-004","event":"booking_workflow_started","nights":1,"msg":"Booking workflow started"}
{"level":30,"time":"2026-07-29T10:59:29.058Z","application":"booking-benchmark","reqId":"2d5391ab-45e3-4ffc-8b65-63cf8d39d80a","service":"booking","bookingId":"BK-000068","customerId":"CUS-154354","hotelId":"HTL-004","component":"hotel","event":"availability_check_started","hotelId":"HTL-004","msg":"Checking hotel availability"}
{"level":30,"time":"2026-07-29T10:59:29.058Z","application":"booking-benchmark","reqId":"2d5391ab-45e3-4ffc-8b65-63cf8d39d80a","service":"booking","bookingId":"BK-000068","customerId":"CUS-154354","hotelId":"HTL-004","component":"hotel","event":"availability_confirmed","hotelId":"HTL-004","availableRooms":20,"msg":"Hotel availability confirmed"}
{"level":30,"time":"2026-07-29T10:59:29.058Z","application":"booking-benchmark","reqId":"2d5391ab-45e3-4ffc-8b65-63cf8d39d80a","service":"booking","bookingId":"BK-000068","customerId":"CUS-154354","hotelId":"HTL-004","event":"hotel_validated","msg":"Hotel availability validated"}
{"level":30,"time":"2026-07-29T10:59:29.058Z","application":"booking-benchmark","reqId":"2d5391ab-45e3-4ffc-8b65-63cf8d39d80a","service":"booking","bookingId":"BK-000068","customerId":"CUS-154354","hotelId":"HTL-004","component":"payment","event":"payment_started","msg":"Authorizing payment"}
{"level":50,"time":"2026-07-29T10:59:29.058Z","application":"booking-benchmark","reqId":"2d5391ab-45e3-4ffc-8b65-63cf8d39d80a","service":"booking","bookingId":"BK-000068","customerId":"CUS-154354","hotelId":"HTL-004","component":"payment","event":"payment_provider_down","msg":"Payment provider unavailable"}
{"level":50,"time":"2026-07-29T10:59:29.058Z","application":"booking-benchmark","reqId":"2d5391ab-45e3-4ffc-8b65-63cf8d39d80a","event":"booking_failed","error":"Payment provider unavailable","msg":"Booking request failed"}
{"level":50,"time":"2026-07-29T10:59:29.058Z","application":"booking-benchmark","reqId":"2d5391ab-45e3-4ffc-8b65-63cf8d39d80a","event":"booking_workflow_failed","msg":"Booking workflow failed"}
{"level":30,"time":"2026-07-29T10:59:29.058Z","application":"booking-benchmark","reqId":"2d5391ab-45e3-4ffc-8b65-63cf8d39d80a","event":"http_request_completed","method":"POST","url":"/bookings","statusCode":503,"durationMs":1,"msg":"Request completed"}
{"level":30,"time":"2026-07-29T10:59:29.254Z","application":"booking-benchmark","reqId":"98fce9ae-0237-4140-8ed5-d7cf0af69046","event":"http_request_started","method":"POST","url":"/bookings","msg":"Incoming request"}
{"level":30,"time":"2026-07-29T10:59:29.254Z","application":"booking-benchmark","reqId":"98fce9ae-0237-4140-8ed5-d7cf0af69046","service":"booking","bookingId":"BK-000069","customerId":"CUS-438268","hotelId":"HTL-003","event":"booking_workflow_started","nights":4,"msg":"Booking workflow started"}
{"level":30,"time":"2026-07-29T10:59:29.254Z","application":"booking-benchmark","reqId":"98fce9ae-0237-4140-8ed5-d7cf0af69046","service":"booking","bookingId":"BK-000069","customerId":"CUS-438268","hotelId":"HTL-003","component":"hotel","event":"availability_check_started","hotelId":"HTL-003","msg":"Checking hotel availability"}
{"level":30,"time":"2026-07-29T10:59:29.254Z","application":"booking-benchmark","reqId":"98fce9ae-0237-4140-8ed5-d7cf0af69046","service":"booking","bookingId":"BK-000069","customerId":"CUS-438268","hotelId":"HTL-003","component":"hotel","event":"availability_confirmed","hotelId":"HTL-003","availableRooms":12,"msg":"Hotel availability confirmed"}
{"level":30,"time":"2026-07-29T10:59:29.254Z","application":"booking-benchmark","reqId":"98fce9ae-0237-4140-8ed5-d7cf0af69046","service":"booking","bookingId":"BK-000069","customerId":"CUS-438268","hotelId":"HTL-003","event":"hotel_validated","msg":"Hotel availability validated"}
{"level":30,"time":"2026-07-29T10:59:29.254Z","application":"booking-benchmark","reqId":"98fce9ae-0237-4140-8ed5-d7cf0af69046","service":"booking","bookingId":"BK-000069","customerId":"CUS-438268","hotelId":"HTL-003","component":"payment","event":"payment_started","msg":"Authorizing payment"}
{"level":50,"time":"2026-07-29T10:59:29.254Z","application":"booking-benchmark","reqId":"98fce9ae-0237-4140-8ed5-d7cf0af69046","service":"booking","bookingId":"BK-000069","customerId":"CUS-438268","hotelId":"HTL-003","component":"payment","event":"payment_provider_down","msg":"Payment provider unavailable"}
{"level":50,"time":"2026-07-29T10:59:29.254Z","application":"booking-benchmark","reqId":"98fce9ae-0237-4140-8ed5-d7cf0af69046","event":"booking_failed","error":"Payment provider unavailable","msg":"Booking request failed"}
{"level":50,"time":"2026-07-29T10:59:29.254Z","application":"booking-benchmark","reqId":"98fce9ae-0237-4140-8ed5-d7cf0af69046","event":"booking_workflow_failed","msg":"Booking workflow failed"}
{"level":30,"time":"2026-07-29T10:59:29.255Z","application":"booking-benchmark","reqId":"98fce9ae-0237-4140-8ed5-d7cf0af69046","event":"http_request_completed","method":"POST","url":"/bookings","statusCode":503,"durationMs":1,"msg":"Request completed"}
{"level":30,"time":"2026-07-29T10:59:29.417Z","application":"booking-benchmark","reqId":"a5c387dc-667f-40f4-9fbb-1a78fc1f33f5","event":"http_request_started","method":"POST","url":"/bookings","msg":"Incoming request"}
{"level":30,"time":"2026-07-29T10:59:29.418Z","application":"booking-benchmark","reqId":"a5c387dc-667f-40f4-9fbb-1a78fc1f33f5","service":"booking","bookingId":"BK-000070","customerId":"CUS-534941","hotelId":"HTL-003","event":"booking_workflow_started","nights":5,"msg":"Booking workflow started"}
{"level":30,"time":"2026-07-29T10:59:29.418Z","application":"booking-benchmark","reqId":"a5c387dc-667f-40f4-9fbb-1a78fc1f33f5","service":"booking","bookingId":"BK-000070","customerId":"CUS-534941","hotelId":"HTL-003","component":"hotel","event":"availability_check_started","hotelId":"HTL-003","msg":"Checking hotel availability"}
{"level":30,"time":"2026-07-29T10:59:29.418Z","application":"booking-benchmark","reqId":"a5c387dc-667f-40f4-9fbb-1a78fc1f33f5","service":"booking","bookingId":"BK-000070","customerId":"CUS-534941","hotelId":"HTL-003","component":"hotel","event":"availability_confirmed","hotelId":"HTL-003","availableRooms":12,"msg":"Hotel availability confirmed"}
{"level":30,"time":"2026-07-29T10:59:29.418Z","application":"booking-benchmark","reqId":"a5c387dc-667f-40f4-9fbb-1a78fc1f33f5","service":"booking","bookingId":"BK-000070","customerId":"CUS-534941","hotelId":"HTL-003","event":"hotel_validated","msg":"Hotel availability validated"}
{"level":30,"time":"2026-07-29T10:59:29.418Z","application":"booking-benchmark","reqId":"a5c387dc-667f-40f4-9fbb-1a78fc1f33f5","service":"booking","bookingId":"BK-000070","customerId":"CUS-534941","hotelId":"HTL-003","component":"payment","event":"payment_started","msg":"Authorizing payment"}
{"level":50,"time":"2026-07-29T10:59:29.418Z","application":"booking-benchmark","reqId":"a5c387dc-667f-40f4-9fbb-1a78fc1f33f5","service":"booking","bookingId":"BK-000070","customerId":"CUS-534941","hotelId":"HTL-003","component":"payment","event":"payment_provider_down","msg":"Payment provider unavailable"}
{"level":50,"time":"2026-07-29T10:59:29.418Z","application":"booking-benchmark","reqId":"a5c387dc-667f-40f4-9fbb-1a78fc1f33f5","event":"booking_failed","error":"Payment provider unavailable","msg":"Booking request failed"}
{"level":50,"time":"2026-07-29T10:59:29.418Z","application":"booking-benchmark","reqId":"a5c387dc-667f-40f4-9fbb-1a78fc1f33f5","event":"booking_workflow_failed","msg":"Booking workflow failed"}
{"level":30,"time":"2026-07-29T10:59:29.418Z","application":"booking-benchmark","reqId":"a5c387dc-667f-40f4-9fbb-1a78fc1f33f5","event":"http_request_completed","method":"POST","url":"/bookings","statusCode":503,"durationMs":1,"msg":"Request completed"}
{"level":30,"time":"2026-07-29T10:59:29.574Z","application":"booking-benchmark","reqId":"01b30e5a-ed2f-4197-b25e-4aa832a13b2c","event":"http_request_started","method":"POST","url":"/bookings","msg":"Incoming request"}
{"level":30,"time":"2026-07-29T10:59:29.574Z","application":"booking-benchmark","reqId":"01b30e5a-ed2f-4197-b25e-4aa832a13b2c","service":"booking","bookingId":"BK-000071","customerId":"CUS-185597","hotelId":"HTL-003","event":"booking_workflow_started","nights":5,"msg":"Booking workflow started"}
{"level":30,"time":"2026-07-29T10:59:29.574Z","application":"booking-benchmark","reqId":"01b30e5a-ed2f-4197-b25e-4aa832a13b2c","service":"booking","bookingId":"BK-000071","customerId":"CUS-185597","hotelId":"HTL-003","component":"hotel","event":"availability_check_started","hotelId":"HTL-003","msg":"Checking hotel availability"}
{"level":30,"time":"2026-07-29T10:59:29.574Z","application":"booking-benchmark","reqId":"01b30e5a-ed2f-4197-b25e-4aa832a13b2c","service":"booking","bookingId":"BK-000071","customerId":"CUS-185597","hotelId":"HTL-003","component":"hotel","event":"availability_confirmed","hotelId":"HTL-003","availableRooms":12,"msg":"Hotel availability confirmed"}
{"level":30,"time":"2026-07-29T10:59:29.574Z","application":"booking-benchmark","reqId":"01b30e5a-ed2f-4197-b25e-4aa832a13b2c","service":"booking","bookingId":"BK-000071","customerId":"CUS-185597","hotelId":"HTL-003","event":"hotel_validated","msg":"Hotel availability validated"}
{"level":30,"time":"2026-07-29T10:59:29.574Z","application":"booking-benchmark","reqId":"01b30e5a-ed2f-4197-b25e-4aa832a13b2c","service":"booking","bookingId":"BK-000071","customerId":"CUS-185597","hotelId":"HTL-003","component":"payment","event":"payment_started","msg":"Authorizing payment"}
{"level":50,"time":"2026-07-29T10:59:29.574Z","application":"booking-benchmark","reqId":"01b30e5a-ed2f-4197-b25e-4aa832a13b2c","service":"booking","bookingId":"BK-000071","customerId":"CUS-185597","hotelId":"HTL-003","component":"payment","event":"payment_provider_down","msg":"Payment provider unavailable"}
{"level":50,"time":"2026-07-29T10:59:29.574Z","application":"booking-benchmark","reqId":"01b30e5a-ed2f-4197-b25e-4aa832a13b2c","event":"booking_failed","error":"Payment provider unavailable","msg":"Booking request failed"}
{"level":50,"time":"2026-07-29T10:59:29.574Z","application":"booking-benchmark","reqId":"01b30e5a-ed2f-4197-b25e-4aa832a13b2c","event":"booking_workflow_failed","msg":"Booking workflow failed"}
{"level":30,"time":"2026-07-29T10:59:29.575Z","application":"booking-benchmark","reqId":"01b30e5a-ed2f-4197-b25e-4aa832a13b2c","event":"http_request_completed","method":"POST","url":"/bookings","statusCode":503,"durationMs":1,"msg":"Request completed"}
{"level":30,"time":"2026-07-29T10:59:29.691Z","application":"booking-benchmark","reqId":"b4fc0813-82d7-4c0f-afbf-c249825eaeb3","event":"http_request_started","method":"POST","url":"/bookings","msg":"Incoming request"}
{"level":30,"time":"2026-07-29T10:59:29.692Z","application":"booking-benchmark","reqId":"b4fc0813-82d7-4c0f-afbf-c249825eaeb3","service":"booking","bookingId":"BK-000072","customerId":"CUS-160911","hotelId":"HTL-002","event":"booking_workflow_started","nights":4,"msg":"Booking workflow started"}
{"level":30,"time":"2026-07-29T10:59:29.692Z","application":"booking-benchmark","reqId":"b4fc0813-82d7-4c0f-afbf-c249825eaeb3","service":"booking","bookingId":"BK-000072","customerId":"CUS-160911","hotelId":"HTL-002","component":"hotel","event":"availability_check_started","hotelId":"HTL-002","msg":"Checking hotel availability"}
{"level":30,"time":"2026-07-29T10:59:29.692Z","application":"booking-benchmark","reqId":"b4fc0813-82d7-4c0f-afbf-c249825eaeb3","service":"booking","bookingId":"BK-000072","customerId":"CUS-160911","hotelId":"HTL-002","component":"hotel","event":"availability_confirmed","hotelId":"HTL-002","availableRooms":8,"msg":"Hotel availability confirmed"}
{"level":30,"time":"2026-07-29T10:59:29.692Z","application":"booking-benchmark","reqId":"b4fc0813-82d7-4c0f-afbf-c249825eaeb3","service":"booking","bookingId":"BK-000072","customerId":"CUS-160911","hotelId":"HTL-002","event":"hotel_validated","msg":"Hotel availability validated"}
{"level":30,"time":"2026-07-29T10:59:29.692Z","application":"booking-benchmark","reqId":"b4fc0813-82d7-4c0f-afbf-c249825eaeb3","service":"booking","bookingId":"BK-000072","customerId":"CUS-160911","hotelId":"HTL-002","component":"payment","event":"payment_started","msg":"Authorizing payment"}
{"level":50,"time":"2026-07-29T10:59:29.692Z","application":"booking-benchmark","reqId":"b4fc0813-82d7-4c0f-afbf-c249825eaeb3","service":"booking","bookingId":"BK-000072","customerId":"CUS-160911","hotelId":"HTL-002","component":"payment","event":"payment_provider_down","msg":"Payment provider unavailable"}
{"level":50,"time":"2026-07-29T10:59:29.692Z","application":"booking-benchmark","reqId":"b4fc0813-82d7-4c0f-afbf-c249825eaeb3","event":"booking_failed","error":"Payment provider unavailable","msg":"Booking request failed"}
{"level":50,"time":"2026-07-29T10:59:29.692Z","application":"booking-benchmark","reqId":"b4fc0813-82d7-4c0f-afbf-c249825eaeb3","event":"booking_workflow_failed","msg":"Booking workflow failed"}
{"level":30,"time":"2026-07-29T10:59:29.692Z","application":"booking-benchmark","reqId":"b4fc0813-82d7-4c0f-afbf-c249825eaeb3","event":"http_request_completed","method":"POST","url":"/bookings","statusCode":503,"durationMs":1,"msg":"Request completed"}
{"level":30,"time":"2026-07-29T10:59:29.840Z","application":"booking-benchmark","reqId":"e3fb12d1-2b4b-4c90-82b3-e444ca87f45a","event":"http_request_started","method":"POST","url":"/bookings","msg":"Incoming request"}
{"level":30,"time":"2026-07-29T10:59:29.840Z","application":"booking-benchmark","reqId":"e3fb12d1-2b4b-4c90-82b3-e444ca87f45a","service":"booking","bookingId":"BK-000073","customerId":"CUS-626528","hotelId":"HTL-004","event":"booking_workflow_started","nights":5,"msg":"Booking workflow started"}
{"level":30,"time":"2026-07-29T10:59:29.840Z","application":"booking-benchmark","reqId":"e3fb12d1-2b4b-4c90-82b3-e444ca87f45a","service":"booking","bookingId":"BK-000073","customerId":"CUS-626528","hotelId":"HTL-004","component":"hotel","event":"availability_check_started","hotelId":"HTL-004","msg":"Checking hotel availability"}
{"level":30,"time":"2026-07-29T10:59:29.840Z","application":"booking-benchmark","reqId":"e3fb12d1-2b4b-4c90-82b3-e444ca87f45a","service":"booking","bookingId":"BK-000073","customerId":"CUS-626528","hotelId":"HTL-004","component":"hotel","event":"availability_confirmed","hotelId":"HTL-004","availableRooms":20,"msg":"Hotel availability confirmed"}
{"level":30,"time":"2026-07-29T10:59:29.840Z","application":"booking-benchmark","reqId":"e3fb12d1-2b4b-4c90-82b3-e444ca87f45a","service":"booking","bookingId":"BK-000073","customerId":"CUS-626528","hotelId":"HTL-004","event":"hotel_validated","msg":"Hotel availability validated"}
{"level":30,"time":"2026-07-29T10:59:29.840Z","application":"booking-benchmark","reqId":"e3fb12d1-2b4b-4c90-82b3-e444ca87f45a","service":"booking","bookingId":"BK-000073","customerId":"CUS-626528","hotelId":"HTL-004","component":"payment","event":"payment_started","msg":"Authorizing payment"}
{"level":50,"time":"2026-07-29T10:59:29.840Z","application":"booking-benchmark","reqId":"e3fb12d1-2b4b-4c90-82b3-e444ca87f45a","service":"booking","bookingId":"BK-000073","customerId":"CUS-626528","hotelId":"HTL-004","component":"payment","event":"payment_provider_down","msg":"Payment provider unavailable"}
{"level":50,"time":"2026-07-29T10:59:29.840Z","application":"booking-benchmark","reqId":"e3fb12d1-2b4b-4c90-82b3-e444ca87f45a","event":"booking_failed","error":"Payment provider unavailable","msg":"Booking request failed"}
{"level":50,"time":"2026-07-29T10:59:29.840Z","application":"booking-benchmark","reqId":"e3fb12d1-2b4b-4c90-82b3-e444ca87f45a","event":"booking_workflow_failed","msg":"Booking workflow failed"}
{"level":30,"time":"2026-07-29T10:59:29.841Z","application":"booking-benchmark","reqId":"e3fb12d1-2b4b-4c90-82b3-e444ca87f45a","event":"http_request_completed","method":"POST","url":"/bookings","statusCode":503,"durationMs":1,"msg":"Request completed"}
{"level":30,"time":"2026-07-29T10:59:29.935Z","application":"booking-benchmark","reqId":"4d6eed3b-a573-4ede-b737-1a7942cc68b8","event":"http_request_started","method":"POST","url":"/bookings","msg":"Incoming request"}
{"level":30,"time":"2026-07-29T10:59:29.935Z","application":"booking-benchmark","reqId":"4d6eed3b-a573-4ede-b737-1a7942cc68b8","service":"booking","bookingId":"BK-000074","customerId":"CUS-263681","hotelId":"HTL-003","event":"booking_workflow_started","nights":7,"msg":"Booking workflow started"}
{"level":30,"time":"2026-07-29T10:59:29.936Z","application":"booking-benchmark","reqId":"4d6eed3b-a573-4ede-b737-1a7942cc68b8","service":"booking","bookingId":"BK-000074","customerId":"CUS-263681","hotelId":"HTL-003","component":"hotel","event":"availability_check_started","hotelId":"HTL-003","msg":"Checking hotel availability"}
{"level":30,"time":"2026-07-29T10:59:29.936Z","application":"booking-benchmark","reqId":"4d6eed3b-a573-4ede-b737-1a7942cc68b8","service":"booking","bookingId":"BK-000074","customerId":"CUS-263681","hotelId":"HTL-003","component":"hotel","event":"availability_confirmed","hotelId":"HTL-003","availableRooms":12,"msg":"Hotel availability confirmed"}
{"level":30,"time":"2026-07-29T10:59:29.936Z","application":"booking-benchmark","reqId":"4d6eed3b-a573-4ede-b737-1a7942cc68b8","service":"booking","bookingId":"BK-000074","customerId":"CUS-263681","hotelId":"HTL-003","event":"hotel_validated","msg":"Hotel availability validated"}
{"level":30,"time":"2026-07-29T10:59:29.936Z","application":"booking-benchmark","reqId":"4d6eed3b-a573-4ede-b737-1a7942cc68b8","service":"booking","bookingId":"BK-000074","customerId":"CUS-263681","hotelId":"HTL-003","component":"payment","event":"payment_started","msg":"Authorizing payment"}
{"level":50,"time":"2026-07-29T10:59:29.936Z","application":"booking-benchmark","reqId":"4d6eed3b-a573-4ede-b737-1a7942cc68b8","service":"booking","bookingId":"BK-000074","customerId":"CUS-263681","hotelId":"HTL-003","component":"payment","event":"payment_provider_down","msg":"Payment provider unavailable"}
{"level":50,"time":"2026-07-29T10:59:29.936Z","application":"booking-benchmark","reqId":"4d6eed3b-a573-4ede-b737-1a7942cc68b8","event":"booking_failed","error":"Payment provider unavailable","msg":"Booking request failed"}
{"level":50,"time":"2026-07-29T10:59:29.936Z","application":"booking-benchmark","reqId":"4d6eed3b-a573-4ede-b737-1a7942cc68b8","event":"booking_workflow_failed","msg":"Booking workflow failed"}
{"level":30,"time":"2026-07-29T10:59:29.936Z","application":"booking-benchmark","reqId":"4d6eed3b-a573-4ede-b737-1a7942cc68b8","event":"http_request_completed","method":"POST","url":"/bookings","statusCode":503,"durationMs":1,"msg":"Request completed"}
{"level":30,"time":"2026-07-29T10:59:30.098Z","application":"booking-benchmark","reqId":"12f2fc07-0d20-4ce8-818d-4340178f2434","event":"http_request_started","method":"POST","url":"/bookings","msg":"Incoming request"}
{"level":30,"time":"2026-07-29T10:59:30.099Z","application":"booking-benchmark","reqId":"12f2fc07-0d20-4ce8-818d-4340178f2434","service":"booking","bookingId":"BK-000075","customerId":"CUS-131255","hotelId":"HTL-005","event":"booking_workflow_started","nights":6,"msg":"Booking workflow started"}
{"level":30,"time":"2026-07-29T10:59:30.099Z","application":"booking-benchmark","reqId":"12f2fc07-0d20-4ce8-818d-4340178f2434","service":"booking","bookingId":"BK-000075","customerId":"CUS-131255","hotelId":"HTL-005","component":"hotel","event":"availability_check_started","hotelId":"HTL-005","msg":"Checking hotel availability"}
{"level":30,"time":"2026-07-29T10:59:30.099Z","application":"booking-benchmark","reqId":"12f2fc07-0d20-4ce8-818d-4340178f2434","service":"booking","bookingId":"BK-000075","customerId":"CUS-131255","hotelId":"HTL-005","component":"hotel","event":"availability_confirmed","hotelId":"HTL-005","availableRooms":10,"msg":"Hotel availability confirmed"}
{"level":30,"time":"2026-07-29T10:59:30.099Z","application":"booking-benchmark","reqId":"12f2fc07-0d20-4ce8-818d-4340178f2434","service":"booking","bookingId":"BK-000075","customerId":"CUS-131255","hotelId":"HTL-005","event":"hotel_validated","msg":"Hotel availability validated"}
{"level":30,"time":"2026-07-29T10:59:30.099Z","application":"booking-benchmark","reqId":"12f2fc07-0d20-4ce8-818d-4340178f2434","service":"booking","bookingId":"BK-000075","customerId":"CUS-131255","hotelId":"HTL-005","component":"payment","event":"payment_started","msg":"Authorizing payment"}
{"level":50,"time":"2026-07-29T10:59:30.099Z","application":"booking-benchmark","reqId":"12f2fc07-0d20-4ce8-818d-4340178f2434","service":"booking","bookingId":"BK-000075","customerId":"CUS-131255","hotelId":"HTL-005","component":"payment","event":"payment_provider_down","msg":"Payment provider unavailable"}
{"level":50,"time":"2026-07-29T10:59:30.099Z","application":"booking-benchmark","reqId":"12f2fc07-0d20-4ce8-818d-4340178f2434","event":"booking_failed","error":"Payment provider unavailable","msg":"Booking request failed"}
{"level":50,"time":"2026-07-29T10:59:30.099Z","application":"booking-benchmark","reqId":"12f2fc07-0d20-4ce8-818d-4340178f2434","event":"booking_workflow_failed","msg":"Booking workflow failed"}
{"level":30,"time":"2026-07-29T10:59:30.099Z","application":"booking-benchmark","reqId":"12f2fc07-0d20-4ce8-818d-4340178f2434","event":"http_request_completed","method":"POST","url":"/bookings","statusCode":503,"durationMs":1,"msg":"Request completed"}
{"level":30,"time":"2026-07-29T10:59:30.258Z","application":"booking-benchmark","reqId":"adb29857-a981-4fa3-b9b8-bc2a2b77d0ed","event":"http_request_started","method":"POST","url":"/bookings","msg":"Incoming request"}
{"level":30,"time":"2026-07-29T10:59:30.258Z","application":"booking-benchmark","reqId":"adb29857-a981-4fa3-b9b8-bc2a2b77d0ed","service":"booking","bookingId":"BK-000076","customerId":"CUS-526707","hotelId":"HTL-003","event":"booking_workflow_started","nights":2,"msg":"Booking workflow started"}
{"level":30,"time":"2026-07-29T10:59:30.258Z","application":"booking-benchmark","reqId":"adb29857-a981-4fa3-b9b8-bc2a2b77d0ed","service":"booking","bookingId":"BK-000076","customerId":"CUS-526707","hotelId":"HTL-003","component":"hotel","event":"availability_check_started","hotelId":"HTL-003","msg":"Checking hotel availability"}
{"level":30,"time":"2026-07-29T10:59:30.258Z","application":"booking-benchmark","reqId":"adb29857-a981-4fa3-b9b8-bc2a2b77d0ed","service":"booking","bookingId":"BK-000076","customerId":"CUS-526707","hotelId":"HTL-003","component":"hotel","event":"availability_confirmed","hotelId":"HTL-003","availableRooms":12,"msg":"Hotel availability confirmed"}
{"level":30,"time":"2026-07-29T10:59:30.258Z","application":"booking-benchmark","reqId":"adb29857-a981-4fa3-b9b8-bc2a2b77d0ed","service":"booking","bookingId":"BK-000076","customerId":"CUS-526707","hotelId":"HTL-003","event":"hotel_validated","msg":"Hotel availability validated"}
{"level":30,"time":"2026-07-29T10:59:30.258Z","application":"booking-benchmark","reqId":"adb29857-a981-4fa3-b9b8-bc2a2b77d0ed","service":"booking","bookingId":"BK-000076","customerId":"CUS-526707","hotelId":"HTL-003","component":"payment","event":"payment_started","msg":"Authorizing payment"}
{"level":50,"time":"2026-07-29T10:59:30.258Z","application":"booking-benchmark","reqId":"adb29857-a981-4fa3-b9b8-bc2a2b77d0ed","service":"booking","bookingId":"BK-000076","customerId":"CUS-526707","hotelId":"HTL-003","component":"payment","event":"payment_provider_down","msg":"Payment provider unavailable"}
{"level":50,"time":"2026-07-29T10:59:30.258Z","application":"booking-benchmark","reqId":"adb29857-a981-4fa3-b9b8-bc2a2b77d0ed","event":"booking_failed","error":"Payment provider unavailable","msg":"Booking request failed"}
{"level":50,"time":"2026-07-29T10:59:30.258Z","application":"booking-benchmark","reqId":"adb29857-a981-4fa3-b9b8-bc2a2b77d0ed","event":"booking_workflow_failed","msg":"Booking workflow failed"}
{"level":30,"time":"2026-07-29T10:59:30.259Z","application":"booking-benchmark","reqId":"adb29857-a981-4fa3-b9b8-bc2a2b77d0ed","event":"http_request_completed","method":"POST","url":"/bookings","statusCode":503,"durationMs":1,"msg":"Request completed"}
{"level":30,"time":"2026-07-29T10:59:30.321Z","application":"booking-benchmark","reqId":"f0e4b8be-cf32-4766-8513-6f92e7cb3bb7","event":"http_request_started","method":"POST","url":"/bookings","msg":"Incoming request"}
{"level":30,"time":"2026-07-29T10:59:30.321Z","application":"booking-benchmark","reqId":"f0e4b8be-cf32-4766-8513-6f92e7cb3bb7","service":"booking","bookingId":"BK-000077","customerId":"CUS-747023","hotelId":"HTL-002","event":"booking_workflow_started","nights":5,"msg":"Booking workflow started"}
{"level":30,"time":"2026-07-29T10:59:30.321Z","application":"booking-benchmark","reqId":"f0e4b8be-cf32-4766-8513-6f92e7cb3bb7","service":"booking","bookingId":"BK-000077","customerId":"CUS-747023","hotelId":"HTL-002","component":"hotel","event":"availability_check_started","hotelId":"HTL-002","msg":"Checking hotel availability"}
{"level":30,"time":"2026-07-29T10:59:30.321Z","application":"booking-benchmark","reqId":"f0e4b8be-cf32-4766-8513-6f92e7cb3bb7","service":"booking","bookingId":"BK-000077","customerId":"CUS-747023","hotelId":"HTL-002","component":"hotel","event":"availability_confirmed","hotelId":"HTL-002","availableRooms":8,"msg":"Hotel availability confirmed"}
{"level":30,"time":"2026-07-29T10:59:30.321Z","application":"booking-benchmark","reqId":"f0e4b8be-cf32-4766-8513-6f92e7cb3bb7","service":"booking","bookingId":"BK-000077","customerId":"CUS-747023","hotelId":"HTL-002","event":"hotel_validated","msg":"Hotel availability validated"}
{"level":30,"time":"2026-07-29T10:59:30.321Z","application":"booking-benchmark","reqId":"f0e4b8be-cf32-4766-8513-6f92e7cb3bb7","service":"booking","bookingId":"BK-000077","customerId":"CUS-747023","hotelId":"HTL-002","component":"payment","event":"payment_started","msg":"Authorizing payment"}
{"level":50,"time":"2026-07-29T10:59:30.321Z","application":"booking-benchmark","reqId":"f0e4b8be-cf32-4766-8513-6f92e7cb3bb7","service":"booking","bookingId":"BK-000077","customerId":"CUS-747023","hotelId":"HTL-002","component":"payment","event":"payment_provider_down","msg":"Payment provider unavailable"}
{"level":50,"time":"2026-07-29T10:59:30.322Z","application":"booking-benchmark","reqId":"f0e4b8be-cf32-4766-8513-6f92e7cb3bb7","event":"booking_failed","error":"Payment provider unavailable","msg":"Booking request failed"}
{"level":50,"time":"2026-07-29T10:59:30.322Z","application":"booking-benchmark","reqId":"f0e4b8be-cf32-4766-8513-6f92e7cb3bb7","event":"booking_workflow_failed","msg":"Booking workflow failed"}
{"level":30,"time":"2026-07-29T10:59:30.322Z","application":"booking-benchmark","reqId":"f0e4b8be-cf32-4766-8513-6f92e7cb3bb7","event":"http_request_completed","method":"POST","url":"/bookings","statusCode":503,"durationMs":1,"msg":"Request completed"}
{"level":30,"time":"2026-07-29T10:59:30.452Z","application":"booking-benchmark","reqId":"d2e8c1f5-2058-4ea8-9665-3fcdbca6c663","event":"http_request_started","method":"POST","url":"/bookings","msg":"Incoming request"}
{"level":30,"time":"2026-07-29T10:59:30.452Z","application":"booking-benchmark","reqId":"d2e8c1f5-2058-4ea8-9665-3fcdbca6c663","service":"booking","bookingId":"BK-000078","customerId":"CUS-156273","hotelId":"HTL-002","event":"booking_workflow_started","nights":3,"msg":"Booking workflow started"}
{"level":30,"time":"2026-07-29T10:59:30.452Z","application":"booking-benchmark","reqId":"d2e8c1f5-2058-4ea8-9665-3fcdbca6c663","service":"booking","bookingId":"BK-000078","customerId":"CUS-156273","hotelId":"HTL-002","component":"hotel","event":"availability_check_started","hotelId":"HTL-002","msg":"Checking hotel availability"}
{"level":30,"time":"2026-07-29T10:59:30.452Z","application":"booking-benchmark","reqId":"d2e8c1f5-2058-4ea8-9665-3fcdbca6c663","service":"booking","bookingId":"BK-000078","customerId":"CUS-156273","hotelId":"HTL-002","component":"hotel","event":"availability_confirmed","hotelId":"HTL-002","availableRooms":8,"msg":"Hotel availability confirmed"}
{"level":30,"time":"2026-07-29T10:59:30.452Z","application":"booking-benchmark","reqId":"d2e8c1f5-2058-4ea8-9665-3fcdbca6c663","service":"booking","bookingId":"BK-000078","customerId":"CUS-156273","hotelId":"HTL-002","event":"hotel_validated","msg":"Hotel availability validated"}
{"level":30,"time":"2026-07-29T10:59:30.452Z","application":"booking-benchmark","reqId":"d2e8c1f5-2058-4ea8-9665-3fcdbca6c663","service":"booking","bookingId":"BK-000078","customerId":"CUS-156273","hotelId":"HTL-002","component":"payment","event":"payment_started","msg":"Authorizing payment"}
{"level":50,"time":"2026-07-29T10:59:30.452Z","application":"booking-benchmark","reqId":"d2e8c1f5-2058-4ea8-9665-3fcdbca6c663","service":"booking","bookingId":"BK-000078","customerId":"CUS-156273","hotelId":"HTL-002","component":"payment","event":"payment_provider_down","msg":"Payment provider unavailable"}
{"level":50,"time":"2026-07-29T10:59:30.452Z","application":"booking-benchmark","reqId":"d2e8c1f5-2058-4ea8-9665-3fcdbca6c663","event":"booking_failed","error":"Payment provider unavailable","msg":"Booking request failed"}
{"level":50,"time":"2026-07-29T10:59:30.452Z","application":"booking-benchmark","reqId":"d2e8c1f5-2058-4ea8-9665-3fcdbca6c663","event":"booking_workflow_failed","msg":"Booking workflow failed"}
{"level":30,"time":"2026-07-29T10:59:30.452Z","application":"booking-benchmark","reqId":"d2e8c1f5-2058-4ea8-9665-3fcdbca6c663","event":"http_request_completed","method":"POST","url":"/bookings","statusCode":503,"durationMs":0,"msg":"Request completed"}
{"level":30,"time":"2026-07-29T10:59:30.589Z","application":"booking-benchmark","reqId":"088bd7f7-749e-4e4f-8c81-4e13b5ef687d","event":"http_request_started","method":"POST","url":"/bookings","msg":"Incoming request"}
{"level":30,"time":"2026-07-29T10:59:30.589Z","application":"booking-benchmark","reqId":"088bd7f7-749e-4e4f-8c81-4e13b5ef687d","service":"booking","bookingId":"BK-000079","customerId":"CUS-322424","hotelId":"HTL-005","event":"booking_workflow_started","nights":7,"msg":"Booking workflow started"}
{"level":30,"time":"2026-07-29T10:59:30.589Z","application":"booking-benchmark","reqId":"088bd7f7-749e-4e4f-8c81-4e13b5ef687d","service":"booking","bookingId":"BK-000079","customerId":"CUS-322424","hotelId":"HTL-005","component":"hotel","event":"availability_check_started","hotelId":"HTL-005","msg":"Checking hotel availability"}
{"level":30,"time":"2026-07-29T10:59:30.589Z","application":"booking-benchmark","reqId":"088bd7f7-749e-4e4f-8c81-4e13b5ef687d","service":"booking","bookingId":"BK-000079","customerId":"CUS-322424","hotelId":"HTL-005","component":"hotel","event":"availability_confirmed","hotelId":"HTL-005","availableRooms":10,"msg":"Hotel availability confirmed"}
{"level":30,"time":"2026-07-29T10:59:30.589Z","application":"booking-benchmark","reqId":"088bd7f7-749e-4e4f-8c81-4e13b5ef687d","service":"booking","bookingId":"BK-000079","customerId":"CUS-322424","hotelId":"HTL-005","event":"hotel_validated","msg":"Hotel availability validated"}
{"level":30,"time":"2026-07-29T10:59:30.589Z","application":"booking-benchmark","reqId":"088bd7f7-749e-4e4f-8c81-4e13b5ef687d","service":"booking","bookingId":"BK-000079","customerId":"CUS-322424","hotelId":"HTL-005","component":"payment","event":"payment_started","msg":"Authorizing payment"}
{"level":50,"time":"2026-07-29T10:59:30.589Z","application":"booking-benchmark","reqId":"088bd7f7-749e-4e4f-8c81-4e13b5ef687d","service":"booking","bookingId":"BK-000079","customerId":"CUS-322424","hotelId":"HTL-005","component":"payment","event":"payment_provider_down","msg":"Payment provider unavailable"}
{"level":50,"time":"2026-07-29T10:59:30.589Z","application":"booking-benchmark","reqId":"088bd7f7-749e-4e4f-8c81-4e13b5ef687d","event":"booking_failed","error":"Payment provider unavailable","msg":"Booking request failed"}
{"level":50,"time":"2026-07-29T10:59:30.589Z","application":"booking-benchmark","reqId":"088bd7f7-749e-4e4f-8c81-4e13b5ef687d","event":"booking_workflow_failed","msg":"Booking workflow failed"}
{"level":30,"time":"2026-07-29T10:59:30.590Z","application":"booking-benchmark","reqId":"088bd7f7-749e-4e4f-8c81-4e13b5ef687d","event":"http_request_completed","method":"POST","url":"/bookings","statusCode":503,"durationMs":1,"msg":"Request completed"}
{"level":30,"time":"2026-07-29T10:59:30.682Z","application":"booking-benchmark","reqId":"3accc1fc-d4f7-4b72-9577-6df8416930fd","event":"http_request_started","method":"POST","url":"/bookings","msg":"Incoming request"}
{"level":30,"time":"2026-07-29T10:59:30.683Z","application":"booking-benchmark","reqId":"3accc1fc-d4f7-4b72-9577-6df8416930fd","service":"booking","bookingId":"BK-000080","customerId":"CUS-902486","hotelId":"HTL-003","event":"booking_workflow_started","nights":3,"msg":"Booking workflow started"}
{"level":30,"time":"2026-07-29T10:59:30.683Z","application":"booking-benchmark","reqId":"3accc1fc-d4f7-4b72-9577-6df8416930fd","service":"booking","bookingId":"BK-000080","customerId":"CUS-902486","hotelId":"HTL-003","component":"hotel","event":"availability_check_started","hotelId":"HTL-003","msg":"Checking hotel availability"}
{"level":30,"time":"2026-07-29T10:59:30.683Z","application":"booking-benchmark","reqId":"3accc1fc-d4f7-4b72-9577-6df8416930fd","service":"booking","bookingId":"BK-000080","customerId":"CUS-902486","hotelId":"HTL-003","component":"hotel","event":"availability_confirmed","hotelId":"HTL-003","availableRooms":12,"msg":"Hotel availability confirmed"}
{"level":30,"time":"2026-07-29T10:59:30.683Z","application":"booking-benchmark","reqId":"3accc1fc-d4f7-4b72-9577-6df8416930fd","service":"booking","bookingId":"BK-000080","customerId":"CUS-902486","hotelId":"HTL-003","event":"hotel_validated","msg":"Hotel availability validated"}
{"level":30,"time":"2026-07-29T10:59:30.683Z","application":"booking-benchmark","reqId":"3accc1fc-d4f7-4b72-9577-6df8416930fd","service":"booking","bookingId":"BK-000080","customerId":"CUS-902486","hotelId":"HTL-003","component":"payment","event":"payment_started","msg":"Authorizing payment"}
{"level":50,"time":"2026-07-29T10:59:30.683Z","application":"booking-benchmark","reqId":"3accc1fc-d4f7-4b72-9577-6df8416930fd","service":"booking","bookingId":"BK-000080","customerId":"CUS-902486","hotelId":"HTL-003","component":"payment","event":"payment_provider_down","msg":"Payment provider unavailable"}
{"level":50,"time":"2026-07-29T10:59:30.683Z","application":"booking-benchmark","reqId":"3accc1fc-d4f7-4b72-9577-6df8416930fd","event":"booking_failed","error":"Payment provider unavailable","msg":"Booking request failed"}
{"level":50,"time":"2026-07-29T10:59:30.683Z","application":"booking-benchmark","reqId":"3accc1fc-d4f7-4b72-9577-6df8416930fd","event":"booking_workflow_failed","msg":"Booking workflow failed"}
{"level":30,"time":"2026-07-29T10:59:30.684Z","application":"booking-benchmark","reqId":"3accc1fc-d4f7-4b72-9577-6df8416930fd","event":"http_request_completed","method":"POST","url":"/bookings","statusCode":503,"durationMs":2,"msg":"Request completed"}
{"level":30,"time":"2026-07-29T10:59:30.881Z","application":"booking-benchmark","reqId":"2696c36f-071e-40f5-aa8e-9074a04a3cfd","event":"http_request_started","method":"POST","url":"/bookings","msg":"Incoming request"}
{"level":30,"time":"2026-07-29T10:59:30.881Z","application":"booking-benchmark","reqId":"2696c36f-071e-40f5-aa8e-9074a04a3cfd","service":"booking","bookingId":"BK-000081","customerId":"CUS-226945","hotelId":"HTL-004","event":"booking_workflow_started","nights":2,"msg":"Booking workflow started"}
{"level":30,"time":"2026-07-29T10:59:30.881Z","application":"booking-benchmark","reqId":"2696c36f-071e-40f5-aa8e-9074a04a3cfd","service":"booking","bookingId":"BK-000081","customerId":"CUS-226945","hotelId":"HTL-004","component":"hotel","event":"availability_check_started","hotelId":"HTL-004","msg":"Checking hotel availability"}
{"level":30,"time":"2026-07-29T10:59:30.881Z","application":"booking-benchmark","reqId":"2696c36f-071e-40f5-aa8e-9074a04a3cfd","service":"booking","bookingId":"BK-000081","customerId":"CUS-226945","hotelId":"HTL-004","component":"hotel","event":"availability_confirmed","hotelId":"HTL-004","availableRooms":20,"msg":"Hotel availability confirmed"}
{"level":30,"time":"2026-07-29T10:59:30.881Z","application":"booking-benchmark","reqId":"2696c36f-071e-40f5-aa8e-9074a04a3cfd","service":"booking","bookingId":"BK-000081","customerId":"CUS-226945","hotelId":"HTL-004","event":"hotel_validated","msg":"Hotel availability validated"}
{"level":30,"time":"2026-07-29T10:59:30.881Z","application":"booking-benchmark","reqId":"2696c36f-071e-40f5-aa8e-9074a04a3cfd","service":"booking","bookingId":"BK-000081","customerId":"CUS-226945","hotelId":"HTL-004","component":"payment","event":"payment_started","msg":"Authorizing payment"}
{"level":50,"time":"2026-07-29T10:59:30.881Z","application":"booking-benchmark","reqId":"2696c36f-071e-40f5-aa8e-9074a04a3cfd","service":"booking","bookingId":"BK-000081","customerId":"CUS-226945","hotelId":"HTL-004","component":"payment","event":"payment_provider_down","msg":"Payment provider unavailable"}
{"level":50,"time":"2026-07-29T10:59:30.881Z","application":"booking-benchmark","reqId":"2696c36f-071e-40f5-aa8e-9074a04a3cfd","event":"booking_failed","error":"Payment provider unavailable","msg":"Booking request failed"}
{"level":50,"time":"2026-07-29T10:59:30.881Z","application":"booking-benchmark","reqId":"2696c36f-071e-40f5-aa8e-9074a04a3cfd","event":"booking_workflow_failed","msg":"Booking workflow failed"}
{"level":30,"time":"2026-07-29T10:59:30.882Z","application":"booking-benchmark","reqId":"2696c36f-071e-40f5-aa8e-9074a04a3cfd","event":"http_request_completed","method":"POST","url":"/bookings","statusCode":503,"durationMs":1,"msg":"Request completed"}
{"level":30,"time":"2026-07-29T10:59:31.006Z","application":"booking-benchmark","reqId":"26f675e7-4218-40a6-bba7-f3c6c9bd7e7a","event":"http_request_started","method":"POST","url":"/bookings","msg":"Incoming request"}
{"level":30,"time":"2026-07-29T10:59:31.007Z","application":"booking-benchmark","reqId":"26f675e7-4218-40a6-bba7-f3c6c9bd7e7a","service":"booking","bookingId":"BK-000082","customerId":"CUS-652340","hotelId":"HTL-005","event":"booking_workflow_started","nights":6,"msg":"Booking workflow started"}
{"level":30,"time":"2026-07-29T10:59:31.007Z","application":"booking-benchmark","reqId":"26f675e7-4218-40a6-bba7-f3c6c9bd7e7a","service":"booking","bookingId":"BK-000082","customerId":"CUS-652340","hotelId":"HTL-005","component":"hotel","event":"availability_check_started","hotelId":"HTL-005","msg":"Checking hotel availability"}
{"level":30,"time":"2026-07-29T10:59:31.007Z","application":"booking-benchmark","reqId":"26f675e7-4218-40a6-bba7-f3c6c9bd7e7a","service":"booking","bookingId":"BK-000082","customerId":"CUS-652340","hotelId":"HTL-005","component":"hotel","event":"availability_confirmed","hotelId":"HTL-005","availableRooms":10,"msg":"Hotel availability confirmed"}
{"level":30,"time":"2026-07-29T10:59:31.007Z","application":"booking-benchmark","reqId":"26f675e7-4218-40a6-bba7-f3c6c9bd7e7a","service":"booking","bookingId":"BK-000082","customerId":"CUS-652340","hotelId":"HTL-005","event":"hotel_validated","msg":"Hotel availability validated"}
{"level":30,"time":"2026-07-29T10:59:31.007Z","application":"booking-benchmark","reqId":"26f675e7-4218-40a6-bba7-f3c6c9bd7e7a","service":"booking","bookingId":"BK-000082","customerId":"CUS-652340","hotelId":"HTL-005","component":"payment","event":"payment_started","msg":"Authorizing payment"}
{"level":50,"time":"2026-07-29T10:59:31.007Z","application":"booking-benchmark","reqId":"26f675e7-4218-40a6-bba7-f3c6c9bd7e7a","service":"booking","bookingId":"BK-000082","customerId":"CUS-652340","hotelId":"HTL-005","component":"payment","event":"payment_provider_down","msg":"Payment provider unavailable"}
{"level":50,"time":"2026-07-29T10:59:31.007Z","application":"booking-benchmark","reqId":"26f675e7-4218-40a6-bba7-f3c6c9bd7e7a","event":"booking_failed","error":"Payment provider unavailable","msg":"Booking request failed"}
{"level":50,"time":"2026-07-29T10:59:31.007Z","application":"booking-benchmark","reqId":"26f675e7-4218-40a6-bba7-f3c6c9bd7e7a","event":"booking_workflow_failed","msg":"Booking workflow failed"}
{"level":30,"time":"2026-07-29T10:59:31.008Z","application":"booking-benchmark","reqId":"26f675e7-4218-40a6-bba7-f3c6c9bd7e7a","event":"http_request_completed","method":"POST","url":"/bookings","statusCode":503,"durationMs":2,"msg":"Request completed"}
{"level":30,"time":"2026-07-29T10:59:31.198Z","application":"booking-benchmark","reqId":"a01ee707-9b8c-4198-8fb1-7087bb64ba7d","event":"http_request_started","method":"POST","url":"/bookings","msg":"Incoming request"}
{"level":30,"time":"2026-07-29T10:59:31.198Z","application":"booking-benchmark","reqId":"a01ee707-9b8c-4198-8fb1-7087bb64ba7d","service":"booking","bookingId":"BK-000083","customerId":"CUS-611104","hotelId":"HTL-001","event":"booking_workflow_started","nights":3,"msg":"Booking workflow started"}
{"level":30,"time":"2026-07-29T10:59:31.198Z","application":"booking-benchmark","reqId":"a01ee707-9b8c-4198-8fb1-7087bb64ba7d","service":"booking","bookingId":"BK-000083","customerId":"CUS-611104","hotelId":"HTL-001","component":"hotel","event":"availability_check_started","hotelId":"HTL-001","msg":"Checking hotel availability"}
{"level":30,"time":"2026-07-29T10:59:31.198Z","application":"booking-benchmark","reqId":"a01ee707-9b8c-4198-8fb1-7087bb64ba7d","service":"booking","bookingId":"BK-000083","customerId":"CUS-611104","hotelId":"HTL-001","component":"hotel","event":"availability_confirmed","hotelId":"HTL-001","availableRooms":15,"msg":"Hotel availability confirmed"}
{"level":30,"time":"2026-07-29T10:59:31.198Z","application":"booking-benchmark","reqId":"a01ee707-9b8c-4198-8fb1-7087bb64ba7d","service":"booking","bookingId":"BK-000083","customerId":"CUS-611104","hotelId":"HTL-001","event":"hotel_validated","msg":"Hotel availability validated"}
{"level":30,"time":"2026-07-29T10:59:31.198Z","application":"booking-benchmark","reqId":"a01ee707-9b8c-4198-8fb1-7087bb64ba7d","service":"booking","bookingId":"BK-000083","customerId":"CUS-611104","hotelId":"HTL-001","component":"payment","event":"payment_started","msg":"Authorizing payment"}
{"level":50,"time":"2026-07-29T10:59:31.198Z","application":"booking-benchmark","reqId":"a01ee707-9b8c-4198-8fb1-7087bb64ba7d","service":"booking","bookingId":"BK-000083","customerId":"CUS-611104","hotelId":"HTL-001","component":"payment","event":"payment_provider_down","msg":"Payment provider unavailable"}
{"level":50,"time":"2026-07-29T10:59:31.198Z","application":"booking-benchmark","reqId":"a01ee707-9b8c-4198-8fb1-7087bb64ba7d","event":"booking_failed","error":"Payment provider unavailable","msg":"Booking request failed"}
{"level":50,"time":"2026-07-29T10:59:31.198Z","application":"booking-benchmark","reqId":"a01ee707-9b8c-4198-8fb1-7087bb64ba7d","event":"booking_workflow_failed","msg":"Booking workflow failed"}
{"level":30,"time":"2026-07-29T10:59:31.198Z","application":"booking-benchmark","reqId":"a01ee707-9b8c-4198-8fb1-7087bb64ba7d","event":"http_request_completed","method":"POST","url":"/bookings","statusCode":503,"durationMs":0,"msg":"Request completed"}
{"level":30,"time":"2026-07-29T10:59:31.357Z","application":"booking-benchmark","reqId":"586c2254-e3e6-4a0d-9062-47e6cc5686f1","event":"http_request_started","method":"POST","url":"/bookings","msg":"Incoming request"}
{"level":30,"time":"2026-07-29T10:59:31.358Z","application":"booking-benchmark","reqId":"586c2254-e3e6-4a0d-9062-47e6cc5686f1","service":"booking","bookingId":"BK-000084","customerId":"CUS-788500","hotelId":"HTL-003","event":"booking_workflow_started","nights":6,"msg":"Booking workflow started"}
{"level":30,"time":"2026-07-29T10:59:31.358Z","application":"booking-benchmark","reqId":"586c2254-e3e6-4a0d-9062-47e6cc5686f1","service":"booking","bookingId":"BK-000084","customerId":"CUS-788500","hotelId":"HTL-003","component":"hotel","event":"availability_check_started","hotelId":"HTL-003","msg":"Checking hotel availability"}
{"level":30,"time":"2026-07-29T10:59:31.358Z","application":"booking-benchmark","reqId":"586c2254-e3e6-4a0d-9062-47e6cc5686f1","service":"booking","bookingId":"BK-000084","customerId":"CUS-788500","hotelId":"HTL-003","component":"hotel","event":"availability_confirmed","hotelId":"HTL-003","availableRooms":12,"msg":"Hotel availability confirmed"}
{"level":30,"time":"2026-07-29T10:59:31.358Z","application":"booking-benchmark","reqId":"586c2254-e3e6-4a0d-9062-47e6cc5686f1","service":"booking","bookingId":"BK-000084","customerId":"CUS-788500","hotelId":"HTL-003","event":"hotel_validated","msg":"Hotel availability validated"}
{"level":30,"time":"2026-07-29T10:59:31.358Z","application":"booking-benchmark","reqId":"586c2254-e3e6-4a0d-9062-47e6cc5686f1","service":"booking","bookingId":"BK-000084","customerId":"CUS-788500","hotelId":"HTL-003","component":"payment","event":"payment_started","msg":"Authorizing payment"}
{"level":50,"time":"2026-07-29T10:59:31.358Z","application":"booking-benchmark","reqId":"586c2254-e3e6-4a0d-9062-47e6cc5686f1","service":"booking","bookingId":"BK-000084","customerId":"CUS-788500","hotelId":"HTL-003","component":"payment","event":"payment_provider_down","msg":"Payment provider unavailable"}
{"level":50,"time":"2026-07-29T10:59:31.358Z","application":"booking-benchmark","reqId":"586c2254-e3e6-4a0d-9062-47e6cc5686f1","event":"booking_failed","error":"Payment provider unavailable","msg":"Booking request failed"}
{"level":50,"time":"2026-07-29T10:59:31.358Z","application":"booking-benchmark","reqId":"586c2254-e3e6-4a0d-9062-47e6cc5686f1","event":"booking_workflow_failed","msg":"Booking workflow failed"}
{"level":30,"time":"2026-07-29T10:59:31.359Z","application":"booking-benchmark","reqId":"586c2254-e3e6-4a0d-9062-47e6cc5686f1","event":"http_request_completed","method":"POST","url":"/bookings","statusCode":503,"durationMs":2,"msg":"Request completed"}
{"level":30,"time":"2026-07-29T10:59:31.426Z","application":"booking-benchmark","reqId":"2e3ba2df-4aa0-4a9c-ab47-3e26311bd062","event":"http_request_started","method":"POST","url":"/bookings","msg":"Incoming request"}
{"level":30,"time":"2026-07-29T10:59:31.427Z","application":"booking-benchmark","reqId":"2e3ba2df-4aa0-4a9c-ab47-3e26311bd062","service":"booking","bookingId":"BK-000085","customerId":"CUS-358878","hotelId":"HTL-001","event":"booking_workflow_started","nights":6,"msg":"Booking workflow started"}
{"level":30,"time":"2026-07-29T10:59:31.427Z","application":"booking-benchmark","reqId":"2e3ba2df-4aa0-4a9c-ab47-3e26311bd062","service":"booking","bookingId":"BK-000085","customerId":"CUS-358878","hotelId":"HTL-001","component":"hotel","event":"availability_check_started","hotelId":"HTL-001","msg":"Checking hotel availability"}
{"level":30,"time":"2026-07-29T10:59:31.427Z","application":"booking-benchmark","reqId":"2e3ba2df-4aa0-4a9c-ab47-3e26311bd062","service":"booking","bookingId":"BK-000085","customerId":"CUS-358878","hotelId":"HTL-001","component":"hotel","event":"availability_confirmed","hotelId":"HTL-001","availableRooms":15,"msg":"Hotel availability confirmed"}
{"level":30,"time":"2026-07-29T10:59:31.427Z","application":"booking-benchmark","reqId":"2e3ba2df-4aa0-4a9c-ab47-3e26311bd062","service":"booking","bookingId":"BK-000085","customerId":"CUS-358878","hotelId":"HTL-001","event":"hotel_validated","msg":"Hotel availability validated"}
{"level":30,"time":"2026-07-29T10:59:31.427Z","application":"booking-benchmark","reqId":"2e3ba2df-4aa0-4a9c-ab47-3e26311bd062","service":"booking","bookingId":"BK-000085","customerId":"CUS-358878","hotelId":"HTL-001","component":"payment","event":"payment_started","msg":"Authorizing payment"}
{"level":50,"time":"2026-07-29T10:59:31.427Z","application":"booking-benchmark","reqId":"2e3ba2df-4aa0-4a9c-ab47-3e26311bd062","service":"booking","bookingId":"BK-000085","customerId":"CUS-358878","hotelId":"HTL-001","component":"payment","event":"payment_provider_down","msg":"Payment provider unavailable"}
{"level":50,"time":"2026-07-29T10:59:31.427Z","application":"booking-benchmark","reqId":"2e3ba2df-4aa0-4a9c-ab47-3e26311bd062","event":"booking_failed","error":"Payment provider unavailable","msg":"Booking request failed"}
{"level":50,"time":"2026-07-29T10:59:31.427Z","application":"booking-benchmark","reqId":"2e3ba2df-4aa0-4a9c-ab47-3e26311bd062","event":"booking_workflow_failed","msg":"Booking workflow failed"}
{"level":30,"time":"2026-07-29T10:59:31.428Z","application":"booking-benchmark","reqId":"2e3ba2df-4aa0-4a9c-ab47-3e26311bd062","event":"http_request_completed","method":"POST","url":"/bookings","statusCode":503,"durationMs":2,"msg":"Request completed"}
{"level":30,"time":"2026-07-29T10:59:31.512Z","application":"booking-benchmark","reqId":"6e4cdffb-f368-4c07-8685-ed7adafc9689","event":"http_request_started","method":"POST","url":"/bookings","msg":"Incoming request"}
{"level":30,"time":"2026-07-29T10:59:31.512Z","application":"booking-benchmark","reqId":"6e4cdffb-f368-4c07-8685-ed7adafc9689","service":"booking","bookingId":"BK-000086","customerId":"CUS-857275","hotelId":"HTL-003","event":"booking_workflow_started","nights":7,"msg":"Booking workflow started"}
{"level":30,"time":"2026-07-29T10:59:31.512Z","application":"booking-benchmark","reqId":"6e4cdffb-f368-4c07-8685-ed7adafc9689","service":"booking","bookingId":"BK-000086","customerId":"CUS-857275","hotelId":"HTL-003","component":"hotel","event":"availability_check_started","hotelId":"HTL-003","msg":"Checking hotel availability"}
{"level":30,"time":"2026-07-29T10:59:31.512Z","application":"booking-benchmark","reqId":"6e4cdffb-f368-4c07-8685-ed7adafc9689","service":"booking","bookingId":"BK-000086","customerId":"CUS-857275","hotelId":"HTL-003","component":"hotel","event":"availability_confirmed","hotelId":"HTL-003","availableRooms":12,"msg":"Hotel availability confirmed"}
{"level":30,"time":"2026-07-29T10:59:31.512Z","application":"booking-benchmark","reqId":"6e4cdffb-f368-4c07-8685-ed7adafc9689","service":"booking","bookingId":"BK-000086","customerId":"CUS-857275","hotelId":"HTL-003","event":"hotel_validated","msg":"Hotel availability validated"}
{"level":30,"time":"2026-07-29T10:59:31.512Z","application":"booking-benchmark","reqId":"6e4cdffb-f368-4c07-8685-ed7adafc9689","service":"booking","bookingId":"BK-000086","customerId":"CUS-857275","hotelId":"HTL-003","component":"payment","event":"payment_started","msg":"Authorizing payment"}
{"level":50,"time":"2026-07-29T10:59:31.512Z","application":"booking-benchmark","reqId":"6e4cdffb-f368-4c07-8685-ed7adafc9689","service":"booking","bookingId":"BK-000086","customerId":"CUS-857275","hotelId":"HTL-003","component":"payment","event":"payment_provider_down","msg":"Payment provider unavailable"}
{"level":50,"time":"2026-07-29T10:59:31.512Z","application":"booking-benchmark","reqId":"6e4cdffb-f368-4c07-8685-ed7adafc9689","event":"booking_failed","error":"Payment provider unavailable","msg":"Booking request failed"}
{"level":50,"time":"2026-07-29T10:59:31.512Z","application":"booking-benchmark","reqId":"6e4cdffb-f368-4c07-8685-ed7adafc9689","event":"booking_workflow_failed","msg":"Booking workflow failed"}
{"level":30,"time":"2026-07-29T10:59:31.513Z","application":"booking-benchmark","reqId":"6e4cdffb-f368-4c07-8685-ed7adafc9689","event":"http_request_completed","method":"POST","url":"/bookings","statusCode":503,"durationMs":1,"msg":"Request completed"}
{"level":30,"time":"2026-07-29T10:59:31.658Z","application":"booking-benchmark","reqId":"931d6fbd-6a15-45d6-a379-e65ab2f9af83","event":"http_request_started","method":"POST","url":"/bookings","msg":"Incoming request"}
{"level":30,"time":"2026-07-29T10:59:31.658Z","application":"booking-benchmark","reqId":"931d6fbd-6a15-45d6-a379-e65ab2f9af83","service":"booking","bookingId":"BK-000087","customerId":"CUS-659873","hotelId":"HTL-002","event":"booking_workflow_started","nights":4,"msg":"Booking workflow started"}
{"level":30,"time":"2026-07-29T10:59:31.658Z","application":"booking-benchmark","reqId":"931d6fbd-6a15-45d6-a379-e65ab2f9af83","service":"booking","bookingId":"BK-000087","customerId":"CUS-659873","hotelId":"HTL-002","component":"hotel","event":"availability_check_started","hotelId":"HTL-002","msg":"Checking hotel availability"}
{"level":30,"time":"2026-07-29T10:59:31.658Z","application":"booking-benchmark","reqId":"931d6fbd-6a15-45d6-a379-e65ab2f9af83","service":"booking","bookingId":"BK-000087","customerId":"CUS-659873","hotelId":"HTL-002","component":"hotel","event":"availability_confirmed","hotelId":"HTL-002","availableRooms":8,"msg":"Hotel availability confirmed"}
{"level":30,"time":"2026-07-29T10:59:31.658Z","application":"booking-benchmark","reqId":"931d6fbd-6a15-45d6-a379-e65ab2f9af83","service":"booking","bookingId":"BK-000087","customerId":"CUS-659873","hotelId":"HTL-002","event":"hotel_validated","msg":"Hotel availability validated"}
{"level":30,"time":"2026-07-29T10:59:31.658Z","application":"booking-benchmark","reqId":"931d6fbd-6a15-45d6-a379-e65ab2f9af83","service":"booking","bookingId":"BK-000087","customerId":"CUS-659873","hotelId":"HTL-002","component":"payment","event":"payment_started","msg":"Authorizing payment"}
{"level":50,"time":"2026-07-29T10:59:31.658Z","application":"booking-benchmark","reqId":"931d6fbd-6a15-45d6-a379-e65ab2f9af83","service":"booking","bookingId":"BK-000087","customerId":"CUS-659873","hotelId":"HTL-002","component":"payment","event":"payment_provider_down","msg":"Payment provider unavailable"}
{"level":50,"time":"2026-07-29T10:59:31.658Z","application":"booking-benchmark","reqId":"931d6fbd-6a15-45d6-a379-e65ab2f9af83","event":"booking_failed","error":"Payment provider unavailable","msg":"Booking request failed"}
{"level":50,"time":"2026-07-29T10:59:31.658Z","application":"booking-benchmark","reqId":"931d6fbd-6a15-45d6-a379-e65ab2f9af83","event":"booking_workflow_failed","msg":"Booking workflow failed"}
{"level":30,"time":"2026-07-29T10:59:31.659Z","application":"booking-benchmark","reqId":"931d6fbd-6a15-45d6-a379-e65ab2f9af83","event":"http_request_completed","method":"POST","url":"/bookings","statusCode":503,"durationMs":1,"msg":"Request completed"}
{"level":30,"time":"2026-07-29T10:59:31.849Z","application":"booking-benchmark","reqId":"bbd18e5c-2c5f-49e4-a08b-cd489781c2f9","event":"http_request_started","method":"POST","url":"/bookings","msg":"Incoming request"}
{"level":30,"time":"2026-07-29T10:59:31.849Z","application":"booking-benchmark","reqId":"bbd18e5c-2c5f-49e4-a08b-cd489781c2f9","service":"booking","bookingId":"BK-000088","customerId":"CUS-184688","hotelId":"HTL-001","event":"booking_workflow_started","nights":3,"msg":"Booking workflow started"}
{"level":30,"time":"2026-07-29T10:59:31.849Z","application":"booking-benchmark","reqId":"bbd18e5c-2c5f-49e4-a08b-cd489781c2f9","service":"booking","bookingId":"BK-000088","customerId":"CUS-184688","hotelId":"HTL-001","component":"hotel","event":"availability_check_started","hotelId":"HTL-001","msg":"Checking hotel availability"}
{"level":30,"time":"2026-07-29T10:59:31.849Z","application":"booking-benchmark","reqId":"bbd18e5c-2c5f-49e4-a08b-cd489781c2f9","service":"booking","bookingId":"BK-000088","customerId":"CUS-184688","hotelId":"HTL-001","component":"hotel","event":"availability_confirmed","hotelId":"HTL-001","availableRooms":15,"msg":"Hotel availability confirmed"}
{"level":30,"time":"2026-07-29T10:59:31.849Z","application":"booking-benchmark","reqId":"bbd18e5c-2c5f-49e4-a08b-cd489781c2f9","service":"booking","bookingId":"BK-000088","customerId":"CUS-184688","hotelId":"HTL-001","event":"hotel_validated","msg":"Hotel availability validated"}
{"level":30,"time":"2026-07-29T10:59:31.849Z","application":"booking-benchmark","reqId":"bbd18e5c-2c5f-49e4-a08b-cd489781c2f9","service":"booking","bookingId":"BK-000088","customerId":"CUS-184688","hotelId":"HTL-001","component":"payment","event":"payment_started","msg":"Authorizing payment"}
{"level":50,"time":"2026-07-29T10:59:31.849Z","application":"booking-benchmark","reqId":"bbd18e5c-2c5f-49e4-a08b-cd489781c2f9","service":"booking","bookingId":"BK-000088","customerId":"CUS-184688","hotelId":"HTL-001","component":"payment","event":"payment_provider_down","msg":"Payment provider unavailable"}
{"level":50,"time":"2026-07-29T10:59:31.850Z","application":"booking-benchmark","reqId":"bbd18e5c-2c5f-49e4-a08b-cd489781c2f9","event":"booking_failed","error":"Payment provider unavailable","msg":"Booking request failed"}
{"level":50,"time":"2026-07-29T10:59:31.850Z","application":"booking-benchmark","reqId":"bbd18e5c-2c5f-49e4-a08b-cd489781c2f9","event":"booking_workflow_failed","msg":"Booking workflow failed"}
{"level":30,"time":"2026-07-29T10:59:31.850Z","application":"booking-benchmark","reqId":"bbd18e5c-2c5f-49e4-a08b-cd489781c2f9","event":"http_request_completed","method":"POST","url":"/bookings","statusCode":503,"durationMs":1,"msg":"Request completed"}
{"level":30,"time":"2026-07-29T10:59:31.940Z","application":"booking-benchmark","reqId":"48e21c4a-eab4-4d89-b749-2f2d4cfcbee5","event":"http_request_started","method":"POST","url":"/bookings","msg":"Incoming request"}
{"level":30,"time":"2026-07-29T10:59:31.941Z","application":"booking-benchmark","reqId":"48e21c4a-eab4-4d89-b749-2f2d4cfcbee5","service":"booking","bookingId":"BK-000089","customerId":"CUS-614593","hotelId":"HTL-002","event":"booking_workflow_started","nights":3,"msg":"Booking workflow started"}
{"level":30,"time":"2026-07-29T10:59:31.941Z","application":"booking-benchmark","reqId":"48e21c4a-eab4-4d89-b749-2f2d4cfcbee5","service":"booking","bookingId":"BK-000089","customerId":"CUS-614593","hotelId":"HTL-002","component":"hotel","event":"availability_check_started","hotelId":"HTL-002","msg":"Checking hotel availability"}
{"level":30,"time":"2026-07-29T10:59:31.941Z","application":"booking-benchmark","reqId":"48e21c4a-eab4-4d89-b749-2f2d4cfcbee5","service":"booking","bookingId":"BK-000089","customerId":"CUS-614593","hotelId":"HTL-002","component":"hotel","event":"availability_confirmed","hotelId":"HTL-002","availableRooms":8,"msg":"Hotel availability confirmed"}
{"level":30,"time":"2026-07-29T10:59:31.941Z","application":"booking-benchmark","reqId":"48e21c4a-eab4-4d89-b749-2f2d4cfcbee5","service":"booking","bookingId":"BK-000089","customerId":"CUS-614593","hotelId":"HTL-002","event":"hotel_validated","msg":"Hotel availability validated"}
{"level":30,"time":"2026-07-29T10:59:31.941Z","application":"booking-benchmark","reqId":"48e21c4a-eab4-4d89-b749-2f2d4cfcbee5","service":"booking","bookingId":"BK-000089","customerId":"CUS-614593","hotelId":"HTL-002","component":"payment","event":"payment_started","msg":"Authorizing payment"}
{"level":50,"time":"2026-07-29T10:59:31.941Z","application":"booking-benchmark","reqId":"48e21c4a-eab4-4d89-b749-2f2d4cfcbee5","service":"booking","bookingId":"BK-000089","customerId":"CUS-614593","hotelId":"HTL-002","component":"payment","event":"payment_provider_down","msg":"Payment provider unavailable"}
{"level":50,"time":"2026-07-29T10:59:31.941Z","application":"booking-benchmark","reqId":"48e21c4a-eab4-4d89-b749-2f2d4cfcbee5","event":"booking_failed","error":"Payment provider unavailable","msg":"Booking request failed"}
{"level":50,"time":"2026-07-29T10:59:31.941Z","application":"booking-benchmark","reqId":"48e21c4a-eab4-4d89-b749-2f2d4cfcbee5","event":"booking_workflow_failed","msg":"Booking workflow failed"}
{"level":30,"time":"2026-07-29T10:59:31.942Z","application":"booking-benchmark","reqId":"48e21c4a-eab4-4d89-b749-2f2d4cfcbee5","event":"http_request_completed","method":"POST","url":"/bookings","statusCode":503,"durationMs":2,"msg":"Request completed"}
{"level":30,"time":"2026-07-29T10:59:32.086Z","application":"booking-benchmark","reqId":"25e5b3da-8266-413d-ab7b-1a5d84808c6a","event":"http_request_started","method":"POST","url":"/bookings","msg":"Incoming request"}
{"level":30,"time":"2026-07-29T10:59:32.086Z","application":"booking-benchmark","reqId":"25e5b3da-8266-413d-ab7b-1a5d84808c6a","service":"booking","bookingId":"BK-000090","customerId":"CUS-699619","hotelId":"HTL-004","event":"booking_workflow_started","nights":1,"msg":"Booking workflow started"}
{"level":30,"time":"2026-07-29T10:59:32.086Z","application":"booking-benchmark","reqId":"25e5b3da-8266-413d-ab7b-1a5d84808c6a","service":"booking","bookingId":"BK-000090","customerId":"CUS-699619","hotelId":"HTL-004","component":"hotel","event":"availability_check_started","hotelId":"HTL-004","msg":"Checking hotel availability"}
{"level":30,"time":"2026-07-29T10:59:32.086Z","application":"booking-benchmark","reqId":"25e5b3da-8266-413d-ab7b-1a5d84808c6a","service":"booking","bookingId":"BK-000090","customerId":"CUS-699619","hotelId":"HTL-004","component":"hotel","event":"availability_confirmed","hotelId":"HTL-004","availableRooms":20,"msg":"Hotel availability confirmed"}
{"level":30,"time":"2026-07-29T10:59:32.086Z","application":"booking-benchmark","reqId":"25e5b3da-8266-413d-ab7b-1a5d84808c6a","service":"booking","bookingId":"BK-000090","customerId":"CUS-699619","hotelId":"HTL-004","event":"hotel_validated","msg":"Hotel availability validated"}
{"level":30,"time":"2026-07-29T10:59:32.086Z","application":"booking-benchmark","reqId":"25e5b3da-8266-413d-ab7b-1a5d84808c6a","service":"booking","bookingId":"BK-000090","customerId":"CUS-699619","hotelId":"HTL-004","component":"payment","event":"payment_started","msg":"Authorizing payment"}
{"level":50,"time":"2026-07-29T10:59:32.086Z","application":"booking-benchmark","reqId":"25e5b3da-8266-413d-ab7b-1a5d84808c6a","service":"booking","bookingId":"BK-000090","customerId":"CUS-699619","hotelId":"HTL-004","component":"payment","event":"payment_provider_down","msg":"Payment provider unavailable"}
{"level":50,"time":"2026-07-29T10:59:32.086Z","application":"booking-benchmark","reqId":"25e5b3da-8266-413d-ab7b-1a5d84808c6a","event":"booking_failed","error":"Payment provider unavailable","msg":"Booking request failed"}
{"level":50,"time":"2026-07-29T10:59:32.086Z","application":"booking-benchmark","reqId":"25e5b3da-8266-413d-ab7b-1a5d84808c6a","event":"booking_workflow_failed","msg":"Booking workflow failed"}
{"level":30,"time":"2026-07-29T10:59:32.087Z","application":"booking-benchmark","reqId":"25e5b3da-8266-413d-ab7b-1a5d84808c6a","event":"http_request_completed","method":"POST","url":"/bookings","statusCode":503,"durationMs":1,"msg":"Request completed"}
{"level":30,"time":"2026-07-29T10:59:32.157Z","application":"booking-benchmark","reqId":"4cc17d15-7f29-4139-a81c-5c15bd536f43","event":"http_request_started","method":"POST","url":"/bookings","msg":"Incoming request"}
{"level":30,"time":"2026-07-29T10:59:32.158Z","application":"booking-benchmark","reqId":"4cc17d15-7f29-4139-a81c-5c15bd536f43","service":"booking","bookingId":"BK-000091","customerId":"CUS-318450","hotelId":"HTL-003","event":"booking_workflow_started","nights":3,"msg":"Booking workflow started"}
{"level":30,"time":"2026-07-29T10:59:32.158Z","application":"booking-benchmark","reqId":"4cc17d15-7f29-4139-a81c-5c15bd536f43","service":"booking","bookingId":"BK-000091","customerId":"CUS-318450","hotelId":"HTL-003","component":"hotel","event":"availability_check_started","hotelId":"HTL-003","msg":"Checking hotel availability"}
{"level":30,"time":"2026-07-29T10:59:32.158Z","application":"booking-benchmark","reqId":"4cc17d15-7f29-4139-a81c-5c15bd536f43","service":"booking","bookingId":"BK-000091","customerId":"CUS-318450","hotelId":"HTL-003","component":"hotel","event":"availability_confirmed","hotelId":"HTL-003","availableRooms":12,"msg":"Hotel availability confirmed"}
{"level":30,"time":"2026-07-29T10:59:32.158Z","application":"booking-benchmark","reqId":"4cc17d15-7f29-4139-a81c-5c15bd536f43","service":"booking","bookingId":"BK-000091","customerId":"CUS-318450","hotelId":"HTL-003","event":"hotel_validated","msg":"Hotel availability validated"}
{"level":30,"time":"2026-07-29T10:59:32.158Z","application":"booking-benchmark","reqId":"4cc17d15-7f29-4139-a81c-5c15bd536f43","service":"booking","bookingId":"BK-000091","customerId":"CUS-318450","hotelId":"HTL-003","component":"payment","event":"payment_started","msg":"Authorizing payment"}
{"level":50,"time":"2026-07-29T10:59:32.158Z","application":"booking-benchmark","reqId":"4cc17d15-7f29-4139-a81c-5c15bd536f43","service":"booking","bookingId":"BK-000091","customerId":"CUS-318450","hotelId":"HTL-003","component":"payment","event":"payment_provider_down","msg":"Payment provider unavailable"}
{"level":50,"time":"2026-07-29T10:59:32.158Z","application":"booking-benchmark","reqId":"4cc17d15-7f29-4139-a81c-5c15bd536f43","event":"booking_failed","error":"Payment provider unavailable","msg":"Booking request failed"}
{"level":50,"time":"2026-07-29T10:59:32.158Z","application":"booking-benchmark","reqId":"4cc17d15-7f29-4139-a81c-5c15bd536f43","event":"booking_workflow_failed","msg":"Booking workflow failed"}
{"level":30,"time":"2026-07-29T10:59:32.158Z","application":"booking-benchmark","reqId":"4cc17d15-7f29-4139-a81c-5c15bd536f43","event":"http_request_completed","method":"POST","url":"/bookings","statusCode":503,"durationMs":1,"msg":"Request completed"}
{"level":30,"time":"2026-07-29T10:59:32.362Z","application":"booking-benchmark","reqId":"9f0e9954-6b24-468a-a5c6-254c9382685d","event":"http_request_started","method":"POST","url":"/bookings","msg":"Incoming request"}
{"level":30,"time":"2026-07-29T10:59:32.362Z","application":"booking-benchmark","reqId":"9f0e9954-6b24-468a-a5c6-254c9382685d","service":"booking","bookingId":"BK-000092","customerId":"CUS-830953","hotelId":"HTL-002","event":"booking_workflow_started","nights":2,"msg":"Booking workflow started"}
{"level":30,"time":"2026-07-29T10:59:32.362Z","application":"booking-benchmark","reqId":"9f0e9954-6b24-468a-a5c6-254c9382685d","service":"booking","bookingId":"BK-000092","customerId":"CUS-830953","hotelId":"HTL-002","component":"hotel","event":"availability_check_started","hotelId":"HTL-002","msg":"Checking hotel availability"}
{"level":30,"time":"2026-07-29T10:59:32.362Z","application":"booking-benchmark","reqId":"9f0e9954-6b24-468a-a5c6-254c9382685d","service":"booking","bookingId":"BK-000092","customerId":"CUS-830953","hotelId":"HTL-002","component":"hotel","event":"availability_confirmed","hotelId":"HTL-002","availableRooms":8,"msg":"Hotel availability confirmed"}
{"level":30,"time":"2026-07-29T10:59:32.362Z","application":"booking-benchmark","reqId":"9f0e9954-6b24-468a-a5c6-254c9382685d","service":"booking","bookingId":"BK-000092","customerId":"CUS-830953","hotelId":"HTL-002","event":"hotel_validated","msg":"Hotel availability validated"}
{"level":30,"time":"2026-07-29T10:59:32.362Z","application":"booking-benchmark","reqId":"9f0e9954-6b24-468a-a5c6-254c9382685d","service":"booking","bookingId":"BK-000092","customerId":"CUS-830953","hotelId":"HTL-002","component":"payment","event":"payment_started","msg":"Authorizing payment"}
{"level":50,"time":"2026-07-29T10:59:32.362Z","application":"booking-benchmark","reqId":"9f0e9954-6b24-468a-a5c6-254c9382685d","service":"booking","bookingId":"BK-000092","customerId":"CUS-830953","hotelId":"HTL-002","component":"payment","event":"payment_provider_down","msg":"Payment provider unavailable"}
{"level":50,"time":"2026-07-29T10:59:32.362Z","application":"booking-benchmark","reqId":"9f0e9954-6b24-468a-a5c6-254c9382685d","event":"booking_failed","error":"Payment provider unavailable","msg":"Booking request failed"}
{"level":50,"time":"2026-07-29T10:59:32.362Z","application":"booking-benchmark","reqId":"9f0e9954-6b24-468a-a5c6-254c9382685d","event":"booking_workflow_failed","msg":"Booking workflow failed"}
{"level":30,"time":"2026-07-29T10:59:32.363Z","application":"booking-benchmark","reqId":"9f0e9954-6b24-468a-a5c6-254c9382685d","event":"http_request_completed","method":"POST","url":"/bookings","statusCode":503,"durationMs":1,"msg":"Request completed"}
{"level":30,"time":"2026-07-29T10:59:32.460Z","application":"booking-benchmark","reqId":"07d3f39c-dcc8-4b16-abc1-dec9234ba0ae","event":"http_request_started","method":"POST","url":"/bookings","msg":"Incoming request"}
{"level":30,"time":"2026-07-29T10:59:32.460Z","application":"booking-benchmark","reqId":"07d3f39c-dcc8-4b16-abc1-dec9234ba0ae","service":"booking","bookingId":"BK-000093","customerId":"CUS-259562","hotelId":"HTL-003","event":"booking_workflow_started","nights":1,"msg":"Booking workflow started"}
{"level":30,"time":"2026-07-29T10:59:32.460Z","application":"booking-benchmark","reqId":"07d3f39c-dcc8-4b16-abc1-dec9234ba0ae","service":"booking","bookingId":"BK-000093","customerId":"CUS-259562","hotelId":"HTL-003","component":"hotel","event":"availability_check_started","hotelId":"HTL-003","msg":"Checking hotel availability"}
{"level":30,"time":"2026-07-29T10:59:32.460Z","application":"booking-benchmark","reqId":"07d3f39c-dcc8-4b16-abc1-dec9234ba0ae","service":"booking","bookingId":"BK-000093","customerId":"CUS-259562","hotelId":"HTL-003","component":"hotel","event":"availability_confirmed","hotelId":"HTL-003","availableRooms":12,"msg":"Hotel availability confirmed"}
{"level":30,"time":"2026-07-29T10:59:32.460Z","application":"booking-benchmark","reqId":"07d3f39c-dcc8-4b16-abc1-dec9234ba0ae","service":"booking","bookingId":"BK-000093","customerId":"CUS-259562","hotelId":"HTL-003","event":"hotel_validated","msg":"Hotel availability validated"}
{"level":30,"time":"2026-07-29T10:59:32.460Z","application":"booking-benchmark","reqId":"07d3f39c-dcc8-4b16-abc1-dec9234ba0ae","service":"booking","bookingId":"BK-000093","customerId":"CUS-259562","hotelId":"HTL-003","component":"payment","event":"payment_started","msg":"Authorizing payment"}
{"level":50,"time":"2026-07-29T10:59:32.460Z","application":"booking-benchmark","reqId":"07d3f39c-dcc8-4b16-abc1-dec9234ba0ae","service":"booking","bookingId":"BK-000093","customerId":"CUS-259562","hotelId":"HTL-003","component":"payment","event":"payment_provider_down","msg":"Payment provider unavailable"}
{"level":50,"time":"2026-07-29T10:59:32.460Z","application":"booking-benchmark","reqId":"07d3f39c-dcc8-4b16-abc1-dec9234ba0ae","event":"booking_failed","error":"Payment provider unavailable","msg":"Booking request failed"}
{"level":50,"time":"2026-07-29T10:59:32.460Z","application":"booking-benchmark","reqId":"07d3f39c-dcc8-4b16-abc1-dec9234ba0ae","event":"booking_workflow_failed","msg":"Booking workflow failed"}
{"level":30,"time":"2026-07-29T10:59:32.461Z","application":"booking-benchmark","reqId":"07d3f39c-dcc8-4b16-abc1-dec9234ba0ae","event":"http_request_completed","method":"POST","url":"/bookings","statusCode":503,"durationMs":1,"msg":"Request completed"}
{"level":30,"time":"2026-07-29T10:59:32.607Z","application":"booking-benchmark","reqId":"123b4305-974d-4410-9412-6e6640b50c76","event":"http_request_started","method":"POST","url":"/bookings","msg":"Incoming request"}
{"level":30,"time":"2026-07-29T10:59:32.608Z","application":"booking-benchmark","reqId":"123b4305-974d-4410-9412-6e6640b50c76","service":"booking","bookingId":"BK-000094","customerId":"CUS-588344","hotelId":"HTL-005","event":"booking_workflow_started","nights":4,"msg":"Booking workflow started"}
{"level":30,"time":"2026-07-29T10:59:32.608Z","application":"booking-benchmark","reqId":"123b4305-974d-4410-9412-6e6640b50c76","service":"booking","bookingId":"BK-000094","customerId":"CUS-588344","hotelId":"HTL-005","component":"hotel","event":"availability_check_started","hotelId":"HTL-005","msg":"Checking hotel availability"}
{"level":30,"time":"2026-07-29T10:59:32.608Z","application":"booking-benchmark","reqId":"123b4305-974d-4410-9412-6e6640b50c76","service":"booking","bookingId":"BK-000094","customerId":"CUS-588344","hotelId":"HTL-005","component":"hotel","event":"availability_confirmed","hotelId":"HTL-005","availableRooms":10,"msg":"Hotel availability confirmed"}
{"level":30,"time":"2026-07-29T10:59:32.608Z","application":"booking-benchmark","reqId":"123b4305-974d-4410-9412-6e6640b50c76","service":"booking","bookingId":"BK-000094","customerId":"CUS-588344","hotelId":"HTL-005","event":"hotel_validated","msg":"Hotel availability validated"}
{"level":30,"time":"2026-07-29T10:59:32.608Z","application":"booking-benchmark","reqId":"123b4305-974d-4410-9412-6e6640b50c76","service":"booking","bookingId":"BK-000094","customerId":"CUS-588344","hotelId":"HTL-005","component":"payment","event":"payment_started","msg":"Authorizing payment"}
{"level":50,"time":"2026-07-29T10:59:32.608Z","application":"booking-benchmark","reqId":"123b4305-974d-4410-9412-6e6640b50c76","service":"booking","bookingId":"BK-000094","customerId":"CUS-588344","hotelId":"HTL-005","component":"payment","event":"payment_provider_down","msg":"Payment provider unavailable"}
{"level":50,"time":"2026-07-29T10:59:32.608Z","application":"booking-benchmark","reqId":"123b4305-974d-4410-9412-6e6640b50c76","event":"booking_failed","error":"Payment provider unavailable","msg":"Booking request failed"}
{"level":50,"time":"2026-07-29T10:59:32.608Z","application":"booking-benchmark","reqId":"123b4305-974d-4410-9412-6e6640b50c76","event":"booking_workflow_failed","msg":"Booking workflow failed"}
{"level":30,"time":"2026-07-29T10:59:32.609Z","application":"booking-benchmark","reqId":"123b4305-974d-4410-9412-6e6640b50c76","event":"http_request_completed","method":"POST","url":"/bookings","statusCode":503,"durationMs":2,"msg":"Request completed"}
{"level":30,"time":"2026-07-29T10:59:32.689Z","application":"booking-benchmark","reqId":"0786c510-5719-4c2e-9da3-386b72b58718","event":"http_request_started","method":"POST","url":"/bookings","msg":"Incoming request"}
{"level":30,"time":"2026-07-29T10:59:32.689Z","application":"booking-benchmark","reqId":"0786c510-5719-4c2e-9da3-386b72b58718","service":"booking","bookingId":"BK-000095","customerId":"CUS-690635","hotelId":"HTL-002","event":"booking_workflow_started","nights":4,"msg":"Booking workflow started"}
{"level":30,"time":"2026-07-29T10:59:32.689Z","application":"booking-benchmark","reqId":"0786c510-5719-4c2e-9da3-386b72b58718","service":"booking","bookingId":"BK-000095","customerId":"CUS-690635","hotelId":"HTL-002","component":"hotel","event":"availability_check_started","hotelId":"HTL-002","msg":"Checking hotel availability"}
{"level":30,"time":"2026-07-29T10:59:32.689Z","application":"booking-benchmark","reqId":"0786c510-5719-4c2e-9da3-386b72b58718","service":"booking","bookingId":"BK-000095","customerId":"CUS-690635","hotelId":"HTL-002","component":"hotel","event":"availability_confirmed","hotelId":"HTL-002","availableRooms":8,"msg":"Hotel availability confirmed"}
{"level":30,"time":"2026-07-29T10:59:32.689Z","application":"booking-benchmark","reqId":"0786c510-5719-4c2e-9da3-386b72b58718","service":"booking","bookingId":"BK-000095","customerId":"CUS-690635","hotelId":"HTL-002","event":"hotel_validated","msg":"Hotel availability validated"}
{"level":30,"time":"2026-07-29T10:59:32.689Z","application":"booking-benchmark","reqId":"0786c510-5719-4c2e-9da3-386b72b58718","service":"booking","bookingId":"BK-000095","customerId":"CUS-690635","hotelId":"HTL-002","component":"payment","event":"payment_started","msg":"Authorizing payment"}
{"level":50,"time":"2026-07-29T10:59:32.689Z","application":"booking-benchmark","reqId":"0786c510-5719-4c2e-9da3-386b72b58718","service":"booking","bookingId":"BK-000095","customerId":"CUS-690635","hotelId":"HTL-002","component":"payment","event":"payment_provider_down","msg":"Payment provider unavailable"}
{"level":50,"time":"2026-07-29T10:59:32.690Z","application":"booking-benchmark","reqId":"0786c510-5719-4c2e-9da3-386b72b58718","event":"booking_failed","error":"Payment provider unavailable","msg":"Booking request failed"}
{"level":50,"time":"2026-07-29T10:59:32.690Z","application":"booking-benchmark","reqId":"0786c510-5719-4c2e-9da3-386b72b58718","event":"booking_workflow_failed","msg":"Booking workflow failed"}
{"level":30,"time":"2026-07-29T10:59:32.690Z","application":"booking-benchmark","reqId":"0786c510-5719-4c2e-9da3-386b72b58718","event":"http_request_completed","method":"POST","url":"/bookings","statusCode":503,"durationMs":1,"msg":"Request completed"}
{"level":30,"time":"2026-07-29T10:59:32.782Z","application":"booking-benchmark","reqId":"5729fa66-0d5e-4718-bcaa-c17760403d36","event":"http_request_started","method":"POST","url":"/bookings","msg":"Incoming request"}
{"level":30,"time":"2026-07-29T10:59:32.782Z","application":"booking-benchmark","reqId":"5729fa66-0d5e-4718-bcaa-c17760403d36","service":"booking","bookingId":"BK-000096","customerId":"CUS-477766","hotelId":"HTL-005","event":"booking_workflow_started","nights":5,"msg":"Booking workflow started"}
{"level":30,"time":"2026-07-29T10:59:32.782Z","application":"booking-benchmark","reqId":"5729fa66-0d5e-4718-bcaa-c17760403d36","service":"booking","bookingId":"BK-000096","customerId":"CUS-477766","hotelId":"HTL-005","component":"hotel","event":"availability_check_started","hotelId":"HTL-005","msg":"Checking hotel availability"}
{"level":30,"time":"2026-07-29T10:59:32.783Z","application":"booking-benchmark","reqId":"5729fa66-0d5e-4718-bcaa-c17760403d36","service":"booking","bookingId":"BK-000096","customerId":"CUS-477766","hotelId":"HTL-005","component":"hotel","event":"availability_confirmed","hotelId":"HTL-005","availableRooms":10,"msg":"Hotel availability confirmed"}
{"level":30,"time":"2026-07-29T10:59:32.783Z","application":"booking-benchmark","reqId":"5729fa66-0d5e-4718-bcaa-c17760403d36","service":"booking","bookingId":"BK-000096","customerId":"CUS-477766","hotelId":"HTL-005","event":"hotel_validated","msg":"Hotel availability validated"}
{"level":30,"time":"2026-07-29T10:59:32.783Z","application":"booking-benchmark","reqId":"5729fa66-0d5e-4718-bcaa-c17760403d36","service":"booking","bookingId":"BK-000096","customerId":"CUS-477766","hotelId":"HTL-005","component":"payment","event":"payment_started","msg":"Authorizing payment"}
{"level":50,"time":"2026-07-29T10:59:32.783Z","application":"booking-benchmark","reqId":"5729fa66-0d5e-4718-bcaa-c17760403d36","service":"booking","bookingId":"BK-000096","customerId":"CUS-477766","hotelId":"HTL-005","component":"payment","event":"payment_provider_down","msg":"Payment provider unavailable"}
{"level":50,"time":"2026-07-29T10:59:32.783Z","application":"booking-benchmark","reqId":"5729fa66-0d5e-4718-bcaa-c17760403d36","event":"booking_failed","error":"Payment provider unavailable","msg":"Booking request failed"}
{"level":50,"time":"2026-07-29T10:59:32.783Z","application":"booking-benchmark","reqId":"5729fa66-0d5e-4718-bcaa-c17760403d36","event":"booking_workflow_failed","msg":"Booking workflow failed"}
{"level":30,"time":"2026-07-29T10:59:32.783Z","application":"booking-benchmark","reqId":"5729fa66-0d5e-4718-bcaa-c17760403d36","event":"http_request_completed","method":"POST","url":"/bookings","statusCode":503,"durationMs":1,"msg":"Request completed"}
{"level":30,"time":"2026-07-29T10:59:32.882Z","application":"booking-benchmark","reqId":"3c13c579-ab70-4a40-874b-3823418a7a5a","event":"http_request_started","method":"POST","url":"/bookings","msg":"Incoming request"}
{"level":30,"time":"2026-07-29T10:59:32.883Z","application":"booking-benchmark","reqId":"3c13c579-ab70-4a40-874b-3823418a7a5a","service":"booking","bookingId":"BK-000097","customerId":"CUS-022899","hotelId":"HTL-002","event":"booking_workflow_started","nights":2,"msg":"Booking workflow started"}
{"level":30,"time":"2026-07-29T10:59:32.883Z","application":"booking-benchmark","reqId":"3c13c579-ab70-4a40-874b-3823418a7a5a","service":"booking","bookingId":"BK-000097","customerId":"CUS-022899","hotelId":"HTL-002","component":"hotel","event":"availability_check_started","hotelId":"HTL-002","msg":"Checking hotel availability"}
{"level":30,"time":"2026-07-29T10:59:32.883Z","application":"booking-benchmark","reqId":"3c13c579-ab70-4a40-874b-3823418a7a5a","service":"booking","bookingId":"BK-000097","customerId":"CUS-022899","hotelId":"HTL-002","component":"hotel","event":"availability_confirmed","hotelId":"HTL-002","availableRooms":8,"msg":"Hotel availability confirmed"}
{"level":30,"time":"2026-07-29T10:59:32.883Z","application":"booking-benchmark","reqId":"3c13c579-ab70-4a40-874b-3823418a7a5a","service":"booking","bookingId":"BK-000097","customerId":"CUS-022899","hotelId":"HTL-002","event":"hotel_validated","msg":"Hotel availability validated"}
{"level":30,"time":"2026-07-29T10:59:32.883Z","application":"booking-benchmark","reqId":"3c13c579-ab70-4a40-874b-3823418a7a5a","service":"booking","bookingId":"BK-000097","customerId":"CUS-022899","hotelId":"HTL-002","component":"payment","event":"payment_started","msg":"Authorizing payment"}
{"level":50,"time":"2026-07-29T10:59:32.883Z","application":"booking-benchmark","reqId":"3c13c579-ab70-4a40-874b-3823418a7a5a","service":"booking","bookingId":"BK-000097","customerId":"CUS-022899","hotelId":"HTL-002","component":"payment","event":"payment_provider_down","msg":"Payment provider unavailable"}
{"level":50,"time":"2026-07-29T10:59:32.883Z","application":"booking-benchmark","reqId":"3c13c579-ab70-4a40-874b-3823418a7a5a","event":"booking_failed","error":"Payment provider unavailable","msg":"Booking request failed"}
{"level":50,"time":"2026-07-29T10:59:32.883Z","application":"booking-benchmark","reqId":"3c13c579-ab70-4a40-874b-3823418a7a5a","event":"booking_workflow_failed","msg":"Booking workflow failed"}
{"level":30,"time":"2026-07-29T10:59:32.883Z","application":"booking-benchmark","reqId":"3c13c579-ab70-4a40-874b-3823418a7a5a","event":"http_request_completed","method":"POST","url":"/bookings","statusCode":503,"durationMs":1,"msg":"Request completed"}
{"level":30,"time":"2026-07-29T10:59:32.983Z","application":"booking-benchmark","reqId":"e6663bb3-0192-406c-8d53-a0d1036b1188","event":"http_request_started","method":"POST","url":"/bookings","msg":"Incoming request"}
{"level":30,"time":"2026-07-29T10:59:32.984Z","application":"booking-benchmark","reqId":"e6663bb3-0192-406c-8d53-a0d1036b1188","service":"booking","bookingId":"BK-000098","customerId":"CUS-051649","hotelId":"HTL-005","event":"booking_workflow_started","nights":7,"msg":"Booking workflow started"}
{"level":30,"time":"2026-07-29T10:59:32.984Z","application":"booking-benchmark","reqId":"e6663bb3-0192-406c-8d53-a0d1036b1188","service":"booking","bookingId":"BK-000098","customerId":"CUS-051649","hotelId":"HTL-005","component":"hotel","event":"availability_check_started","hotelId":"HTL-005","msg":"Checking hotel availability"}
{"level":30,"time":"2026-07-29T10:59:32.984Z","application":"booking-benchmark","reqId":"e6663bb3-0192-406c-8d53-a0d1036b1188","service":"booking","bookingId":"BK-000098","customerId":"CUS-051649","hotelId":"HTL-005","component":"hotel","event":"availability_confirmed","hotelId":"HTL-005","availableRooms":10,"msg":"Hotel availability confirmed"}
{"level":30,"time":"2026-07-29T10:59:32.984Z","application":"booking-benchmark","reqId":"e6663bb3-0192-406c-8d53-a0d1036b1188","service":"booking","bookingId":"BK-000098","customerId":"CUS-051649","hotelId":"HTL-005","event":"hotel_validated","msg":"Hotel availability validated"}
{"level":30,"time":"2026-07-29T10:59:32.984Z","application":"booking-benchmark","reqId":"e6663bb3-0192-406c-8d53-a0d1036b1188","service":"booking","bookingId":"BK-000098","customerId":"CUS-051649","hotelId":"HTL-005","component":"payment","event":"payment_started","msg":"Authorizing payment"}
{"level":50,"time":"2026-07-29T10:59:32.984Z","application":"booking-benchmark","reqId":"e6663bb3-0192-406c-8d53-a0d1036b1188","service":"booking","bookingId":"BK-000098","customerId":"CUS-051649","hotelId":"HTL-005","component":"payment","event":"payment_provider_down","msg":"Payment provider unavailable"}
{"level":50,"time":"2026-07-29T10:59:32.984Z","application":"booking-benchmark","reqId":"e6663bb3-0192-406c-8d53-a0d1036b1188","event":"booking_failed","error":"Payment provider unavailable","msg":"Booking request failed"}
{"level":50,"time":"2026-07-29T10:59:32.984Z","application":"booking-benchmark","reqId":"e6663bb3-0192-406c-8d53-a0d1036b1188","event":"booking_workflow_failed","msg":"Booking workflow failed"}
{"level":30,"time":"2026-07-29T10:59:32.985Z","application":"booking-benchmark","reqId":"e6663bb3-0192-406c-8d53-a0d1036b1188","event":"http_request_completed","method":"POST","url":"/bookings","statusCode":503,"durationMs":2,"msg":"Request completed"}
{"level":30,"time":"2026-07-29T10:59:33.095Z","application":"booking-benchmark","reqId":"3eca34f3-cd31-4e6b-9e39-74a5bb025a70","event":"http_request_started","method":"POST","url":"/bookings","msg":"Incoming request"}
{"level":30,"time":"2026-07-29T10:59:33.096Z","application":"booking-benchmark","reqId":"3eca34f3-cd31-4e6b-9e39-74a5bb025a70","service":"booking","bookingId":"BK-000099","customerId":"CUS-746762","hotelId":"HTL-004","event":"booking_workflow_started","nights":5,"msg":"Booking workflow started"}
{"level":30,"time":"2026-07-29T10:59:33.096Z","application":"booking-benchmark","reqId":"3eca34f3-cd31-4e6b-9e39-74a5bb025a70","service":"booking","bookingId":"BK-000099","customerId":"CUS-746762","hotelId":"HTL-004","component":"hotel","event":"availability_check_started","hotelId":"HTL-004","msg":"Checking hotel availability"}
{"level":30,"time":"2026-07-29T10:59:33.096Z","application":"booking-benchmark","reqId":"3eca34f3-cd31-4e6b-9e39-74a5bb025a70","service":"booking","bookingId":"BK-000099","customerId":"CUS-746762","hotelId":"HTL-004","component":"hotel","event":"availability_confirmed","hotelId":"HTL-004","availableRooms":20,"msg":"Hotel availability confirmed"}
{"level":30,"time":"2026-07-29T10:59:33.096Z","application":"booking-benchmark","reqId":"3eca34f3-cd31-4e6b-9e39-74a5bb025a70","service":"booking","bookingId":"BK-000099","customerId":"CUS-746762","hotelId":"HTL-004","event":"hotel_validated","msg":"Hotel availability validated"}
{"level":30,"time":"2026-07-29T10:59:33.096Z","application":"booking-benchmark","reqId":"3eca34f3-cd31-4e6b-9e39-74a5bb025a70","service":"booking","bookingId":"BK-000099","customerId":"CUS-746762","hotelId":"HTL-004","component":"payment","event":"payment_started","msg":"Authorizing payment"}
{"level":50,"time":"2026-07-29T10:59:33.096Z","application":"booking-benchmark","reqId":"3eca34f3-cd31-4e6b-9e39-74a5bb025a70","service":"booking","bookingId":"BK-000099","customerId":"CUS-746762","hotelId":"HTL-004","component":"payment","event":"payment_provider_down","msg":"Payment provider unavailable"}
{"level":50,"time":"2026-07-29T10:59:33.096Z","application":"booking-benchmark","reqId":"3eca34f3-cd31-4e6b-9e39-74a5bb025a70","event":"booking_failed","error":"Payment provider unavailable","msg":"Booking request failed"}
{"level":50,"time":"2026-07-29T10:59:33.096Z","application":"booking-benchmark","reqId":"3eca34f3-cd31-4e6b-9e39-74a5bb025a70","event":"booking_workflow_failed","msg":"Booking workflow failed"}
{"level":30,"time":"2026-07-29T10:59:33.097Z","application":"booking-benchmark","reqId":"3eca34f3-cd31-4e6b-9e39-74a5bb025a70","event":"http_request_completed","method":"POST","url":"/bookings","statusCode":503,"durationMs":2,"msg":"Request completed"}
{"level":30,"time":"2026-07-29T10:59:33.243Z","application":"booking-benchmark","reqId":"a9e9ca9a-5b28-4386-803d-bb6cf57de4a6","event":"http_request_started","method":"POST","url":"/bookings","msg":"Incoming request"}
{"level":30,"time":"2026-07-29T10:59:33.244Z","application":"booking-benchmark","reqId":"a9e9ca9a-5b28-4386-803d-bb6cf57de4a6","service":"booking","bookingId":"BK-000100","customerId":"CUS-808465","hotelId":"HTL-002","event":"booking_workflow_started","nights":6,"msg":"Booking workflow started"}
{"level":30,"time":"2026-07-29T10:59:33.244Z","application":"booking-benchmark","reqId":"a9e9ca9a-5b28-4386-803d-bb6cf57de4a6","service":"booking","bookingId":"BK-000100","customerId":"CUS-808465","hotelId":"HTL-002","component":"hotel","event":"availability_check_started","hotelId":"HTL-002","msg":"Checking hotel availability"}
{"level":30,"time":"2026-07-29T10:59:33.244Z","application":"booking-benchmark","reqId":"a9e9ca9a-5b28-4386-803d-bb6cf57de4a6","service":"booking","bookingId":"BK-000100","customerId":"CUS-808465","hotelId":"HTL-002","component":"hotel","event":"availability_confirmed","hotelId":"HTL-002","availableRooms":8,"msg":"Hotel availability confirmed"}
{"level":30,"time":"2026-07-29T10:59:33.244Z","application":"booking-benchmark","reqId":"a9e9ca9a-5b28-4386-803d-bb6cf57de4a6","service":"booking","bookingId":"BK-000100","customerId":"CUS-808465","hotelId":"HTL-002","event":"hotel_validated","msg":"Hotel availability validated"}
{"level":30,"time":"2026-07-29T10:59:33.244Z","application":"booking-benchmark","reqId":"a9e9ca9a-5b28-4386-803d-bb6cf57de4a6","service":"booking","bookingId":"BK-000100","customerId":"CUS-808465","hotelId":"HTL-002","component":"payment","event":"payment_started","msg":"Authorizing payment"}
{"level":50,"time":"2026-07-29T10:59:33.244Z","application":"booking-benchmark","reqId":"a9e9ca9a-5b28-4386-803d-bb6cf57de4a6","service":"booking","bookingId":"BK-000100","customerId":"CUS-808465","hotelId":"HTL-002","component":"payment","event":"payment_provider_down","msg":"Payment provider unavailable"}
{"level":50,"time":"2026-07-29T10:59:33.244Z","application":"booking-benchmark","reqId":"a9e9ca9a-5b28-4386-803d-bb6cf57de4a6","event":"booking_failed","error":"Payment provider unavailable","msg":"Booking request failed"}
{"level":50,"time":"2026-07-29T10:59:33.244Z","application":"booking-benchmark","reqId":"a9e9ca9a-5b28-4386-803d-bb6cf57de4a6","event":"booking_workflow_failed","msg":"Booking workflow failed"}
{"level":30,"time":"2026-07-29T10:59:33.245Z","application":"booking-benchmark","reqId":"a9e9ca9a-5b28-4386-803d-bb6cf57de4a6","event":"http_request_completed","method":"POST","url":"/bookings","statusCode":503,"durationMs":2,"msg":"Request completed"}
{"level":30,"time":"2026-07-29T10:59:33.356Z","application":"booking-benchmark","reqId":"88a9cc8f-4191-4772-9b64-8f7dbe84877e","event":"http_request_started","method":"GET","url":"/health","msg":"Incoming request"}
{"level":30,"time":"2026-07-29T10:59:33.357Z","application":"booking-benchmark","reqId":"88a9cc8f-4191-4772-9b64-8f7dbe84877e","event":"health_check","msg":"Health check requested"}
{"level":30,"time":"2026-07-29T10:59:33.358Z","application":"booking-benchmark","reqId":"88a9cc8f-4191-4772-9b64-8f7dbe84877e","event":"http_request_completed","method":"GET","url":"/health","statusCode":200,"durationMs":2,"msg":"Request completed"}
{"level":30,"time":"2026-07-29T10:59:33.465Z","application":"booking-benchmark","reqId":"7419a0bb-552f-4485-8c5e-09903f6c05d9","event":"http_request_started","method":"GET","url":"/hotels","msg":"Incoming request"}
{"level":30,"time":"2026-07-29T10:59:33.465Z","application":"booking-benchmark","reqId":"7419a0bb-552f-4485-8c5e-09903f6c05d9","component":"hotel","event":"hotel_catalog_requested","hotelCount":5,"msg":"Returning hotel catalog"}
{"level":30,"time":"2026-07-29T10:59:33.466Z","application":"booking-benchmark","reqId":"7419a0bb-552f-4485-8c5e-09903f6c05d9","event":"http_request_completed","method":"GET","url":"/hotels","statusCode":200,"durationMs":1,"msg":"Request completed"}
{"level":30,"time":"2026-07-29T10:59:33.525Z","application":"booking-benchmark","reqId":"4807ac17-fdf8-45ef-bd66-ebaa1f16ed80","event":"http_request_started","method":"POST","url":"/scenario","msg":"Incoming request"}
{"level":40,"time":"2026-07-29T10:59:33.525Z","application":"booking-benchmark","reqId":"4807ac17-fdf8-45ef-bd66-ebaa1f16ed80","event":"scenario_changed","previousScenario":"payment_provider_down","currentScenario":"normal","msg":"Scenario changed"}
{"level":30,"time":"2026-07-29T10:59:33.526Z","application":"booking-benchmark","reqId":"4807ac17-fdf8-45ef-bd66-ebaa1f16ed80","event":"http_request_completed","method":"POST","url":"/scenario","statusCode":200,"durationMs":1,"msg":"Request completed"}
{"level":30,"time":"2026-07-29T10:59:34.532Z","application":"booking-benchmark","reqId":"785c3fdd-2b6c-45b0-b4d6-4c8cd677cb1e","event":"http_request_started","method":"POST","url":"/bookings","msg":"Incoming request"}
{"level":30,"time":"2026-07-29T10:59:34.532Z","application":"booking-benchmark","reqId":"785c3fdd-2b6c-45b0-b4d6-4c8cd677cb1e","service":"booking","bookingId":"BK-000101","customerId":"CUS-423933","hotelId":"HTL-003","event":"booking_workflow_started","nights":3,"msg":"Booking workflow started"}
{"level":30,"time":"2026-07-29T10:59:34.533Z","application":"booking-benchmark","reqId":"785c3fdd-2b6c-45b0-b4d6-4c8cd677cb1e","service":"booking","bookingId":"BK-000101","customerId":"CUS-423933","hotelId":"HTL-003","component":"hotel","event":"availability_check_started","hotelId":"HTL-003","msg":"Checking hotel availability"}
{"level":30,"time":"2026-07-29T10:59:34.533Z","application":"booking-benchmark","reqId":"785c3fdd-2b6c-45b0-b4d6-4c8cd677cb1e","service":"booking","bookingId":"BK-000101","customerId":"CUS-423933","hotelId":"HTL-003","component":"hotel","event":"availability_confirmed","hotelId":"HTL-003","availableRooms":12,"msg":"Hotel availability confirmed"}
{"level":30,"time":"2026-07-29T10:59:34.533Z","application":"booking-benchmark","reqId":"785c3fdd-2b6c-45b0-b4d6-4c8cd677cb1e","service":"booking","bookingId":"BK-000101","customerId":"CUS-423933","hotelId":"HTL-003","event":"hotel_validated","msg":"Hotel availability validated"}
{"level":30,"time":"2026-07-29T10:59:34.533Z","application":"booking-benchmark","reqId":"785c3fdd-2b6c-45b0-b4d6-4c8cd677cb1e","service":"booking","bookingId":"BK-000101","customerId":"CUS-423933","hotelId":"HTL-003","component":"payment","event":"payment_started","msg":"Authorizing payment"}
{"level":30,"time":"2026-07-29T10:59:34.533Z","application":"booking-benchmark","reqId":"785c3fdd-2b6c-45b0-b4d6-4c8cd677cb1e","service":"booking","bookingId":"BK-000101","customerId":"CUS-423933","hotelId":"HTL-003","component":"payment","event":"payment_authorized","msg":"Payment authorized"}
{"level":30,"time":"2026-07-29T10:59:34.533Z","application":"booking-benchmark","reqId":"785c3fdd-2b6c-45b0-b4d6-4c8cd677cb1e","service":"booking","bookingId":"BK-000101","customerId":"CUS-423933","hotelId":"HTL-003","event":"payment_completed","msg":"Payment completed"}
{"level":30,"time":"2026-07-29T10:59:34.533Z","application":"booking-benchmark","reqId":"785c3fdd-2b6c-45b0-b4d6-4c8cd677cb1e","service":"booking","bookingId":"BK-000101","customerId":"CUS-423933","hotelId":"HTL-003","event":"booking_created","msg":"Booking created"}
{"level":30,"time":"2026-07-29T10:59:34.533Z","application":"booking-benchmark","reqId":"785c3fdd-2b6c-45b0-b4d6-4c8cd677cb1e","service":"booking","bookingId":"BK-000101","customerId":"CUS-423933","hotelId":"HTL-003","component":"notification","event":"confirmation_sent","msg":"Booking confirmation sent"}
{"level":30,"time":"2026-07-29T10:59:34.533Z","application":"booking-benchmark","reqId":"785c3fdd-2b6c-45b0-b4d6-4c8cd677cb1e","service":"booking","bookingId":"BK-000101","customerId":"CUS-423933","hotelId":"HTL-003","event":"booking_workflow_completed","msg":"Booking workflow completed"}
{"level":30,"time":"2026-07-29T10:59:34.533Z","application":"booking-benchmark","reqId":"785c3fdd-2b6c-45b0-b4d6-4c8cd677cb1e","event":"http_request_completed","method":"POST","url":"/bookings","statusCode":201,"durationMs":1,"msg":"Request completed"}
{"level":30,"time":"2026-07-29T10:59:34.615Z","application":"booking-benchmark","reqId":"d63d0b13-2ac2-4d29-8902-16061c040005","event":"http_request_started","method":"POST","url":"/bookings","msg":"Incoming request"}
{"level":30,"time":"2026-07-29T10:59:34.615Z","application":"booking-benchmark","reqId":"d63d0b13-2ac2-4d29-8902-16061c040005","service":"booking","bookingId":"BK-000102","customerId":"CUS-223411","hotelId":"HTL-004","event":"booking_workflow_started","nights":2,"msg":"Booking workflow started"}
{"level":30,"time":"2026-07-29T10:59:34.616Z","application":"booking-benchmark","reqId":"d63d0b13-2ac2-4d29-8902-16061c040005","service":"booking","bookingId":"BK-000102","customerId":"CUS-223411","hotelId":"HTL-004","component":"hotel","event":"availability_check_started","hotelId":"HTL-004","msg":"Checking hotel availability"}
{"level":30,"time":"2026-07-29T10:59:34.616Z","application":"booking-benchmark","reqId":"d63d0b13-2ac2-4d29-8902-16061c040005","service":"booking","bookingId":"BK-000102","customerId":"CUS-223411","hotelId":"HTL-004","component":"hotel","event":"availability_confirmed","hotelId":"HTL-004","availableRooms":20,"msg":"Hotel availability confirmed"}
{"level":30,"time":"2026-07-29T10:59:34.616Z","application":"booking-benchmark","reqId":"d63d0b13-2ac2-4d29-8902-16061c040005","service":"booking","bookingId":"BK-000102","customerId":"CUS-223411","hotelId":"HTL-004","event":"hotel_validated","msg":"Hotel availability validated"}
{"level":30,"time":"2026-07-29T10:59:34.616Z","application":"booking-benchmark","reqId":"d63d0b13-2ac2-4d29-8902-16061c040005","service":"booking","bookingId":"BK-000102","customerId":"CUS-223411","hotelId":"HTL-004","component":"payment","event":"payment_started","msg":"Authorizing payment"}
{"level":30,"time":"2026-07-29T10:59:34.616Z","application":"booking-benchmark","reqId":"d63d0b13-2ac2-4d29-8902-16061c040005","service":"booking","bookingId":"BK-000102","customerId":"CUS-223411","hotelId":"HTL-004","component":"payment","event":"payment_authorized","msg":"Payment authorized"}
{"level":30,"time":"2026-07-29T10:59:34.616Z","application":"booking-benchmark","reqId":"d63d0b13-2ac2-4d29-8902-16061c040005","service":"booking","bookingId":"BK-000102","customerId":"CUS-223411","hotelId":"HTL-004","event":"payment_completed","msg":"Payment completed"}
{"level":30,"time":"2026-07-29T10:59:34.616Z","application":"booking-benchmark","reqId":"d63d0b13-2ac2-4d29-8902-16061c040005","service":"booking","bookingId":"BK-000102","customerId":"CUS-223411","hotelId":"HTL-004","event":"booking_created","msg":"Booking created"}
{"level":30,"time":"2026-07-29T10:59:34.616Z","application":"booking-benchmark","reqId":"d63d0b13-2ac2-4d29-8902-16061c040005","service":"booking","bookingId":"BK-000102","customerId":"CUS-223411","hotelId":"HTL-004","component":"notification","event":"confirmation_sent","msg":"Booking confirmation sent"}
{"level":30,"time":"2026-07-29T10:59:34.616Z","application":"booking-benchmark","reqId":"d63d0b13-2ac2-4d29-8902-16061c040005","service":"booking","bookingId":"BK-000102","customerId":"CUS-223411","hotelId":"HTL-004","event":"booking_workflow_completed","msg":"Booking workflow completed"}
{"level":30,"time":"2026-07-29T10:59:34.616Z","application":"booking-benchmark","reqId":"d63d0b13-2ac2-4d29-8902-16061c040005","event":"http_request_completed","method":"POST","url":"/bookings","statusCode":201,"durationMs":1,"msg":"Request completed"}
{"level":30,"time":"2026-07-29T10:59:34.761Z","application":"booking-benchmark","reqId":"6ca8d110-5af2-4498-8f68-5e0a2f471735","event":"http_request_started","method":"POST","url":"/bookings","msg":"Incoming request"}
{"level":30,"time":"2026-07-29T10:59:34.762Z","application":"booking-benchmark","reqId":"6ca8d110-5af2-4498-8f68-5e0a2f471735","service":"booking","bookingId":"BK-000103","customerId":"CUS-366160","hotelId":"HTL-005","event":"booking_workflow_started","nights":1,"msg":"Booking workflow started"}
{"level":30,"time":"2026-07-29T10:59:34.762Z","application":"booking-benchmark","reqId":"6ca8d110-5af2-4498-8f68-5e0a2f471735","service":"booking","bookingId":"BK-000103","customerId":"CUS-366160","hotelId":"HTL-005","component":"hotel","event":"availability_check_started","hotelId":"HTL-005","msg":"Checking hotel availability"}
{"level":30,"time":"2026-07-29T10:59:34.762Z","application":"booking-benchmark","reqId":"6ca8d110-5af2-4498-8f68-5e0a2f471735","service":"booking","bookingId":"BK-000103","customerId":"CUS-366160","hotelId":"HTL-005","component":"hotel","event":"availability_confirmed","hotelId":"HTL-005","availableRooms":10,"msg":"Hotel availability confirmed"}
{"level":30,"time":"2026-07-29T10:59:34.762Z","application":"booking-benchmark","reqId":"6ca8d110-5af2-4498-8f68-5e0a2f471735","service":"booking","bookingId":"BK-000103","customerId":"CUS-366160","hotelId":"HTL-005","event":"hotel_validated","msg":"Hotel availability validated"}
{"level":30,"time":"2026-07-29T10:59:34.762Z","application":"booking-benchmark","reqId":"6ca8d110-5af2-4498-8f68-5e0a2f471735","service":"booking","bookingId":"BK-000103","customerId":"CUS-366160","hotelId":"HTL-005","component":"payment","event":"payment_started","msg":"Authorizing payment"}
{"level":30,"time":"2026-07-29T10:59:34.762Z","application":"booking-benchmark","reqId":"6ca8d110-5af2-4498-8f68-5e0a2f471735","service":"booking","bookingId":"BK-000103","customerId":"CUS-366160","hotelId":"HTL-005","component":"payment","event":"payment_authorized","msg":"Payment authorized"}
{"level":30,"time":"2026-07-29T10:59:34.762Z","application":"booking-benchmark","reqId":"6ca8d110-5af2-4498-8f68-5e0a2f471735","service":"booking","bookingId":"BK-000103","customerId":"CUS-366160","hotelId":"HTL-005","event":"payment_completed","msg":"Payment completed"}
{"level":30,"time":"2026-07-29T10:59:34.762Z","application":"booking-benchmark","reqId":"6ca8d110-5af2-4498-8f68-5e0a2f471735","service":"booking","bookingId":"BK-000103","customerId":"CUS-366160","hotelId":"HTL-005","event":"booking_created","msg":"Booking created"}
{"level":30,"time":"2026-07-29T10:59:34.762Z","application":"booking-benchmark","reqId":"6ca8d110-5af2-4498-8f68-5e0a2f471735","service":"booking","bookingId":"BK-000103","customerId":"CUS-366160","hotelId":"HTL-005","component":"notification","event":"confirmation_sent","msg":"Booking confirmation sent"}
{"level":30,"time":"2026-07-29T10:59:34.762Z","application":"booking-benchmark","reqId":"6ca8d110-5af2-4498-8f68-5e0a2f471735","service":"booking","bookingId":"BK-000103","customerId":"CUS-366160","hotelId":"HTL-005","event":"booking_workflow_completed","msg":"Booking workflow completed"}
{"level":30,"time":"2026-07-29T10:59:34.762Z","application":"booking-benchmark","reqId":"6ca8d110-5af2-4498-8f68-5e0a2f471735","event":"http_request_completed","method":"POST","url":"/bookings","statusCode":201,"durationMs":1,"msg":"Request completed"}
{"level":30,"time":"2026-07-29T10:59:34.891Z","application":"booking-benchmark","reqId":"e5cc3efd-65aa-4e1c-95dc-5b84067d1b72","event":"http_request_started","method":"POST","url":"/bookings","msg":"Incoming request"}
{"level":30,"time":"2026-07-29T10:59:34.891Z","application":"booking-benchmark","reqId":"e5cc3efd-65aa-4e1c-95dc-5b84067d1b72","service":"booking","bookingId":"BK-000104","customerId":"CUS-627065","hotelId":"HTL-003","event":"booking_workflow_started","nights":7,"msg":"Booking workflow started"}
{"level":30,"time":"2026-07-29T10:59:34.891Z","application":"booking-benchmark","reqId":"e5cc3efd-65aa-4e1c-95dc-5b84067d1b72","service":"booking","bookingId":"BK-000104","customerId":"CUS-627065","hotelId":"HTL-003","component":"hotel","event":"availability_check_started","hotelId":"HTL-003","msg":"Checking hotel availability"}
{"level":30,"time":"2026-07-29T10:59:34.891Z","application":"booking-benchmark","reqId":"e5cc3efd-65aa-4e1c-95dc-5b84067d1b72","service":"booking","bookingId":"BK-000104","customerId":"CUS-627065","hotelId":"HTL-003","component":"hotel","event":"availability_confirmed","hotelId":"HTL-003","availableRooms":12,"msg":"Hotel availability confirmed"}
{"level":30,"time":"2026-07-29T10:59:34.891Z","application":"booking-benchmark","reqId":"e5cc3efd-65aa-4e1c-95dc-5b84067d1b72","service":"booking","bookingId":"BK-000104","customerId":"CUS-627065","hotelId":"HTL-003","event":"hotel_validated","msg":"Hotel availability validated"}
{"level":30,"time":"2026-07-29T10:59:34.891Z","application":"booking-benchmark","reqId":"e5cc3efd-65aa-4e1c-95dc-5b84067d1b72","service":"booking","bookingId":"BK-000104","customerId":"CUS-627065","hotelId":"HTL-003","component":"payment","event":"payment_started","msg":"Authorizing payment"}
{"level":30,"time":"2026-07-29T10:59:34.891Z","application":"booking-benchmark","reqId":"e5cc3efd-65aa-4e1c-95dc-5b84067d1b72","service":"booking","bookingId":"BK-000104","customerId":"CUS-627065","hotelId":"HTL-003","component":"payment","event":"payment_authorized","msg":"Payment authorized"}
{"level":30,"time":"2026-07-29T10:59:34.891Z","application":"booking-benchmark","reqId":"e5cc3efd-65aa-4e1c-95dc-5b84067d1b72","service":"booking","bookingId":"BK-000104","customerId":"CUS-627065","hotelId":"HTL-003","event":"payment_completed","msg":"Payment completed"}
{"level":30,"time":"2026-07-29T10:59:34.891Z","application":"booking-benchmark","reqId":"e5cc3efd-65aa-4e1c-95dc-5b84067d1b72","service":"booking","bookingId":"BK-000104","customerId":"CUS-627065","hotelId":"HTL-003","event":"booking_created","msg":"Booking created"}
{"level":30,"time":"2026-07-29T10:59:34.891Z","application":"booking-benchmark","reqId":"e5cc3efd-65aa-4e1c-95dc-5b84067d1b72","service":"booking","bookingId":"BK-000104","customerId":"CUS-627065","hotelId":"HTL-003","component":"notification","event":"confirmation_sent","msg":"Booking confirmation sent"}
{"level":30,"time":"2026-07-29T10:59:34.891Z","application":"booking-benchmark","reqId":"e5cc3efd-65aa-4e1c-95dc-5b84067d1b72","service":"booking","bookingId":"BK-000104","customerId":"CUS-627065","hotelId":"HTL-003","event":"booking_workflow_completed","msg":"Booking workflow completed"}
{"level":30,"time":"2026-07-29T10:59:34.892Z","application":"booking-benchmark","reqId":"e5cc3efd-65aa-4e1c-95dc-5b84067d1b72","event":"http_request_completed","method":"POST","url":"/bookings","statusCode":201,"durationMs":1,"msg":"Request completed"}
{"level":30,"time":"2026-07-29T10:59:35.049Z","application":"booking-benchmark","reqId":"c8061841-5d82-49ea-9929-a0d79186dce0","event":"http_request_started","method":"POST","url":"/bookings","msg":"Incoming request"}
{"level":30,"time":"2026-07-29T10:59:35.049Z","application":"booking-benchmark","reqId":"c8061841-5d82-49ea-9929-a0d79186dce0","service":"booking","bookingId":"BK-000105","customerId":"CUS-780401","hotelId":"HTL-002","event":"booking_workflow_started","nights":5,"msg":"Booking workflow started"}
{"level":30,"time":"2026-07-29T10:59:35.049Z","application":"booking-benchmark","reqId":"c8061841-5d82-49ea-9929-a0d79186dce0","service":"booking","bookingId":"BK-000105","customerId":"CUS-780401","hotelId":"HTL-002","component":"hotel","event":"availability_check_started","hotelId":"HTL-002","msg":"Checking hotel availability"}
{"level":30,"time":"2026-07-29T10:59:35.049Z","application":"booking-benchmark","reqId":"c8061841-5d82-49ea-9929-a0d79186dce0","service":"booking","bookingId":"BK-000105","customerId":"CUS-780401","hotelId":"HTL-002","component":"hotel","event":"availability_confirmed","hotelId":"HTL-002","availableRooms":8,"msg":"Hotel availability confirmed"}
{"level":30,"time":"2026-07-29T10:59:35.049Z","application":"booking-benchmark","reqId":"c8061841-5d82-49ea-9929-a0d79186dce0","service":"booking","bookingId":"BK-000105","customerId":"CUS-780401","hotelId":"HTL-002","event":"hotel_validated","msg":"Hotel availability validated"}
{"level":30,"time":"2026-07-29T10:59:35.049Z","application":"booking-benchmark","reqId":"c8061841-5d82-49ea-9929-a0d79186dce0","service":"booking","bookingId":"BK-000105","customerId":"CUS-780401","hotelId":"HTL-002","component":"payment","event":"payment_started","msg":"Authorizing payment"}
{"level":30,"time":"2026-07-29T10:59:35.049Z","application":"booking-benchmark","reqId":"c8061841-5d82-49ea-9929-a0d79186dce0","service":"booking","bookingId":"BK-000105","customerId":"CUS-780401","hotelId":"HTL-002","component":"payment","event":"payment_authorized","msg":"Payment authorized"}
{"level":30,"time":"2026-07-29T10:59:35.049Z","application":"booking-benchmark","reqId":"c8061841-5d82-49ea-9929-a0d79186dce0","service":"booking","bookingId":"BK-000105","customerId":"CUS-780401","hotelId":"HTL-002","event":"payment_completed","msg":"Payment completed"}
{"level":30,"time":"2026-07-29T10:59:35.049Z","application":"booking-benchmark","reqId":"c8061841-5d82-49ea-9929-a0d79186dce0","service":"booking","bookingId":"BK-000105","customerId":"CUS-780401","hotelId":"HTL-002","event":"booking_created","msg":"Booking created"}
{"level":30,"time":"2026-07-29T10:59:35.049Z","application":"booking-benchmark","reqId":"c8061841-5d82-49ea-9929-a0d79186dce0","service":"booking","bookingId":"BK-000105","customerId":"CUS-780401","hotelId":"HTL-002","component":"notification","event":"confirmation_sent","msg":"Booking confirmation sent"}
{"level":30,"time":"2026-07-29T10:59:35.050Z","application":"booking-benchmark","reqId":"c8061841-5d82-49ea-9929-a0d79186dce0","service":"booking","bookingId":"BK-000105","customerId":"CUS-780401","hotelId":"HTL-002","event":"booking_workflow_completed","msg":"Booking workflow completed"}
{"level":30,"time":"2026-07-29T10:59:35.050Z","application":"booking-benchmark","reqId":"c8061841-5d82-49ea-9929-a0d79186dce0","event":"http_request_completed","method":"POST","url":"/bookings","statusCode":201,"durationMs":1,"msg":"Request completed"}
{"level":30,"time":"2026-07-29T10:59:35.114Z","application":"booking-benchmark","reqId":"d049931f-aff4-45e4-a0fb-38447ead47f3","event":"http_request_started","method":"POST","url":"/bookings","msg":"Incoming request"}
{"level":30,"time":"2026-07-29T10:59:35.115Z","application":"booking-benchmark","reqId":"d049931f-aff4-45e4-a0fb-38447ead47f3","service":"booking","bookingId":"BK-000106","customerId":"CUS-710687","hotelId":"HTL-004","event":"booking_workflow_started","nights":4,"msg":"Booking workflow started"}
{"level":30,"time":"2026-07-29T10:59:35.115Z","application":"booking-benchmark","reqId":"d049931f-aff4-45e4-a0fb-38447ead47f3","service":"booking","bookingId":"BK-000106","customerId":"CUS-710687","hotelId":"HTL-004","component":"hotel","event":"availability_check_started","hotelId":"HTL-004","msg":"Checking hotel availability"}
{"level":30,"time":"2026-07-29T10:59:35.115Z","application":"booking-benchmark","reqId":"d049931f-aff4-45e4-a0fb-38447ead47f3","service":"booking","bookingId":"BK-000106","customerId":"CUS-710687","hotelId":"HTL-004","component":"hotel","event":"availability_confirmed","hotelId":"HTL-004","availableRooms":20,"msg":"Hotel availability confirmed"}
{"level":30,"time":"2026-07-29T10:59:35.115Z","application":"booking-benchmark","reqId":"d049931f-aff4-45e4-a0fb-38447ead47f3","service":"booking","bookingId":"BK-000106","customerId":"CUS-710687","hotelId":"HTL-004","event":"hotel_validated","msg":"Hotel availability validated"}
{"level":30,"time":"2026-07-29T10:59:35.115Z","application":"booking-benchmark","reqId":"d049931f-aff4-45e4-a0fb-38447ead47f3","service":"booking","bookingId":"BK-000106","customerId":"CUS-710687","hotelId":"HTL-004","component":"payment","event":"payment_started","msg":"Authorizing payment"}
{"level":30,"time":"2026-07-29T10:59:35.115Z","application":"booking-benchmark","reqId":"d049931f-aff4-45e4-a0fb-38447ead47f3","service":"booking","bookingId":"BK-000106","customerId":"CUS-710687","hotelId":"HTL-004","component":"payment","event":"payment_authorized","msg":"Payment authorized"}
{"level":30,"time":"2026-07-29T10:59:35.115Z","application":"booking-benchmark","reqId":"d049931f-aff4-45e4-a0fb-38447ead47f3","service":"booking","bookingId":"BK-000106","customerId":"CUS-710687","hotelId":"HTL-004","event":"payment_completed","msg":"Payment completed"}
{"level":30,"time":"2026-07-29T10:59:35.115Z","application":"booking-benchmark","reqId":"d049931f-aff4-45e4-a0fb-38447ead47f3","service":"booking","bookingId":"BK-000106","customerId":"CUS-710687","hotelId":"HTL-004","event":"booking_created","msg":"Booking created"}
{"level":30,"time":"2026-07-29T10:59:35.115Z","application":"booking-benchmark","reqId":"d049931f-aff4-45e4-a0fb-38447ead47f3","service":"booking","bookingId":"BK-000106","customerId":"CUS-710687","hotelId":"HTL-004","component":"notification","event":"confirmation_sent","msg":"Booking confirmation sent"}
{"level":30,"time":"2026-07-29T10:59:35.115Z","application":"booking-benchmark","reqId":"d049931f-aff4-45e4-a0fb-38447ead47f3","service":"booking","bookingId":"BK-000106","customerId":"CUS-710687","hotelId":"HTL-004","event":"booking_workflow_completed","msg":"Booking workflow completed"}
{"level":30,"time":"2026-07-29T10:59:35.115Z","application":"booking-benchmark","reqId":"d049931f-aff4-45e4-a0fb-38447ead47f3","event":"http_request_completed","method":"POST","url":"/bookings","statusCode":201,"durationMs":1,"msg":"Request completed"}
{"level":30,"time":"2026-07-29T10:59:35.267Z","application":"booking-benchmark","reqId":"c37cea38-1fe7-40a3-813d-1d12e78ead1a","event":"http_request_started","method":"POST","url":"/bookings","msg":"Incoming request"}
{"level":30,"time":"2026-07-29T10:59:35.267Z","application":"booking-benchmark","reqId":"c37cea38-1fe7-40a3-813d-1d12e78ead1a","service":"booking","bookingId":"BK-000107","customerId":"CUS-018160","hotelId":"HTL-003","event":"booking_workflow_started","nights":5,"msg":"Booking workflow started"}
{"level":30,"time":"2026-07-29T10:59:35.267Z","application":"booking-benchmark","reqId":"c37cea38-1fe7-40a3-813d-1d12e78ead1a","service":"booking","bookingId":"BK-000107","customerId":"CUS-018160","hotelId":"HTL-003","component":"hotel","event":"availability_check_started","hotelId":"HTL-003","msg":"Checking hotel availability"}
{"level":30,"time":"2026-07-29T10:59:35.267Z","application":"booking-benchmark","reqId":"c37cea38-1fe7-40a3-813d-1d12e78ead1a","service":"booking","bookingId":"BK-000107","customerId":"CUS-018160","hotelId":"HTL-003","component":"hotel","event":"availability_confirmed","hotelId":"HTL-003","availableRooms":12,"msg":"Hotel availability confirmed"}
{"level":30,"time":"2026-07-29T10:59:35.267Z","application":"booking-benchmark","reqId":"c37cea38-1fe7-40a3-813d-1d12e78ead1a","service":"booking","bookingId":"BK-000107","customerId":"CUS-018160","hotelId":"HTL-003","event":"hotel_validated","msg":"Hotel availability validated"}
{"level":30,"time":"2026-07-29T10:59:35.267Z","application":"booking-benchmark","reqId":"c37cea38-1fe7-40a3-813d-1d12e78ead1a","service":"booking","bookingId":"BK-000107","customerId":"CUS-018160","hotelId":"HTL-003","component":"payment","event":"payment_started","msg":"Authorizing payment"}
{"level":30,"time":"2026-07-29T10:59:35.267Z","application":"booking-benchmark","reqId":"c37cea38-1fe7-40a3-813d-1d12e78ead1a","service":"booking","bookingId":"BK-000107","customerId":"CUS-018160","hotelId":"HTL-003","component":"payment","event":"payment_authorized","msg":"Payment authorized"}
{"level":30,"time":"2026-07-29T10:59:35.267Z","application":"booking-benchmark","reqId":"c37cea38-1fe7-40a3-813d-1d12e78ead1a","service":"booking","bookingId":"BK-000107","customerId":"CUS-018160","hotelId":"HTL-003","event":"payment_completed","msg":"Payment completed"}
{"level":30,"time":"2026-07-29T10:59:35.267Z","application":"booking-benchmark","reqId":"c37cea38-1fe7-40a3-813d-1d12e78ead1a","service":"booking","bookingId":"BK-000107","customerId":"CUS-018160","hotelId":"HTL-003","event":"booking_created","msg":"Booking created"}
{"level":30,"time":"2026-07-29T10:59:35.267Z","application":"booking-benchmark","reqId":"c37cea38-1fe7-40a3-813d-1d12e78ead1a","service":"booking","bookingId":"BK-000107","customerId":"CUS-018160","hotelId":"HTL-003","component":"notification","event":"confirmation_sent","msg":"Booking confirmation sent"}
{"level":30,"time":"2026-07-29T10:59:35.267Z","application":"booking-benchmark","reqId":"c37cea38-1fe7-40a3-813d-1d12e78ead1a","service":"booking","bookingId":"BK-000107","customerId":"CUS-018160","hotelId":"HTL-003","event":"booking_workflow_completed","msg":"Booking workflow completed"}
{"level":30,"time":"2026-07-29T10:59:35.268Z","application":"booking-benchmark","reqId":"c37cea38-1fe7-40a3-813d-1d12e78ead1a","event":"http_request_completed","method":"POST","url":"/bookings","statusCode":201,"durationMs":1,"msg":"Request completed"}
{"level":30,"time":"2026-07-29T10:59:35.331Z","application":"booking-benchmark","reqId":"64131378-a435-4228-b776-0feedb8bb773","event":"http_request_started","method":"POST","url":"/bookings","msg":"Incoming request"}
{"level":30,"time":"2026-07-29T10:59:35.331Z","application":"booking-benchmark","reqId":"64131378-a435-4228-b776-0feedb8bb773","service":"booking","bookingId":"BK-000108","customerId":"CUS-913253","hotelId":"HTL-001","event":"booking_workflow_started","nights":7,"msg":"Booking workflow started"}
{"level":30,"time":"2026-07-29T10:59:35.331Z","application":"booking-benchmark","reqId":"64131378-a435-4228-b776-0feedb8bb773","service":"booking","bookingId":"BK-000108","customerId":"CUS-913253","hotelId":"HTL-001","component":"hotel","event":"availability_check_started","hotelId":"HTL-001","msg":"Checking hotel availability"}
{"level":30,"time":"2026-07-29T10:59:35.331Z","application":"booking-benchmark","reqId":"64131378-a435-4228-b776-0feedb8bb773","service":"booking","bookingId":"BK-000108","customerId":"CUS-913253","hotelId":"HTL-001","component":"hotel","event":"availability_confirmed","hotelId":"HTL-001","availableRooms":15,"msg":"Hotel availability confirmed"}
{"level":30,"time":"2026-07-29T10:59:35.331Z","application":"booking-benchmark","reqId":"64131378-a435-4228-b776-0feedb8bb773","service":"booking","bookingId":"BK-000108","customerId":"CUS-913253","hotelId":"HTL-001","event":"hotel_validated","msg":"Hotel availability validated"}
{"level":30,"time":"2026-07-29T10:59:35.331Z","application":"booking-benchmark","reqId":"64131378-a435-4228-b776-0feedb8bb773","service":"booking","bookingId":"BK-000108","customerId":"CUS-913253","hotelId":"HTL-001","component":"payment","event":"payment_started","msg":"Authorizing payment"}
{"level":30,"time":"2026-07-29T10:59:35.331Z","application":"booking-benchmark","reqId":"64131378-a435-4228-b776-0feedb8bb773","service":"booking","bookingId":"BK-000108","customerId":"CUS-913253","hotelId":"HTL-001","component":"payment","event":"payment_authorized","msg":"Payment authorized"}
{"level":30,"time":"2026-07-29T10:59:35.331Z","application":"booking-benchmark","reqId":"64131378-a435-4228-b776-0feedb8bb773","service":"booking","bookingId":"BK-000108","customerId":"CUS-913253","hotelId":"HTL-001","event":"payment_completed","msg":"Payment completed"}
{"level":30,"time":"2026-07-29T10:59:35.331Z","application":"booking-benchmark","reqId":"64131378-a435-4228-b776-0feedb8bb773","service":"booking","bookingId":"BK-000108","customerId":"CUS-913253","hotelId":"HTL-001","event":"booking_created","msg":"Booking created"}
{"level":30,"time":"2026-07-29T10:59:35.331Z","application":"booking-benchmark","reqId":"64131378-a435-4228-b776-0feedb8bb773","service":"booking","bookingId":"BK-000108","customerId":"CUS-913253","hotelId":"HTL-001","component":"notification","event":"confirmation_sent","msg":"Booking confirmation sent"}
{"level":30,"time":"2026-07-29T10:59:35.331Z","application":"booking-benchmark","reqId":"64131378-a435-4228-b776-0feedb8bb773","service":"booking","bookingId":"BK-000108","customerId":"CUS-913253","hotelId":"HTL-001","event":"booking_workflow_completed","msg":"Booking workflow completed"}
{"level":30,"time":"2026-07-29T10:59:35.332Z","application":"booking-benchmark","reqId":"64131378-a435-4228-b776-0feedb8bb773","event":"http_request_completed","method":"POST","url":"/bookings","statusCode":201,"durationMs":1,"msg":"Request completed"}
{"level":30,"time":"2026-07-29T10:59:35.407Z","application":"booking-benchmark","reqId":"5799b016-654b-4419-836f-d478cb1f7795","event":"http_request_started","method":"POST","url":"/bookings","msg":"Incoming request"}
{"level":30,"time":"2026-07-29T10:59:35.408Z","application":"booking-benchmark","reqId":"5799b016-654b-4419-836f-d478cb1f7795","service":"booking","bookingId":"BK-000109","customerId":"CUS-728379","hotelId":"HTL-005","event":"booking_workflow_started","nights":4,"msg":"Booking workflow started"}
{"level":30,"time":"2026-07-29T10:59:35.408Z","application":"booking-benchmark","reqId":"5799b016-654b-4419-836f-d478cb1f7795","service":"booking","bookingId":"BK-000109","customerId":"CUS-728379","hotelId":"HTL-005","component":"hotel","event":"availability_check_started","hotelId":"HTL-005","msg":"Checking hotel availability"}
{"level":30,"time":"2026-07-29T10:59:35.408Z","application":"booking-benchmark","reqId":"5799b016-654b-4419-836f-d478cb1f7795","service":"booking","bookingId":"BK-000109","customerId":"CUS-728379","hotelId":"HTL-005","component":"hotel","event":"availability_confirmed","hotelId":"HTL-005","availableRooms":10,"msg":"Hotel availability confirmed"}
{"level":30,"time":"2026-07-29T10:59:35.408Z","application":"booking-benchmark","reqId":"5799b016-654b-4419-836f-d478cb1f7795","service":"booking","bookingId":"BK-000109","customerId":"CUS-728379","hotelId":"HTL-005","event":"hotel_validated","msg":"Hotel availability validated"}
{"level":30,"time":"2026-07-29T10:59:35.408Z","application":"booking-benchmark","reqId":"5799b016-654b-4419-836f-d478cb1f7795","service":"booking","bookingId":"BK-000109","customerId":"CUS-728379","hotelId":"HTL-005","component":"payment","event":"payment_started","msg":"Authorizing payment"}
{"level":30,"time":"2026-07-29T10:59:35.408Z","application":"booking-benchmark","reqId":"5799b016-654b-4419-836f-d478cb1f7795","service":"booking","bookingId":"BK-000109","customerId":"CUS-728379","hotelId":"HTL-005","component":"payment","event":"payment_authorized","msg":"Payment authorized"}
{"level":30,"time":"2026-07-29T10:59:35.408Z","application":"booking-benchmark","reqId":"5799b016-654b-4419-836f-d478cb1f7795","service":"booking","bookingId":"BK-000109","customerId":"CUS-728379","hotelId":"HTL-005","event":"payment_completed","msg":"Payment completed"}
{"level":30,"time":"2026-07-29T10:59:35.408Z","application":"booking-benchmark","reqId":"5799b016-654b-4419-836f-d478cb1f7795","service":"booking","bookingId":"BK-000109","customerId":"CUS-728379","hotelId":"HTL-005","event":"booking_created","msg":"Booking created"}
{"level":30,"time":"2026-07-29T10:59:35.408Z","application":"booking-benchmark","reqId":"5799b016-654b-4419-836f-d478cb1f7795","service":"booking","bookingId":"BK-000109","customerId":"CUS-728379","hotelId":"HTL-005","component":"notification","event":"confirmation_sent","msg":"Booking confirmation sent"}
{"level":30,"time":"2026-07-29T10:59:35.408Z","application":"booking-benchmark","reqId":"5799b016-654b-4419-836f-d478cb1f7795","service":"booking","bookingId":"BK-000109","customerId":"CUS-728379","hotelId":"HTL-005","event":"booking_workflow_completed","msg":"Booking workflow completed"}
{"level":30,"time":"2026-07-29T10:59:35.408Z","application":"booking-benchmark","reqId":"5799b016-654b-4419-836f-d478cb1f7795","event":"http_request_completed","method":"POST","url":"/bookings","statusCode":201,"durationMs":1,"msg":"Request completed"}
{"level":30,"time":"2026-07-29T10:59:35.548Z","application":"booking-benchmark","reqId":"6faa33c7-5af7-4068-b161-431fa5a554c9","event":"http_request_started","method":"POST","url":"/bookings","msg":"Incoming request"}
{"level":30,"time":"2026-07-29T10:59:35.548Z","application":"booking-benchmark","reqId":"6faa33c7-5af7-4068-b161-431fa5a554c9","service":"booking","bookingId":"BK-000110","customerId":"CUS-180754","hotelId":"HTL-004","event":"booking_workflow_started","nights":1,"msg":"Booking workflow started"}
{"level":30,"time":"2026-07-29T10:59:35.548Z","application":"booking-benchmark","reqId":"6faa33c7-5af7-4068-b161-431fa5a554c9","service":"booking","bookingId":"BK-000110","customerId":"CUS-180754","hotelId":"HTL-004","component":"hotel","event":"availability_check_started","hotelId":"HTL-004","msg":"Checking hotel availability"}
{"level":30,"time":"2026-07-29T10:59:35.548Z","application":"booking-benchmark","reqId":"6faa33c7-5af7-4068-b161-431fa5a554c9","service":"booking","bookingId":"BK-000110","customerId":"CUS-180754","hotelId":"HTL-004","component":"hotel","event":"availability_confirmed","hotelId":"HTL-004","availableRooms":20,"msg":"Hotel availability confirmed"}
{"level":30,"time":"2026-07-29T10:59:35.548Z","application":"booking-benchmark","reqId":"6faa33c7-5af7-4068-b161-431fa5a554c9","service":"booking","bookingId":"BK-000110","customerId":"CUS-180754","hotelId":"HTL-004","event":"hotel_validated","msg":"Hotel availability validated"}
{"level":30,"time":"2026-07-29T10:59:35.548Z","application":"booking-benchmark","reqId":"6faa33c7-5af7-4068-b161-431fa5a554c9","service":"booking","bookingId":"BK-000110","customerId":"CUS-180754","hotelId":"HTL-004","component":"payment","event":"payment_started","msg":"Authorizing payment"}
{"level":30,"time":"2026-07-29T10:59:35.548Z","application":"booking-benchmark","reqId":"6faa33c7-5af7-4068-b161-431fa5a554c9","service":"booking","bookingId":"BK-000110","customerId":"CUS-180754","hotelId":"HTL-004","component":"payment","event":"payment_authorized","msg":"Payment authorized"}
{"level":30,"time":"2026-07-29T10:59:35.548Z","application":"booking-benchmark","reqId":"6faa33c7-5af7-4068-b161-431fa5a554c9","service":"booking","bookingId":"BK-000110","customerId":"CUS-180754","hotelId":"HTL-004","event":"payment_completed","msg":"Payment completed"}
{"level":30,"time":"2026-07-29T10:59:35.548Z","application":"booking-benchmark","reqId":"6faa33c7-5af7-4068-b161-431fa5a554c9","service":"booking","bookingId":"BK-000110","customerId":"CUS-180754","hotelId":"HTL-004","event":"booking_created","msg":"Booking created"}
{"level":30,"time":"2026-07-29T10:59:35.548Z","application":"booking-benchmark","reqId":"6faa33c7-5af7-4068-b161-431fa5a554c9","service":"booking","bookingId":"BK-000110","customerId":"CUS-180754","hotelId":"HTL-004","component":"notification","event":"confirmation_sent","msg":"Booking confirmation sent"}
{"level":30,"time":"2026-07-29T10:59:35.548Z","application":"booking-benchmark","reqId":"6faa33c7-5af7-4068-b161-431fa5a554c9","service":"booking","bookingId":"BK-000110","customerId":"CUS-180754","hotelId":"HTL-004","event":"booking_workflow_completed","msg":"Booking workflow completed"}
{"level":30,"time":"2026-07-29T10:59:35.548Z","application":"booking-benchmark","reqId":"6faa33c7-5af7-4068-b161-431fa5a554c9","event":"http_request_completed","method":"POST","url":"/bookings","statusCode":201,"durationMs":0,"msg":"Request completed"}
{"level":30,"time":"2026-07-29T10:59:35.641Z","application":"booking-benchmark","reqId":"fea3bb46-341c-46b3-a22e-11ad7814b0d5","event":"http_request_started","method":"POST","url":"/bookings","msg":"Incoming request"}
{"level":30,"time":"2026-07-29T10:59:35.642Z","application":"booking-benchmark","reqId":"fea3bb46-341c-46b3-a22e-11ad7814b0d5","service":"booking","bookingId":"BK-000111","customerId":"CUS-590112","hotelId":"HTL-003","event":"booking_workflow_started","nights":3,"msg":"Booking workflow started"}
{"level":30,"time":"2026-07-29T10:59:35.642Z","application":"booking-benchmark","reqId":"fea3bb46-341c-46b3-a22e-11ad7814b0d5","service":"booking","bookingId":"BK-000111","customerId":"CUS-590112","hotelId":"HTL-003","component":"hotel","event":"availability_check_started","hotelId":"HTL-003","msg":"Checking hotel availability"}
{"level":30,"time":"2026-07-29T10:59:35.642Z","application":"booking-benchmark","reqId":"fea3bb46-341c-46b3-a22e-11ad7814b0d5","service":"booking","bookingId":"BK-000111","customerId":"CUS-590112","hotelId":"HTL-003","component":"hotel","event":"availability_confirmed","hotelId":"HTL-003","availableRooms":12,"msg":"Hotel availability confirmed"}
{"level":30,"time":"2026-07-29T10:59:35.642Z","application":"booking-benchmark","reqId":"fea3bb46-341c-46b3-a22e-11ad7814b0d5","service":"booking","bookingId":"BK-000111","customerId":"CUS-590112","hotelId":"HTL-003","event":"hotel_validated","msg":"Hotel availability validated"}
{"level":30,"time":"2026-07-29T10:59:35.642Z","application":"booking-benchmark","reqId":"fea3bb46-341c-46b3-a22e-11ad7814b0d5","service":"booking","bookingId":"BK-000111","customerId":"CUS-590112","hotelId":"HTL-003","component":"payment","event":"payment_started","msg":"Authorizing payment"}
{"level":30,"time":"2026-07-29T10:59:35.642Z","application":"booking-benchmark","reqId":"fea3bb46-341c-46b3-a22e-11ad7814b0d5","service":"booking","bookingId":"BK-000111","customerId":"CUS-590112","hotelId":"HTL-003","component":"payment","event":"payment_authorized","msg":"Payment authorized"}
{"level":30,"time":"2026-07-29T10:59:35.642Z","application":"booking-benchmark","reqId":"fea3bb46-341c-46b3-a22e-11ad7814b0d5","service":"booking","bookingId":"BK-000111","customerId":"CUS-590112","hotelId":"HTL-003","event":"payment_completed","msg":"Payment completed"}
{"level":30,"time":"2026-07-29T10:59:35.642Z","application":"booking-benchmark","reqId":"fea3bb46-341c-46b3-a22e-11ad7814b0d5","service":"booking","bookingId":"BK-000111","customerId":"CUS-590112","hotelId":"HTL-003","event":"booking_created","msg":"Booking created"}
{"level":30,"time":"2026-07-29T10:59:35.642Z","application":"booking-benchmark","reqId":"fea3bb46-341c-46b3-a22e-11ad7814b0d5","service":"booking","bookingId":"BK-000111","customerId":"CUS-590112","hotelId":"HTL-003","component":"notification","event":"confirmation_sent","msg":"Booking confirmation sent"}
{"level":30,"time":"2026-07-29T10:59:35.642Z","application":"booking-benchmark","reqId":"fea3bb46-341c-46b3-a22e-11ad7814b0d5","service":"booking","bookingId":"BK-000111","customerId":"CUS-590112","hotelId":"HTL-003","event":"booking_workflow_completed","msg":"Booking workflow completed"}
{"level":30,"time":"2026-07-29T10:59:35.643Z","application":"booking-benchmark","reqId":"fea3bb46-341c-46b3-a22e-11ad7814b0d5","event":"http_request_completed","method":"POST","url":"/bookings","statusCode":201,"durationMs":2,"msg":"Request completed"}
{"level":30,"time":"2026-07-29T10:59:35.805Z","application":"booking-benchmark","reqId":"cf9ddb31-daee-4023-b874-4110cd852aa8","event":"http_request_started","method":"POST","url":"/bookings","msg":"Incoming request"}
{"level":30,"time":"2026-07-29T10:59:35.805Z","application":"booking-benchmark","reqId":"cf9ddb31-daee-4023-b874-4110cd852aa8","service":"booking","bookingId":"BK-000112","customerId":"CUS-668584","hotelId":"HTL-004","event":"booking_workflow_started","nights":6,"msg":"Booking workflow started"}
{"level":30,"time":"2026-07-29T10:59:35.805Z","application":"booking-benchmark","reqId":"cf9ddb31-daee-4023-b874-4110cd852aa8","service":"booking","bookingId":"BK-000112","customerId":"CUS-668584","hotelId":"HTL-004","component":"hotel","event":"availability_check_started","hotelId":"HTL-004","msg":"Checking hotel availability"}
{"level":30,"time":"2026-07-29T10:59:35.805Z","application":"booking-benchmark","reqId":"cf9ddb31-daee-4023-b874-4110cd852aa8","service":"booking","bookingId":"BK-000112","customerId":"CUS-668584","hotelId":"HTL-004","component":"hotel","event":"availability_confirmed","hotelId":"HTL-004","availableRooms":20,"msg":"Hotel availability confirmed"}
{"level":30,"time":"2026-07-29T10:59:35.805Z","application":"booking-benchmark","reqId":"cf9ddb31-daee-4023-b874-4110cd852aa8","service":"booking","bookingId":"BK-000112","customerId":"CUS-668584","hotelId":"HTL-004","event":"hotel_validated","msg":"Hotel availability validated"}
{"level":30,"time":"2026-07-29T10:59:35.805Z","application":"booking-benchmark","reqId":"cf9ddb31-daee-4023-b874-4110cd852aa8","service":"booking","bookingId":"BK-000112","customerId":"CUS-668584","hotelId":"HTL-004","component":"payment","event":"payment_started","msg":"Authorizing payment"}
{"level":30,"time":"2026-07-29T10:59:35.805Z","application":"booking-benchmark","reqId":"cf9ddb31-daee-4023-b874-4110cd852aa8","service":"booking","bookingId":"BK-000112","customerId":"CUS-668584","hotelId":"HTL-004","component":"payment","event":"payment_authorized","msg":"Payment authorized"}
{"level":30,"time":"2026-07-29T10:59:35.805Z","application":"booking-benchmark","reqId":"cf9ddb31-daee-4023-b874-4110cd852aa8","service":"booking","bookingId":"BK-000112","customerId":"CUS-668584","hotelId":"HTL-004","event":"payment_completed","msg":"Payment completed"}
{"level":30,"time":"2026-07-29T10:59:35.805Z","application":"booking-benchmark","reqId":"cf9ddb31-daee-4023-b874-4110cd852aa8","service":"booking","bookingId":"BK-000112","customerId":"CUS-668584","hotelId":"HTL-004","event":"booking_created","msg":"Booking created"}
{"level":30,"time":"2026-07-29T10:59:35.805Z","application":"booking-benchmark","reqId":"cf9ddb31-daee-4023-b874-4110cd852aa8","service":"booking","bookingId":"BK-000112","customerId":"CUS-668584","hotelId":"HTL-004","component":"notification","event":"confirmation_sent","msg":"Booking confirmation sent"}
{"level":30,"time":"2026-07-29T10:59:35.805Z","application":"booking-benchmark","reqId":"cf9ddb31-daee-4023-b874-4110cd852aa8","service":"booking","bookingId":"BK-000112","customerId":"CUS-668584","hotelId":"HTL-004","event":"booking_workflow_completed","msg":"Booking workflow completed"}
{"level":30,"time":"2026-07-29T10:59:35.806Z","application":"booking-benchmark","reqId":"cf9ddb31-daee-4023-b874-4110cd852aa8","event":"http_request_completed","method":"POST","url":"/bookings","statusCode":201,"durationMs":1,"msg":"Request completed"}
{"level":30,"time":"2026-07-29T10:59:35.882Z","application":"booking-benchmark","reqId":"00425b1d-558e-46f1-b5f9-16a5d32c3297","event":"http_request_started","method":"POST","url":"/bookings","msg":"Incoming request"}
{"level":30,"time":"2026-07-29T10:59:35.882Z","application":"booking-benchmark","reqId":"00425b1d-558e-46f1-b5f9-16a5d32c3297","service":"booking","bookingId":"BK-000113","customerId":"CUS-722439","hotelId":"HTL-003","event":"booking_workflow_started","nights":1,"msg":"Booking workflow started"}
{"level":30,"time":"2026-07-29T10:59:35.882Z","application":"booking-benchmark","reqId":"00425b1d-558e-46f1-b5f9-16a5d32c3297","service":"booking","bookingId":"BK-000113","customerId":"CUS-722439","hotelId":"HTL-003","component":"hotel","event":"availability_check_started","hotelId":"HTL-003","msg":"Checking hotel availability"}
{"level":30,"time":"2026-07-29T10:59:35.882Z","application":"booking-benchmark","reqId":"00425b1d-558e-46f1-b5f9-16a5d32c3297","service":"booking","bookingId":"BK-000113","customerId":"CUS-722439","hotelId":"HTL-003","component":"hotel","event":"availability_confirmed","hotelId":"HTL-003","availableRooms":12,"msg":"Hotel availability confirmed"}
{"level":30,"time":"2026-07-29T10:59:35.882Z","application":"booking-benchmark","reqId":"00425b1d-558e-46f1-b5f9-16a5d32c3297","service":"booking","bookingId":"BK-000113","customerId":"CUS-722439","hotelId":"HTL-003","event":"hotel_validated","msg":"Hotel availability validated"}
{"level":30,"time":"2026-07-29T10:59:35.882Z","application":"booking-benchmark","reqId":"00425b1d-558e-46f1-b5f9-16a5d32c3297","service":"booking","bookingId":"BK-000113","customerId":"CUS-722439","hotelId":"HTL-003","component":"payment","event":"payment_started","msg":"Authorizing payment"}
{"level":30,"time":"2026-07-29T10:59:35.882Z","application":"booking-benchmark","reqId":"00425b1d-558e-46f1-b5f9-16a5d32c3297","service":"booking","bookingId":"BK-000113","customerId":"CUS-722439","hotelId":"HTL-003","component":"payment","event":"payment_authorized","msg":"Payment authorized"}
{"level":30,"time":"2026-07-29T10:59:35.883Z","application":"booking-benchmark","reqId":"00425b1d-558e-46f1-b5f9-16a5d32c3297","service":"booking","bookingId":"BK-000113","customerId":"CUS-722439","hotelId":"HTL-003","event":"payment_completed","msg":"Payment completed"}
{"level":30,"time":"2026-07-29T10:59:35.883Z","application":"booking-benchmark","reqId":"00425b1d-558e-46f1-b5f9-16a5d32c3297","service":"booking","bookingId":"BK-000113","customerId":"CUS-722439","hotelId":"HTL-003","event":"booking_created","msg":"Booking created"}
{"level":30,"time":"2026-07-29T10:59:35.883Z","application":"booking-benchmark","reqId":"00425b1d-558e-46f1-b5f9-16a5d32c3297","service":"booking","bookingId":"BK-000113","customerId":"CUS-722439","hotelId":"HTL-003","component":"notification","event":"confirmation_sent","msg":"Booking confirmation sent"}
{"level":30,"time":"2026-07-29T10:59:35.883Z","application":"booking-benchmark","reqId":"00425b1d-558e-46f1-b5f9-16a5d32c3297","service":"booking","bookingId":"BK-000113","customerId":"CUS-722439","hotelId":"HTL-003","event":"booking_workflow_completed","msg":"Booking workflow completed"}
{"level":30,"time":"2026-07-29T10:59:35.883Z","application":"booking-benchmark","reqId":"00425b1d-558e-46f1-b5f9-16a5d32c3297","event":"http_request_completed","method":"POST","url":"/bookings","statusCode":201,"durationMs":1,"msg":"Request completed"}
{"level":30,"time":"2026-07-29T10:59:35.980Z","application":"booking-benchmark","reqId":"c18040c5-0246-4990-897e-f2c7f8bcb26c","event":"http_request_started","method":"POST","url":"/bookings","msg":"Incoming request"}
{"level":30,"time":"2026-07-29T10:59:35.981Z","application":"booking-benchmark","reqId":"c18040c5-0246-4990-897e-f2c7f8bcb26c","service":"booking","bookingId":"BK-000114","customerId":"CUS-053812","hotelId":"HTL-001","event":"booking_workflow_started","nights":7,"msg":"Booking workflow started"}
{"level":30,"time":"2026-07-29T10:59:35.981Z","application":"booking-benchmark","reqId":"c18040c5-0246-4990-897e-f2c7f8bcb26c","service":"booking","bookingId":"BK-000114","customerId":"CUS-053812","hotelId":"HTL-001","component":"hotel","event":"availability_check_started","hotelId":"HTL-001","msg":"Checking hotel availability"}
{"level":30,"time":"2026-07-29T10:59:35.981Z","application":"booking-benchmark","reqId":"c18040c5-0246-4990-897e-f2c7f8bcb26c","service":"booking","bookingId":"BK-000114","customerId":"CUS-053812","hotelId":"HTL-001","component":"hotel","event":"availability_confirmed","hotelId":"HTL-001","availableRooms":15,"msg":"Hotel availability confirmed"}
{"level":30,"time":"2026-07-29T10:59:35.981Z","application":"booking-benchmark","reqId":"c18040c5-0246-4990-897e-f2c7f8bcb26c","service":"booking","bookingId":"BK-000114","customerId":"CUS-053812","hotelId":"HTL-001","event":"hotel_validated","msg":"Hotel availability validated"}
{"level":30,"time":"2026-07-29T10:59:35.981Z","application":"booking-benchmark","reqId":"c18040c5-0246-4990-897e-f2c7f8bcb26c","service":"booking","bookingId":"BK-000114","customerId":"CUS-053812","hotelId":"HTL-001","component":"payment","event":"payment_started","msg":"Authorizing payment"}
{"level":30,"time":"2026-07-29T10:59:35.981Z","application":"booking-benchmark","reqId":"c18040c5-0246-4990-897e-f2c7f8bcb26c","service":"booking","bookingId":"BK-000114","customerId":"CUS-053812","hotelId":"HTL-001","component":"payment","event":"payment_authorized","msg":"Payment authorized"}
{"level":30,"time":"2026-07-29T10:59:35.981Z","application":"booking-benchmark","reqId":"c18040c5-0246-4990-897e-f2c7f8bcb26c","service":"booking","bookingId":"BK-000114","customerId":"CUS-053812","hotelId":"HTL-001","event":"payment_completed","msg":"Payment completed"}
{"level":30,"time":"2026-07-29T10:59:35.981Z","application":"booking-benchmark","reqId":"c18040c5-0246-4990-897e-f2c7f8bcb26c","service":"booking","bookingId":"BK-000114","customerId":"CUS-053812","hotelId":"HTL-001","event":"booking_created","msg":"Booking created"}
{"level":30,"time":"2026-07-29T10:59:35.981Z","application":"booking-benchmark","reqId":"c18040c5-0246-4990-897e-f2c7f8bcb26c","service":"booking","bookingId":"BK-000114","customerId":"CUS-053812","hotelId":"HTL-001","component":"notification","event":"confirmation_sent","msg":"Booking confirmation sent"}
{"level":30,"time":"2026-07-29T10:59:35.981Z","application":"booking-benchmark","reqId":"c18040c5-0246-4990-897e-f2c7f8bcb26c","service":"booking","bookingId":"BK-000114","customerId":"CUS-053812","hotelId":"HTL-001","event":"booking_workflow_completed","msg":"Booking workflow completed"}
{"level":30,"time":"2026-07-29T10:59:35.981Z","application":"booking-benchmark","reqId":"c18040c5-0246-4990-897e-f2c7f8bcb26c","event":"http_request_completed","method":"POST","url":"/bookings","statusCode":201,"durationMs":1,"msg":"Request completed"}
{"level":30,"time":"2026-07-29T10:59:36.145Z","application":"booking-benchmark","reqId":"4f13167d-5544-4d21-8305-0f7f9e8ca153","event":"http_request_started","method":"POST","url":"/bookings","msg":"Incoming request"}
{"level":30,"time":"2026-07-29T10:59:36.146Z","application":"booking-benchmark","reqId":"4f13167d-5544-4d21-8305-0f7f9e8ca153","service":"booking","bookingId":"BK-000115","customerId":"CUS-229451","hotelId":"HTL-004","event":"booking_workflow_started","nights":1,"msg":"Booking workflow started"}
{"level":30,"time":"2026-07-29T10:59:36.146Z","application":"booking-benchmark","reqId":"4f13167d-5544-4d21-8305-0f7f9e8ca153","service":"booking","bookingId":"BK-000115","customerId":"CUS-229451","hotelId":"HTL-004","component":"hotel","event":"availability_check_started","hotelId":"HTL-004","msg":"Checking hotel availability"}
{"level":30,"time":"2026-07-29T10:59:36.146Z","application":"booking-benchmark","reqId":"4f13167d-5544-4d21-8305-0f7f9e8ca153","service":"booking","bookingId":"BK-000115","customerId":"CUS-229451","hotelId":"HTL-004","component":"hotel","event":"availability_confirmed","hotelId":"HTL-004","availableRooms":20,"msg":"Hotel availability confirmed"}
{"level":30,"time":"2026-07-29T10:59:36.146Z","application":"booking-benchmark","reqId":"4f13167d-5544-4d21-8305-0f7f9e8ca153","service":"booking","bookingId":"BK-000115","customerId":"CUS-229451","hotelId":"HTL-004","event":"hotel_validated","msg":"Hotel availability validated"}
{"level":30,"time":"2026-07-29T10:59:36.146Z","application":"booking-benchmark","reqId":"4f13167d-5544-4d21-8305-0f7f9e8ca153","service":"booking","bookingId":"BK-000115","customerId":"CUS-229451","hotelId":"HTL-004","component":"payment","event":"payment_started","msg":"Authorizing payment"}
{"level":30,"time":"2026-07-29T10:59:36.146Z","application":"booking-benchmark","reqId":"4f13167d-5544-4d21-8305-0f7f9e8ca153","service":"booking","bookingId":"BK-000115","customerId":"CUS-229451","hotelId":"HTL-004","component":"payment","event":"payment_authorized","msg":"Payment authorized"}
{"level":30,"time":"2026-07-29T10:59:36.146Z","application":"booking-benchmark","reqId":"4f13167d-5544-4d21-8305-0f7f9e8ca153","service":"booking","bookingId":"BK-000115","customerId":"CUS-229451","hotelId":"HTL-004","event":"payment_completed","msg":"Payment completed"}
{"level":30,"time":"2026-07-29T10:59:36.146Z","application":"booking-benchmark","reqId":"4f13167d-5544-4d21-8305-0f7f9e8ca153","service":"booking","bookingId":"BK-000115","customerId":"CUS-229451","hotelId":"HTL-004","event":"booking_created","msg":"Booking created"}
{"level":30,"time":"2026-07-29T10:59:36.146Z","application":"booking-benchmark","reqId":"4f13167d-5544-4d21-8305-0f7f9e8ca153","service":"booking","bookingId":"BK-000115","customerId":"CUS-229451","hotelId":"HTL-004","component":"notification","event":"confirmation_sent","msg":"Booking confirmation sent"}
{"level":30,"time":"2026-07-29T10:59:36.146Z","application":"booking-benchmark","reqId":"4f13167d-5544-4d21-8305-0f7f9e8ca153","service":"booking","bookingId":"BK-000115","customerId":"CUS-229451","hotelId":"HTL-004","event":"booking_workflow_completed","msg":"Booking workflow completed"}
{"level":30,"time":"2026-07-29T10:59:36.147Z","application":"booking-benchmark","reqId":"4f13167d-5544-4d21-8305-0f7f9e8ca153","event":"http_request_completed","method":"POST","url":"/bookings","statusCode":201,"durationMs":2,"msg":"Request completed"}
{"level":30,"time":"2026-07-29T10:59:36.258Z","application":"booking-benchmark","reqId":"cf0049d8-70b1-4b85-8fef-5ea03468ca58","event":"http_request_started","method":"POST","url":"/bookings","msg":"Incoming request"}
{"level":30,"time":"2026-07-29T10:59:36.259Z","application":"booking-benchmark","reqId":"cf0049d8-70b1-4b85-8fef-5ea03468ca58","service":"booking","bookingId":"BK-000116","customerId":"CUS-350627","hotelId":"HTL-001","event":"booking_workflow_started","nights":3,"msg":"Booking workflow started"}
{"level":30,"time":"2026-07-29T10:59:36.259Z","application":"booking-benchmark","reqId":"cf0049d8-70b1-4b85-8fef-5ea03468ca58","service":"booking","bookingId":"BK-000116","customerId":"CUS-350627","hotelId":"HTL-001","component":"hotel","event":"availability_check_started","hotelId":"HTL-001","msg":"Checking hotel availability"}
{"level":30,"time":"2026-07-29T10:59:36.259Z","application":"booking-benchmark","reqId":"cf0049d8-70b1-4b85-8fef-5ea03468ca58","service":"booking","bookingId":"BK-000116","customerId":"CUS-350627","hotelId":"HTL-001","component":"hotel","event":"availability_confirmed","hotelId":"HTL-001","availableRooms":15,"msg":"Hotel availability confirmed"}
{"level":30,"time":"2026-07-29T10:59:36.259Z","application":"booking-benchmark","reqId":"cf0049d8-70b1-4b85-8fef-5ea03468ca58","service":"booking","bookingId":"BK-000116","customerId":"CUS-350627","hotelId":"HTL-001","event":"hotel_validated","msg":"Hotel availability validated"}
{"level":30,"time":"2026-07-29T10:59:36.259Z","application":"booking-benchmark","reqId":"cf0049d8-70b1-4b85-8fef-5ea03468ca58","service":"booking","bookingId":"BK-000116","customerId":"CUS-350627","hotelId":"HTL-001","component":"payment","event":"payment_started","msg":"Authorizing payment"}
{"level":30,"time":"2026-07-29T10:59:36.259Z","application":"booking-benchmark","reqId":"cf0049d8-70b1-4b85-8fef-5ea03468ca58","service":"booking","bookingId":"BK-000116","customerId":"CUS-350627","hotelId":"HTL-001","component":"payment","event":"payment_authorized","msg":"Payment authorized"}
{"level":30,"time":"2026-07-29T10:59:36.259Z","application":"booking-benchmark","reqId":"cf0049d8-70b1-4b85-8fef-5ea03468ca58","service":"booking","bookingId":"BK-000116","customerId":"CUS-350627","hotelId":"HTL-001","event":"payment_completed","msg":"Payment completed"}
{"level":30,"time":"2026-07-29T10:59:36.259Z","application":"booking-benchmark","reqId":"cf0049d8-70b1-4b85-8fef-5ea03468ca58","service":"booking","bookingId":"BK-000116","customerId":"CUS-350627","hotelId":"HTL-001","event":"booking_created","msg":"Booking created"}
{"level":30,"time":"2026-07-29T10:59:36.259Z","application":"booking-benchmark","reqId":"cf0049d8-70b1-4b85-8fef-5ea03468ca58","service":"booking","bookingId":"BK-000116","customerId":"CUS-350627","hotelId":"HTL-001","component":"notification","event":"confirmation_sent","msg":"Booking confirmation sent"}
{"level":30,"time":"2026-07-29T10:59:36.259Z","application":"booking-benchmark","reqId":"cf0049d8-70b1-4b85-8fef-5ea03468ca58","service":"booking","bookingId":"BK-000116","customerId":"CUS-350627","hotelId":"HTL-001","event":"booking_workflow_completed","msg":"Booking workflow completed"}
{"level":30,"time":"2026-07-29T10:59:36.259Z","application":"booking-benchmark","reqId":"cf0049d8-70b1-4b85-8fef-5ea03468ca58","event":"http_request_completed","method":"POST","url":"/bookings","statusCode":201,"durationMs":1,"msg":"Request completed"}
{"level":30,"time":"2026-07-29T10:59:36.454Z","application":"booking-benchmark","reqId":"4b9e55d3-d877-4947-96f1-59e71ba90278","event":"http_request_started","method":"POST","url":"/bookings","msg":"Incoming request"}
{"level":30,"time":"2026-07-29T10:59:36.454Z","application":"booking-benchmark","reqId":"4b9e55d3-d877-4947-96f1-59e71ba90278","service":"booking","bookingId":"BK-000117","customerId":"CUS-249869","hotelId":"HTL-003","event":"booking_workflow_started","nights":6,"msg":"Booking workflow started"}
{"level":30,"time":"2026-07-29T10:59:36.454Z","application":"booking-benchmark","reqId":"4b9e55d3-d877-4947-96f1-59e71ba90278","service":"booking","bookingId":"BK-000117","customerId":"CUS-249869","hotelId":"HTL-003","component":"hotel","event":"availability_check_started","hotelId":"HTL-003","msg":"Checking hotel availability"}
{"level":30,"time":"2026-07-29T10:59:36.454Z","application":"booking-benchmark","reqId":"4b9e55d3-d877-4947-96f1-59e71ba90278","service":"booking","bookingId":"BK-000117","customerId":"CUS-249869","hotelId":"HTL-003","component":"hotel","event":"availability_confirmed","hotelId":"HTL-003","availableRooms":12,"msg":"Hotel availability confirmed"}
{"level":30,"time":"2026-07-29T10:59:36.454Z","application":"booking-benchmark","reqId":"4b9e55d3-d877-4947-96f1-59e71ba90278","service":"booking","bookingId":"BK-000117","customerId":"CUS-249869","hotelId":"HTL-003","event":"hotel_validated","msg":"Hotel availability validated"}
{"level":30,"time":"2026-07-29T10:59:36.454Z","application":"booking-benchmark","reqId":"4b9e55d3-d877-4947-96f1-59e71ba90278","service":"booking","bookingId":"BK-000117","customerId":"CUS-249869","hotelId":"HTL-003","component":"payment","event":"payment_started","msg":"Authorizing payment"}
{"level":30,"time":"2026-07-29T10:59:36.454Z","application":"booking-benchmark","reqId":"4b9e55d3-d877-4947-96f1-59e71ba90278","service":"booking","bookingId":"BK-000117","customerId":"CUS-249869","hotelId":"HTL-003","component":"payment","event":"payment_authorized","msg":"Payment authorized"}
{"level":30,"time":"2026-07-29T10:59:36.454Z","application":"booking-benchmark","reqId":"4b9e55d3-d877-4947-96f1-59e71ba90278","service":"booking","bookingId":"BK-000117","customerId":"CUS-249869","hotelId":"HTL-003","event":"payment_completed","msg":"Payment completed"}
{"level":30,"time":"2026-07-29T10:59:36.454Z","application":"booking-benchmark","reqId":"4b9e55d3-d877-4947-96f1-59e71ba90278","service":"booking","bookingId":"BK-000117","customerId":"CUS-249869","hotelId":"HTL-003","event":"booking_created","msg":"Booking created"}
{"level":30,"time":"2026-07-29T10:59:36.454Z","application":"booking-benchmark","reqId":"4b9e55d3-d877-4947-96f1-59e71ba90278","service":"booking","bookingId":"BK-000117","customerId":"CUS-249869","hotelId":"HTL-003","component":"notification","event":"confirmation_sent","msg":"Booking confirmation sent"}
{"level":30,"time":"2026-07-29T10:59:36.454Z","application":"booking-benchmark","reqId":"4b9e55d3-d877-4947-96f1-59e71ba90278","service":"booking","bookingId":"BK-000117","customerId":"CUS-249869","hotelId":"HTL-003","event":"booking_workflow_completed","msg":"Booking workflow completed"}
{"level":30,"time":"2026-07-29T10:59:36.455Z","application":"booking-benchmark","reqId":"4b9e55d3-d877-4947-96f1-59e71ba90278","event":"http_request_completed","method":"POST","url":"/bookings","statusCode":201,"durationMs":1,"msg":"Request completed"}
{"level":30,"time":"2026-07-29T10:59:36.604Z","application":"booking-benchmark","reqId":"388bf4ea-4e54-46b0-a980-b6823a99b551","event":"http_request_started","method":"POST","url":"/bookings","msg":"Incoming request"}
{"level":30,"time":"2026-07-29T10:59:36.604Z","application":"booking-benchmark","reqId":"388bf4ea-4e54-46b0-a980-b6823a99b551","service":"booking","bookingId":"BK-000118","customerId":"CUS-277556","hotelId":"HTL-005","event":"booking_workflow_started","nights":6,"msg":"Booking workflow started"}
{"level":30,"time":"2026-07-29T10:59:36.605Z","application":"booking-benchmark","reqId":"388bf4ea-4e54-46b0-a980-b6823a99b551","service":"booking","bookingId":"BK-000118","customerId":"CUS-277556","hotelId":"HTL-005","component":"hotel","event":"availability_check_started","hotelId":"HTL-005","msg":"Checking hotel availability"}
{"level":30,"time":"2026-07-29T10:59:36.605Z","application":"booking-benchmark","reqId":"388bf4ea-4e54-46b0-a980-b6823a99b551","service":"booking","bookingId":"BK-000118","customerId":"CUS-277556","hotelId":"HTL-005","component":"hotel","event":"availability_confirmed","hotelId":"HTL-005","availableRooms":10,"msg":"Hotel availability confirmed"}
{"level":30,"time":"2026-07-29T10:59:36.605Z","application":"booking-benchmark","reqId":"388bf4ea-4e54-46b0-a980-b6823a99b551","service":"booking","bookingId":"BK-000118","customerId":"CUS-277556","hotelId":"HTL-005","event":"hotel_validated","msg":"Hotel availability validated"}
{"level":30,"time":"2026-07-29T10:59:36.605Z","application":"booking-benchmark","reqId":"388bf4ea-4e54-46b0-a980-b6823a99b551","service":"booking","bookingId":"BK-000118","customerId":"CUS-277556","hotelId":"HTL-005","component":"payment","event":"payment_started","msg":"Authorizing payment"}
{"level":30,"time":"2026-07-29T10:59:36.605Z","application":"booking-benchmark","reqId":"388bf4ea-4e54-46b0-a980-b6823a99b551","service":"booking","bookingId":"BK-000118","customerId":"CUS-277556","hotelId":"HTL-005","component":"payment","event":"payment_authorized","msg":"Payment authorized"}
{"level":30,"time":"2026-07-29T10:59:36.605Z","application":"booking-benchmark","reqId":"388bf4ea-4e54-46b0-a980-b6823a99b551","service":"booking","bookingId":"BK-000118","customerId":"CUS-277556","hotelId":"HTL-005","event":"payment_completed","msg":"Payment completed"}
{"level":30,"time":"2026-07-29T10:59:36.605Z","application":"booking-benchmark","reqId":"388bf4ea-4e54-46b0-a980-b6823a99b551","service":"booking","bookingId":"BK-000118","customerId":"CUS-277556","hotelId":"HTL-005","event":"booking_created","msg":"Booking created"}
{"level":30,"time":"2026-07-29T10:59:36.605Z","application":"booking-benchmark","reqId":"388bf4ea-4e54-46b0-a980-b6823a99b551","service":"booking","bookingId":"BK-000118","customerId":"CUS-277556","hotelId":"HTL-005","component":"notification","event":"confirmation_sent","msg":"Booking confirmation sent"}
{"level":30,"time":"2026-07-29T10:59:36.605Z","application":"booking-benchmark","reqId":"388bf4ea-4e54-46b0-a980-b6823a99b551","service":"booking","bookingId":"BK-000118","customerId":"CUS-277556","hotelId":"HTL-005","event":"booking_workflow_completed","msg":"Booking workflow completed"}
{"level":30,"time":"2026-07-29T10:59:36.605Z","application":"booking-benchmark","reqId":"388bf4ea-4e54-46b0-a980-b6823a99b551","event":"http_request_completed","method":"POST","url":"/bookings","statusCode":201,"durationMs":1,"msg":"Request completed"}
{"level":30,"time":"2026-07-29T10:59:36.786Z","application":"booking-benchmark","reqId":"8d8aac36-9528-431f-82e4-59937da58d87","event":"http_request_started","method":"POST","url":"/bookings","msg":"Incoming request"}
{"level":30,"time":"2026-07-29T10:59:36.786Z","application":"booking-benchmark","reqId":"8d8aac36-9528-431f-82e4-59937da58d87","service":"booking","bookingId":"BK-000119","customerId":"CUS-210645","hotelId":"HTL-003","event":"booking_workflow_started","nights":6,"msg":"Booking workflow started"}
{"level":30,"time":"2026-07-29T10:59:36.787Z","application":"booking-benchmark","reqId":"8d8aac36-9528-431f-82e4-59937da58d87","service":"booking","bookingId":"BK-000119","customerId":"CUS-210645","hotelId":"HTL-003","component":"hotel","event":"availability_check_started","hotelId":"HTL-003","msg":"Checking hotel availability"}
{"level":30,"time":"2026-07-29T10:59:36.787Z","application":"booking-benchmark","reqId":"8d8aac36-9528-431f-82e4-59937da58d87","service":"booking","bookingId":"BK-000119","customerId":"CUS-210645","hotelId":"HTL-003","component":"hotel","event":"availability_confirmed","hotelId":"HTL-003","availableRooms":12,"msg":"Hotel availability confirmed"}
{"level":30,"time":"2026-07-29T10:59:36.787Z","application":"booking-benchmark","reqId":"8d8aac36-9528-431f-82e4-59937da58d87","service":"booking","bookingId":"BK-000119","customerId":"CUS-210645","hotelId":"HTL-003","event":"hotel_validated","msg":"Hotel availability validated"}
{"level":30,"time":"2026-07-29T10:59:36.787Z","application":"booking-benchmark","reqId":"8d8aac36-9528-431f-82e4-59937da58d87","service":"booking","bookingId":"BK-000119","customerId":"CUS-210645","hotelId":"HTL-003","component":"payment","event":"payment_started","msg":"Authorizing payment"}
{"level":30,"time":"2026-07-29T10:59:36.787Z","application":"booking-benchmark","reqId":"8d8aac36-9528-431f-82e4-59937da58d87","service":"booking","bookingId":"BK-000119","customerId":"CUS-210645","hotelId":"HTL-003","component":"payment","event":"payment_authorized","msg":"Payment authorized"}
{"level":30,"time":"2026-07-29T10:59:36.787Z","application":"booking-benchmark","reqId":"8d8aac36-9528-431f-82e4-59937da58d87","service":"booking","bookingId":"BK-000119","customerId":"CUS-210645","hotelId":"HTL-003","event":"payment_completed","msg":"Payment completed"}
{"level":30,"time":"2026-07-29T10:59:36.787Z","application":"booking-benchmark","reqId":"8d8aac36-9528-431f-82e4-59937da58d87","service":"booking","bookingId":"BK-000119","customerId":"CUS-210645","hotelId":"HTL-003","event":"booking_created","msg":"Booking created"}
{"level":30,"time":"2026-07-29T10:59:36.787Z","application":"booking-benchmark","reqId":"8d8aac36-9528-431f-82e4-59937da58d87","service":"booking","bookingId":"BK-000119","customerId":"CUS-210645","hotelId":"HTL-003","component":"notification","event":"confirmation_sent","msg":"Booking confirmation sent"}
{"level":30,"time":"2026-07-29T10:59:36.787Z","application":"booking-benchmark","reqId":"8d8aac36-9528-431f-82e4-59937da58d87","service":"booking","bookingId":"BK-000119","customerId":"CUS-210645","hotelId":"HTL-003","event":"booking_workflow_completed","msg":"Booking workflow completed"}
{"level":30,"time":"2026-07-29T10:59:36.787Z","application":"booking-benchmark","reqId":"8d8aac36-9528-431f-82e4-59937da58d87","event":"http_request_completed","method":"POST","url":"/bookings","statusCode":201,"durationMs":1,"msg":"Request completed"}
{"level":30,"time":"2026-07-29T10:59:36.899Z","application":"booking-benchmark","reqId":"12c248b9-9a37-4c45-bd87-f9b7f51e6a14","event":"http_request_started","method":"POST","url":"/bookings","msg":"Incoming request"}
{"level":30,"time":"2026-07-29T10:59:36.899Z","application":"booking-benchmark","reqId":"12c248b9-9a37-4c45-bd87-f9b7f51e6a14","service":"booking","bookingId":"BK-000120","customerId":"CUS-541022","hotelId":"HTL-005","event":"booking_workflow_started","nights":7,"msg":"Booking workflow started"}
{"level":30,"time":"2026-07-29T10:59:36.899Z","application":"booking-benchmark","reqId":"12c248b9-9a37-4c45-bd87-f9b7f51e6a14","service":"booking","bookingId":"BK-000120","customerId":"CUS-541022","hotelId":"HTL-005","component":"hotel","event":"availability_check_started","hotelId":"HTL-005","msg":"Checking hotel availability"}
{"level":30,"time":"2026-07-29T10:59:36.899Z","application":"booking-benchmark","reqId":"12c248b9-9a37-4c45-bd87-f9b7f51e6a14","service":"booking","bookingId":"BK-000120","customerId":"CUS-541022","hotelId":"HTL-005","component":"hotel","event":"availability_confirmed","hotelId":"HTL-005","availableRooms":10,"msg":"Hotel availability confirmed"}
{"level":30,"time":"2026-07-29T10:59:36.899Z","application":"booking-benchmark","reqId":"12c248b9-9a37-4c45-bd87-f9b7f51e6a14","service":"booking","bookingId":"BK-000120","customerId":"CUS-541022","hotelId":"HTL-005","event":"hotel_validated","msg":"Hotel availability validated"}
{"level":30,"time":"2026-07-29T10:59:36.899Z","application":"booking-benchmark","reqId":"12c248b9-9a37-4c45-bd87-f9b7f51e6a14","service":"booking","bookingId":"BK-000120","customerId":"CUS-541022","hotelId":"HTL-005","component":"payment","event":"payment_started","msg":"Authorizing payment"}
{"level":30,"time":"2026-07-29T10:59:36.899Z","application":"booking-benchmark","reqId":"12c248b9-9a37-4c45-bd87-f9b7f51e6a14","service":"booking","bookingId":"BK-000120","customerId":"CUS-541022","hotelId":"HTL-005","component":"payment","event":"payment_authorized","msg":"Payment authorized"}
{"level":30,"time":"2026-07-29T10:59:36.899Z","application":"booking-benchmark","reqId":"12c248b9-9a37-4c45-bd87-f9b7f51e6a14","service":"booking","bookingId":"BK-000120","customerId":"CUS-541022","hotelId":"HTL-005","event":"payment_completed","msg":"Payment completed"}
{"level":30,"time":"2026-07-29T10:59:36.899Z","application":"booking-benchmark","reqId":"12c248b9-9a37-4c45-bd87-f9b7f51e6a14","service":"booking","bookingId":"BK-000120","customerId":"CUS-541022","hotelId":"HTL-005","event":"booking_created","msg":"Booking created"}
{"level":30,"time":"2026-07-29T10:59:36.899Z","application":"booking-benchmark","reqId":"12c248b9-9a37-4c45-bd87-f9b7f51e6a14","service":"booking","bookingId":"BK-000120","customerId":"CUS-541022","hotelId":"HTL-005","component":"notification","event":"confirmation_sent","msg":"Booking confirmation sent"}
{"level":30,"time":"2026-07-29T10:59:36.899Z","application":"booking-benchmark","reqId":"12c248b9-9a37-4c45-bd87-f9b7f51e6a14","service":"booking","bookingId":"BK-000120","customerId":"CUS-541022","hotelId":"HTL-005","event":"booking_workflow_completed","msg":"Booking workflow completed"}
{"level":30,"time":"2026-07-29T10:59:36.900Z","application":"booking-benchmark","reqId":"12c248b9-9a37-4c45-bd87-f9b7f51e6a14","event":"http_request_completed","method":"POST","url":"/bookings","statusCode":201,"durationMs":1,"msg":"Request completed"}
{"level":30,"time":"2026-07-29T10:59:37.064Z","application":"booking-benchmark","reqId":"9e2e222e-8dcb-4cfd-9bda-a17b7cc89015","event":"http_request_started","method":"POST","url":"/bookings","msg":"Incoming request"}
{"level":30,"time":"2026-07-29T10:59:37.065Z","application":"booking-benchmark","reqId":"9e2e222e-8dcb-4cfd-9bda-a17b7cc89015","service":"booking","bookingId":"BK-000121","customerId":"CUS-115465","hotelId":"HTL-003","event":"booking_workflow_started","nights":7,"msg":"Booking workflow started"}
{"level":30,"time":"2026-07-29T10:59:37.065Z","application":"booking-benchmark","reqId":"9e2e222e-8dcb-4cfd-9bda-a17b7cc89015","service":"booking","bookingId":"BK-000121","customerId":"CUS-115465","hotelId":"HTL-003","component":"hotel","event":"availability_check_started","hotelId":"HTL-003","msg":"Checking hotel availability"}
{"level":30,"time":"2026-07-29T10:59:37.065Z","application":"booking-benchmark","reqId":"9e2e222e-8dcb-4cfd-9bda-a17b7cc89015","service":"booking","bookingId":"BK-000121","customerId":"CUS-115465","hotelId":"HTL-003","component":"hotel","event":"availability_confirmed","hotelId":"HTL-003","availableRooms":12,"msg":"Hotel availability confirmed"}
{"level":30,"time":"2026-07-29T10:59:37.065Z","application":"booking-benchmark","reqId":"9e2e222e-8dcb-4cfd-9bda-a17b7cc89015","service":"booking","bookingId":"BK-000121","customerId":"CUS-115465","hotelId":"HTL-003","event":"hotel_validated","msg":"Hotel availability validated"}
{"level":30,"time":"2026-07-29T10:59:37.065Z","application":"booking-benchmark","reqId":"9e2e222e-8dcb-4cfd-9bda-a17b7cc89015","service":"booking","bookingId":"BK-000121","customerId":"CUS-115465","hotelId":"HTL-003","component":"payment","event":"payment_started","msg":"Authorizing payment"}
{"level":30,"time":"2026-07-29T10:59:37.065Z","application":"booking-benchmark","reqId":"9e2e222e-8dcb-4cfd-9bda-a17b7cc89015","service":"booking","bookingId":"BK-000121","customerId":"CUS-115465","hotelId":"HTL-003","component":"payment","event":"payment_authorized","msg":"Payment authorized"}
{"level":30,"time":"2026-07-29T10:59:37.065Z","application":"booking-benchmark","reqId":"9e2e222e-8dcb-4cfd-9bda-a17b7cc89015","service":"booking","bookingId":"BK-000121","customerId":"CUS-115465","hotelId":"HTL-003","event":"payment_completed","msg":"Payment completed"}
{"level":30,"time":"2026-07-29T10:59:37.065Z","application":"booking-benchmark","reqId":"9e2e222e-8dcb-4cfd-9bda-a17b7cc89015","service":"booking","bookingId":"BK-000121","customerId":"CUS-115465","hotelId":"HTL-003","event":"booking_created","msg":"Booking created"}
{"level":30,"time":"2026-07-29T10:59:37.065Z","application":"booking-benchmark","reqId":"9e2e222e-8dcb-4cfd-9bda-a17b7cc89015","service":"booking","bookingId":"BK-000121","customerId":"CUS-115465","hotelId":"HTL-003","component":"notification","event":"confirmation_sent","msg":"Booking confirmation sent"}
{"level":30,"time":"2026-07-29T10:59:37.065Z","application":"booking-benchmark","reqId":"9e2e222e-8dcb-4cfd-9bda-a17b7cc89015","service":"booking","bookingId":"BK-000121","customerId":"CUS-115465","hotelId":"HTL-003","event":"booking_workflow_completed","msg":"Booking workflow completed"}
{"level":30,"time":"2026-07-29T10:59:37.066Z","application":"booking-benchmark","reqId":"9e2e222e-8dcb-4cfd-9bda-a17b7cc89015","event":"http_request_completed","method":"POST","url":"/bookings","statusCode":201,"durationMs":2,"msg":"Request completed"}
{"level":30,"time":"2026-07-29T10:59:37.190Z","application":"booking-benchmark","reqId":"1c5676d4-e4c8-460c-89df-2cdfca86c6f4","event":"http_request_started","method":"POST","url":"/bookings","msg":"Incoming request"}
{"level":30,"time":"2026-07-29T10:59:37.190Z","application":"booking-benchmark","reqId":"1c5676d4-e4c8-460c-89df-2cdfca86c6f4","service":"booking","bookingId":"BK-000122","customerId":"CUS-376401","hotelId":"HTL-005","event":"booking_workflow_started","nights":7,"msg":"Booking workflow started"}
{"level":30,"time":"2026-07-29T10:59:37.190Z","application":"booking-benchmark","reqId":"1c5676d4-e4c8-460c-89df-2cdfca86c6f4","service":"booking","bookingId":"BK-000122","customerId":"CUS-376401","hotelId":"HTL-005","component":"hotel","event":"availability_check_started","hotelId":"HTL-005","msg":"Checking hotel availability"}
{"level":30,"time":"2026-07-29T10:59:37.190Z","application":"booking-benchmark","reqId":"1c5676d4-e4c8-460c-89df-2cdfca86c6f4","service":"booking","bookingId":"BK-000122","customerId":"CUS-376401","hotelId":"HTL-005","component":"hotel","event":"availability_confirmed","hotelId":"HTL-005","availableRooms":10,"msg":"Hotel availability confirmed"}
{"level":30,"time":"2026-07-29T10:59:37.190Z","application":"booking-benchmark","reqId":"1c5676d4-e4c8-460c-89df-2cdfca86c6f4","service":"booking","bookingId":"BK-000122","customerId":"CUS-376401","hotelId":"HTL-005","event":"hotel_validated","msg":"Hotel availability validated"}
{"level":30,"time":"2026-07-29T10:59:37.190Z","application":"booking-benchmark","reqId":"1c5676d4-e4c8-460c-89df-2cdfca86c6f4","service":"booking","bookingId":"BK-000122","customerId":"CUS-376401","hotelId":"HTL-005","component":"payment","event":"payment_started","msg":"Authorizing payment"}
{"level":30,"time":"2026-07-29T10:59:37.190Z","application":"booking-benchmark","reqId":"1c5676d4-e4c8-460c-89df-2cdfca86c6f4","service":"booking","bookingId":"BK-000122","customerId":"CUS-376401","hotelId":"HTL-005","component":"payment","event":"payment_authorized","msg":"Payment authorized"}
{"level":30,"time":"2026-07-29T10:59:37.190Z","application":"booking-benchmark","reqId":"1c5676d4-e4c8-460c-89df-2cdfca86c6f4","service":"booking","bookingId":"BK-000122","customerId":"CUS-376401","hotelId":"HTL-005","event":"payment_completed","msg":"Payment completed"}
{"level":30,"time":"2026-07-29T10:59:37.190Z","application":"booking-benchmark","reqId":"1c5676d4-e4c8-460c-89df-2cdfca86c6f4","service":"booking","bookingId":"BK-000122","customerId":"CUS-376401","hotelId":"HTL-005","event":"booking_created","msg":"Booking created"}
{"level":30,"time":"2026-07-29T10:59:37.190Z","application":"booking-benchmark","reqId":"1c5676d4-e4c8-460c-89df-2cdfca86c6f4","service":"booking","bookingId":"BK-000122","customerId":"CUS-376401","hotelId":"HTL-005","component":"notification","event":"confirmation_sent","msg":"Booking confirmation sent"}
{"level":30,"time":"2026-07-29T10:59:37.190Z","application":"booking-benchmark","reqId":"1c5676d4-e4c8-460c-89df-2cdfca86c6f4","service":"booking","bookingId":"BK-000122","customerId":"CUS-376401","hotelId":"HTL-005","event":"booking_workflow_completed","msg":"Booking workflow completed"}
{"level":30,"time":"2026-07-29T10:59:37.191Z","application":"booking-benchmark","reqId":"1c5676d4-e4c8-460c-89df-2cdfca86c6f4","event":"http_request_completed","method":"POST","url":"/bookings","statusCode":201,"durationMs":1,"msg":"Request completed"}
{"level":30,"time":"2026-07-29T10:59:37.332Z","application":"booking-benchmark","reqId":"c2f7c616-ab53-4d8f-a88f-b133712b95f6","event":"http_request_started","method":"POST","url":"/bookings","msg":"Incoming request"}
{"level":30,"time":"2026-07-29T10:59:37.332Z","application":"booking-benchmark","reqId":"c2f7c616-ab53-4d8f-a88f-b133712b95f6","service":"booking","bookingId":"BK-000123","customerId":"CUS-996766","hotelId":"HTL-001","event":"booking_workflow_started","nights":1,"msg":"Booking workflow started"}
{"level":30,"time":"2026-07-29T10:59:37.332Z","application":"booking-benchmark","reqId":"c2f7c616-ab53-4d8f-a88f-b133712b95f6","service":"booking","bookingId":"BK-000123","customerId":"CUS-996766","hotelId":"HTL-001","component":"hotel","event":"availability_check_started","hotelId":"HTL-001","msg":"Checking hotel availability"}
{"level":30,"time":"2026-07-29T10:59:37.332Z","application":"booking-benchmark","reqId":"c2f7c616-ab53-4d8f-a88f-b133712b95f6","service":"booking","bookingId":"BK-000123","customerId":"CUS-996766","hotelId":"HTL-001","component":"hotel","event":"availability_confirmed","hotelId":"HTL-001","availableRooms":15,"msg":"Hotel availability confirmed"}
{"level":30,"time":"2026-07-29T10:59:37.332Z","application":"booking-benchmark","reqId":"c2f7c616-ab53-4d8f-a88f-b133712b95f6","service":"booking","bookingId":"BK-000123","customerId":"CUS-996766","hotelId":"HTL-001","event":"hotel_validated","msg":"Hotel availability validated"}
{"level":30,"time":"2026-07-29T10:59:37.332Z","application":"booking-benchmark","reqId":"c2f7c616-ab53-4d8f-a88f-b133712b95f6","service":"booking","bookingId":"BK-000123","customerId":"CUS-996766","hotelId":"HTL-001","component":"payment","event":"payment_started","msg":"Authorizing payment"}
{"level":30,"time":"2026-07-29T10:59:37.332Z","application":"booking-benchmark","reqId":"c2f7c616-ab53-4d8f-a88f-b133712b95f6","service":"booking","bookingId":"BK-000123","customerId":"CUS-996766","hotelId":"HTL-001","component":"payment","event":"payment_authorized","msg":"Payment authorized"}
{"level":30,"time":"2026-07-29T10:59:37.332Z","application":"booking-benchmark","reqId":"c2f7c616-ab53-4d8f-a88f-b133712b95f6","service":"booking","bookingId":"BK-000123","customerId":"CUS-996766","hotelId":"HTL-001","event":"payment_completed","msg":"Payment completed"}
{"level":30,"time":"2026-07-29T10:59:37.332Z","application":"booking-benchmark","reqId":"c2f7c616-ab53-4d8f-a88f-b133712b95f6","service":"booking","bookingId":"BK-000123","customerId":"CUS-996766","hotelId":"HTL-001","event":"booking_created","msg":"Booking created"}
{"level":30,"time":"2026-07-29T10:59:37.332Z","application":"booking-benchmark","reqId":"c2f7c616-ab53-4d8f-a88f-b133712b95f6","service":"booking","bookingId":"BK-000123","customerId":"CUS-996766","hotelId":"HTL-001","component":"notification","event":"confirmation_sent","msg":"Booking confirmation sent"}
{"level":30,"time":"2026-07-29T10:59:37.332Z","application":"booking-benchmark","reqId":"c2f7c616-ab53-4d8f-a88f-b133712b95f6","service":"booking","bookingId":"BK-000123","customerId":"CUS-996766","hotelId":"HTL-001","event":"booking_workflow_completed","msg":"Booking workflow completed"}
{"level":30,"time":"2026-07-29T10:59:37.332Z","application":"booking-benchmark","reqId":"c2f7c616-ab53-4d8f-a88f-b133712b95f6","event":"http_request_completed","method":"POST","url":"/bookings","statusCode":201,"durationMs":0,"msg":"Request completed"}
{"level":30,"time":"2026-07-29T10:59:37.440Z","application":"booking-benchmark","reqId":"b7abd2a0-3a64-4a30-b958-278a6b49c385","event":"http_request_started","method":"POST","url":"/bookings","msg":"Incoming request"}
{"level":30,"time":"2026-07-29T10:59:37.441Z","application":"booking-benchmark","reqId":"b7abd2a0-3a64-4a30-b958-278a6b49c385","service":"booking","bookingId":"BK-000124","customerId":"CUS-922490","hotelId":"HTL-003","event":"booking_workflow_started","nights":7,"msg":"Booking workflow started"}
{"level":30,"time":"2026-07-29T10:59:37.441Z","application":"booking-benchmark","reqId":"b7abd2a0-3a64-4a30-b958-278a6b49c385","service":"booking","bookingId":"BK-000124","customerId":"CUS-922490","hotelId":"HTL-003","component":"hotel","event":"availability_check_started","hotelId":"HTL-003","msg":"Checking hotel availability"}
{"level":30,"time":"2026-07-29T10:59:37.441Z","application":"booking-benchmark","reqId":"b7abd2a0-3a64-4a30-b958-278a6b49c385","service":"booking","bookingId":"BK-000124","customerId":"CUS-922490","hotelId":"HTL-003","component":"hotel","event":"availability_confirmed","hotelId":"HTL-003","availableRooms":12,"msg":"Hotel availability confirmed"}
{"level":30,"time":"2026-07-29T10:59:37.441Z","application":"booking-benchmark","reqId":"b7abd2a0-3a64-4a30-b958-278a6b49c385","service":"booking","bookingId":"BK-000124","customerId":"CUS-922490","hotelId":"HTL-003","event":"hotel_validated","msg":"Hotel availability validated"}
{"level":30,"time":"2026-07-29T10:59:37.441Z","application":"booking-benchmark","reqId":"b7abd2a0-3a64-4a30-b958-278a6b49c385","service":"booking","bookingId":"BK-000124","customerId":"CUS-922490","hotelId":"HTL-003","component":"payment","event":"payment_started","msg":"Authorizing payment"}
{"level":30,"time":"2026-07-29T10:59:37.441Z","application":"booking-benchmark","reqId":"b7abd2a0-3a64-4a30-b958-278a6b49c385","service":"booking","bookingId":"BK-000124","customerId":"CUS-922490","hotelId":"HTL-003","component":"payment","event":"payment_authorized","msg":"Payment authorized"}
{"level":30,"time":"2026-07-29T10:59:37.441Z","application":"booking-benchmark","reqId":"b7abd2a0-3a64-4a30-b958-278a6b49c385","service":"booking","bookingId":"BK-000124","customerId":"CUS-922490","hotelId":"HTL-003","event":"payment_completed","msg":"Payment completed"}
{"level":30,"time":"2026-07-29T10:59:37.441Z","application":"booking-benchmark","reqId":"b7abd2a0-3a64-4a30-b958-278a6b49c385","service":"booking","bookingId":"BK-000124","customerId":"CUS-922490","hotelId":"HTL-003","event":"booking_created","msg":"Booking created"}
{"level":30,"time":"2026-07-29T10:59:37.441Z","application":"booking-benchmark","reqId":"b7abd2a0-3a64-4a30-b958-278a6b49c385","service":"booking","bookingId":"BK-000124","customerId":"CUS-922490","hotelId":"HTL-003","component":"notification","event":"confirmation_sent","msg":"Booking confirmation sent"}
{"level":30,"time":"2026-07-29T10:59:37.441Z","application":"booking-benchmark","reqId":"b7abd2a0-3a64-4a30-b958-278a6b49c385","service":"booking","bookingId":"BK-000124","customerId":"CUS-922490","hotelId":"HTL-003","event":"booking_workflow_completed","msg":"Booking workflow completed"}
{"level":30,"time":"2026-07-29T10:59:37.441Z","application":"booking-benchmark","reqId":"b7abd2a0-3a64-4a30-b958-278a6b49c385","event":"http_request_completed","method":"POST","url":"/bookings","statusCode":201,"durationMs":1,"msg":"Request completed"}
{"level":30,"time":"2026-07-29T10:59:37.556Z","application":"booking-benchmark","reqId":"39e9d02c-dba4-4702-93a5-53319bb1093f","event":"http_request_started","method":"POST","url":"/bookings","msg":"Incoming request"}
{"level":30,"time":"2026-07-29T10:59:37.556Z","application":"booking-benchmark","reqId":"39e9d02c-dba4-4702-93a5-53319bb1093f","service":"booking","bookingId":"BK-000125","customerId":"CUS-319537","hotelId":"HTL-005","event":"booking_workflow_started","nights":7,"msg":"Booking workflow started"}
{"level":30,"time":"2026-07-29T10:59:37.557Z","application":"booking-benchmark","reqId":"39e9d02c-dba4-4702-93a5-53319bb1093f","service":"booking","bookingId":"BK-000125","customerId":"CUS-319537","hotelId":"HTL-005","component":"hotel","event":"availability_check_started","hotelId":"HTL-005","msg":"Checking hotel availability"}
{"level":30,"time":"2026-07-29T10:59:37.557Z","application":"booking-benchmark","reqId":"39e9d02c-dba4-4702-93a5-53319bb1093f","service":"booking","bookingId":"BK-000125","customerId":"CUS-319537","hotelId":"HTL-005","component":"hotel","event":"availability_confirmed","hotelId":"HTL-005","availableRooms":10,"msg":"Hotel availability confirmed"}
{"level":30,"time":"2026-07-29T10:59:37.557Z","application":"booking-benchmark","reqId":"39e9d02c-dba4-4702-93a5-53319bb1093f","service":"booking","bookingId":"BK-000125","customerId":"CUS-319537","hotelId":"HTL-005","event":"hotel_validated","msg":"Hotel availability validated"}
{"level":30,"time":"2026-07-29T10:59:37.557Z","application":"booking-benchmark","reqId":"39e9d02c-dba4-4702-93a5-53319bb1093f","service":"booking","bookingId":"BK-000125","customerId":"CUS-319537","hotelId":"HTL-005","component":"payment","event":"payment_started","msg":"Authorizing payment"}
{"level":30,"time":"2026-07-29T10:59:37.557Z","application":"booking-benchmark","reqId":"39e9d02c-dba4-4702-93a5-53319bb1093f","service":"booking","bookingId":"BK-000125","customerId":"CUS-319537","hotelId":"HTL-005","component":"payment","event":"payment_authorized","msg":"Payment authorized"}
{"level":30,"time":"2026-07-29T10:59:37.557Z","application":"booking-benchmark","reqId":"39e9d02c-dba4-4702-93a5-53319bb1093f","service":"booking","bookingId":"BK-000125","customerId":"CUS-319537","hotelId":"HTL-005","event":"payment_completed","msg":"Payment completed"}
{"level":30,"time":"2026-07-29T10:59:37.557Z","application":"booking-benchmark","reqId":"39e9d02c-dba4-4702-93a5-53319bb1093f","service":"booking","bookingId":"BK-000125","customerId":"CUS-319537","hotelId":"HTL-005","event":"booking_created","msg":"Booking created"}
{"level":30,"time":"2026-07-29T10:59:37.557Z","application":"booking-benchmark","reqId":"39e9d02c-dba4-4702-93a5-53319bb1093f","service":"booking","bookingId":"BK-000125","customerId":"CUS-319537","hotelId":"HTL-005","component":"notification","event":"confirmation_sent","msg":"Booking confirmation sent"}
{"level":30,"time":"2026-07-29T10:59:37.557Z","application":"booking-benchmark","reqId":"39e9d02c-dba4-4702-93a5-53319bb1093f","service":"booking","bookingId":"BK-000125","customerId":"CUS-319537","hotelId":"HTL-005","event":"booking_workflow_completed","msg":"Booking workflow completed"}
{"level":30,"time":"2026-07-29T10:59:37.557Z","application":"booking-benchmark","reqId":"39e9d02c-dba4-4702-93a5-53319bb1093f","event":"http_request_completed","method":"POST","url":"/bookings","statusCode":201,"durationMs":1,"msg":"Request completed"}
{"level":30,"time":"2026-07-29T10:59:37.765Z","application":"booking-benchmark","reqId":"81253120-9c32-4f7a-80cc-0f29c48e3023","event":"http_request_started","method":"POST","url":"/bookings","msg":"Incoming request"}
{"level":30,"time":"2026-07-29T10:59:37.765Z","application":"booking-benchmark","reqId":"81253120-9c32-4f7a-80cc-0f29c48e3023","service":"booking","bookingId":"BK-000126","customerId":"CUS-001665","hotelId":"HTL-002","event":"booking_workflow_started","nights":4,"msg":"Booking workflow started"}
{"level":30,"time":"2026-07-29T10:59:37.766Z","application":"booking-benchmark","reqId":"81253120-9c32-4f7a-80cc-0f29c48e3023","service":"booking","bookingId":"BK-000126","customerId":"CUS-001665","hotelId":"HTL-002","component":"hotel","event":"availability_check_started","hotelId":"HTL-002","msg":"Checking hotel availability"}
{"level":30,"time":"2026-07-29T10:59:37.766Z","application":"booking-benchmark","reqId":"81253120-9c32-4f7a-80cc-0f29c48e3023","service":"booking","bookingId":"BK-000126","customerId":"CUS-001665","hotelId":"HTL-002","component":"hotel","event":"availability_confirmed","hotelId":"HTL-002","availableRooms":8,"msg":"Hotel availability confirmed"}
{"level":30,"time":"2026-07-29T10:59:37.766Z","application":"booking-benchmark","reqId":"81253120-9c32-4f7a-80cc-0f29c48e3023","service":"booking","bookingId":"BK-000126","customerId":"CUS-001665","hotelId":"HTL-002","event":"hotel_validated","msg":"Hotel availability validated"}
{"level":30,"time":"2026-07-29T10:59:37.766Z","application":"booking-benchmark","reqId":"81253120-9c32-4f7a-80cc-0f29c48e3023","service":"booking","bookingId":"BK-000126","customerId":"CUS-001665","hotelId":"HTL-002","component":"payment","event":"payment_started","msg":"Authorizing payment"}
{"level":30,"time":"2026-07-29T10:59:37.766Z","application":"booking-benchmark","reqId":"81253120-9c32-4f7a-80cc-0f29c48e3023","service":"booking","bookingId":"BK-000126","customerId":"CUS-001665","hotelId":"HTL-002","component":"payment","event":"payment_authorized","msg":"Payment authorized"}
{"level":30,"time":"2026-07-29T10:59:37.766Z","application":"booking-benchmark","reqId":"81253120-9c32-4f7a-80cc-0f29c48e3023","service":"booking","bookingId":"BK-000126","customerId":"CUS-001665","hotelId":"HTL-002","event":"payment_completed","msg":"Payment completed"}
{"level":30,"time":"2026-07-29T10:59:37.766Z","application":"booking-benchmark","reqId":"81253120-9c32-4f7a-80cc-0f29c48e3023","service":"booking","bookingId":"BK-000126","customerId":"CUS-001665","hotelId":"HTL-002","event":"booking_created","msg":"Booking created"}
{"level":30,"time":"2026-07-29T10:59:37.766Z","application":"booking-benchmark","reqId":"81253120-9c32-4f7a-80cc-0f29c48e3023","service":"booking","bookingId":"BK-000126","customerId":"CUS-001665","hotelId":"HTL-002","component":"notification","event":"confirmation_sent","msg":"Booking confirmation sent"}
{"level":30,"time":"2026-07-29T10:59:37.766Z","application":"booking-benchmark","reqId":"81253120-9c32-4f7a-80cc-0f29c48e3023","service":"booking","bookingId":"BK-000126","customerId":"CUS-001665","hotelId":"HTL-002","event":"booking_workflow_completed","msg":"Booking workflow completed"}
{"level":30,"time":"2026-07-29T10:59:37.766Z","application":"booking-benchmark","reqId":"81253120-9c32-4f7a-80cc-0f29c48e3023","event":"http_request_completed","method":"POST","url":"/bookings","statusCode":201,"durationMs":1,"msg":"Request completed"}
{"level":30,"time":"2026-07-29T10:59:37.875Z","application":"booking-benchmark","reqId":"2c6a02ea-7d83-4eb1-8abd-060d87eaa32a","event":"http_request_started","method":"POST","url":"/bookings","msg":"Incoming request"}
{"level":30,"time":"2026-07-29T10:59:37.875Z","application":"booking-benchmark","reqId":"2c6a02ea-7d83-4eb1-8abd-060d87eaa32a","service":"booking","bookingId":"BK-000127","customerId":"CUS-824378","hotelId":"HTL-003","event":"booking_workflow_started","nights":1,"msg":"Booking workflow started"}
{"level":30,"time":"2026-07-29T10:59:37.875Z","application":"booking-benchmark","reqId":"2c6a02ea-7d83-4eb1-8abd-060d87eaa32a","service":"booking","bookingId":"BK-000127","customerId":"CUS-824378","hotelId":"HTL-003","component":"hotel","event":"availability_check_started","hotelId":"HTL-003","msg":"Checking hotel availability"}
{"level":30,"time":"2026-07-29T10:59:37.875Z","application":"booking-benchmark","reqId":"2c6a02ea-7d83-4eb1-8abd-060d87eaa32a","service":"booking","bookingId":"BK-000127","customerId":"CUS-824378","hotelId":"HTL-003","component":"hotel","event":"availability_confirmed","hotelId":"HTL-003","availableRooms":12,"msg":"Hotel availability confirmed"}
{"level":30,"time":"2026-07-29T10:59:37.875Z","application":"booking-benchmark","reqId":"2c6a02ea-7d83-4eb1-8abd-060d87eaa32a","service":"booking","bookingId":"BK-000127","customerId":"CUS-824378","hotelId":"HTL-003","event":"hotel_validated","msg":"Hotel availability validated"}
{"level":30,"time":"2026-07-29T10:59:37.875Z","application":"booking-benchmark","reqId":"2c6a02ea-7d83-4eb1-8abd-060d87eaa32a","service":"booking","bookingId":"BK-000127","customerId":"CUS-824378","hotelId":"HTL-003","component":"payment","event":"payment_started","msg":"Authorizing payment"}
{"level":30,"time":"2026-07-29T10:59:37.875Z","application":"booking-benchmark","reqId":"2c6a02ea-7d83-4eb1-8abd-060d87eaa32a","service":"booking","bookingId":"BK-000127","customerId":"CUS-824378","hotelId":"HTL-003","component":"payment","event":"payment_authorized","msg":"Payment authorized"}
{"level":30,"time":"2026-07-29T10:59:37.875Z","application":"booking-benchmark","reqId":"2c6a02ea-7d83-4eb1-8abd-060d87eaa32a","service":"booking","bookingId":"BK-000127","customerId":"CUS-824378","hotelId":"HTL-003","event":"payment_completed","msg":"Payment completed"}
{"level":30,"time":"2026-07-29T10:59:37.875Z","application":"booking-benchmark","reqId":"2c6a02ea-7d83-4eb1-8abd-060d87eaa32a","service":"booking","bookingId":"BK-000127","customerId":"CUS-824378","hotelId":"HTL-003","event":"booking_created","msg":"Booking created"}
{"level":30,"time":"2026-07-29T10:59:37.875Z","application":"booking-benchmark","reqId":"2c6a02ea-7d83-4eb1-8abd-060d87eaa32a","service":"booking","bookingId":"BK-000127","customerId":"CUS-824378","hotelId":"HTL-003","component":"notification","event":"confirmation_sent","msg":"Booking confirmation sent"}
{"level":30,"time":"2026-07-29T10:59:37.875Z","application":"booking-benchmark","reqId":"2c6a02ea-7d83-4eb1-8abd-060d87eaa32a","service":"booking","bookingId":"BK-000127","customerId":"CUS-824378","hotelId":"HTL-003","event":"booking_workflow_completed","msg":"Booking workflow completed"}
{"level":30,"time":"2026-07-29T10:59:37.876Z","application":"booking-benchmark","reqId":"2c6a02ea-7d83-4eb1-8abd-060d87eaa32a","event":"http_request_completed","method":"POST","url":"/bookings","statusCode":201,"durationMs":1,"msg":"Request completed"}
{"level":30,"time":"2026-07-29T10:59:37.940Z","application":"booking-benchmark","reqId":"31ac14ee-bdfb-4e9a-acff-aaf431479f1f","event":"http_request_started","method":"POST","url":"/bookings","msg":"Incoming request"}
{"level":30,"time":"2026-07-29T10:59:37.940Z","application":"booking-benchmark","reqId":"31ac14ee-bdfb-4e9a-acff-aaf431479f1f","service":"booking","bookingId":"BK-000128","customerId":"CUS-701857","hotelId":"HTL-005","event":"booking_workflow_started","nights":3,"msg":"Booking workflow started"}
{"level":30,"time":"2026-07-29T10:59:37.940Z","application":"booking-benchmark","reqId":"31ac14ee-bdfb-4e9a-acff-aaf431479f1f","service":"booking","bookingId":"BK-000128","customerId":"CUS-701857","hotelId":"HTL-005","component":"hotel","event":"availability_check_started","hotelId":"HTL-005","msg":"Checking hotel availability"}
{"level":30,"time":"2026-07-29T10:59:37.940Z","application":"booking-benchmark","reqId":"31ac14ee-bdfb-4e9a-acff-aaf431479f1f","service":"booking","bookingId":"BK-000128","customerId":"CUS-701857","hotelId":"HTL-005","component":"hotel","event":"availability_confirmed","hotelId":"HTL-005","availableRooms":10,"msg":"Hotel availability confirmed"}
{"level":30,"time":"2026-07-29T10:59:37.940Z","application":"booking-benchmark","reqId":"31ac14ee-bdfb-4e9a-acff-aaf431479f1f","service":"booking","bookingId":"BK-000128","customerId":"CUS-701857","hotelId":"HTL-005","event":"hotel_validated","msg":"Hotel availability validated"}
{"level":30,"time":"2026-07-29T10:59:37.940Z","application":"booking-benchmark","reqId":"31ac14ee-bdfb-4e9a-acff-aaf431479f1f","service":"booking","bookingId":"BK-000128","customerId":"CUS-701857","hotelId":"HTL-005","component":"payment","event":"payment_started","msg":"Authorizing payment"}
{"level":30,"time":"2026-07-29T10:59:37.940Z","application":"booking-benchmark","reqId":"31ac14ee-bdfb-4e9a-acff-aaf431479f1f","service":"booking","bookingId":"BK-000128","customerId":"CUS-701857","hotelId":"HTL-005","component":"payment","event":"payment_authorized","msg":"Payment authorized"}
{"level":30,"time":"2026-07-29T10:59:37.940Z","application":"booking-benchmark","reqId":"31ac14ee-bdfb-4e9a-acff-aaf431479f1f","service":"booking","bookingId":"BK-000128","customerId":"CUS-701857","hotelId":"HTL-005","event":"payment_completed","msg":"Payment completed"}
{"level":30,"time":"2026-07-29T10:59:37.940Z","application":"booking-benchmark","reqId":"31ac14ee-bdfb-4e9a-acff-aaf431479f1f","service":"booking","bookingId":"BK-000128","customerId":"CUS-701857","hotelId":"HTL-005","event":"booking_created","msg":"Booking created"}
{"level":30,"time":"2026-07-29T10:59:37.940Z","application":"booking-benchmark","reqId":"31ac14ee-bdfb-4e9a-acff-aaf431479f1f","service":"booking","bookingId":"BK-000128","customerId":"CUS-701857","hotelId":"HTL-005","component":"notification","event":"confirmation_sent","msg":"Booking confirmation sent"}
{"level":30,"time":"2026-07-29T10:59:37.940Z","application":"booking-benchmark","reqId":"31ac14ee-bdfb-4e9a-acff-aaf431479f1f","service":"booking","bookingId":"BK-000128","customerId":"CUS-701857","hotelId":"HTL-005","event":"booking_workflow_completed","msg":"Booking workflow completed"}
{"level":30,"time":"2026-07-29T10:59:37.941Z","application":"booking-benchmark","reqId":"31ac14ee-bdfb-4e9a-acff-aaf431479f1f","event":"http_request_completed","method":"POST","url":"/bookings","statusCode":201,"durationMs":1,"msg":"Request completed"}
{"level":30,"time":"2026-07-29T10:59:38.008Z","application":"booking-benchmark","reqId":"39ad9cab-fee3-48e8-9ad9-0c08371b075f","event":"http_request_started","method":"POST","url":"/bookings","msg":"Incoming request"}
{"level":30,"time":"2026-07-29T10:59:38.008Z","application":"booking-benchmark","reqId":"39ad9cab-fee3-48e8-9ad9-0c08371b075f","service":"booking","bookingId":"BK-000129","customerId":"CUS-919008","hotelId":"HTL-002","event":"booking_workflow_started","nights":7,"msg":"Booking workflow started"}
{"level":30,"time":"2026-07-29T10:59:38.009Z","application":"booking-benchmark","reqId":"39ad9cab-fee3-48e8-9ad9-0c08371b075f","service":"booking","bookingId":"BK-000129","customerId":"CUS-919008","hotelId":"HTL-002","component":"hotel","event":"availability_check_started","hotelId":"HTL-002","msg":"Checking hotel availability"}
{"level":30,"time":"2026-07-29T10:59:38.009Z","application":"booking-benchmark","reqId":"39ad9cab-fee3-48e8-9ad9-0c08371b075f","service":"booking","bookingId":"BK-000129","customerId":"CUS-919008","hotelId":"HTL-002","component":"hotel","event":"availability_confirmed","hotelId":"HTL-002","availableRooms":8,"msg":"Hotel availability confirmed"}
{"level":30,"time":"2026-07-29T10:59:38.009Z","application":"booking-benchmark","reqId":"39ad9cab-fee3-48e8-9ad9-0c08371b075f","service":"booking","bookingId":"BK-000129","customerId":"CUS-919008","hotelId":"HTL-002","event":"hotel_validated","msg":"Hotel availability validated"}
{"level":30,"time":"2026-07-29T10:59:38.009Z","application":"booking-benchmark","reqId":"39ad9cab-fee3-48e8-9ad9-0c08371b075f","service":"booking","bookingId":"BK-000129","customerId":"CUS-919008","hotelId":"HTL-002","component":"payment","event":"payment_started","msg":"Authorizing payment"}
{"level":30,"time":"2026-07-29T10:59:38.009Z","application":"booking-benchmark","reqId":"39ad9cab-fee3-48e8-9ad9-0c08371b075f","service":"booking","bookingId":"BK-000129","customerId":"CUS-919008","hotelId":"HTL-002","component":"payment","event":"payment_authorized","msg":"Payment authorized"}
{"level":30,"time":"2026-07-29T10:59:38.009Z","application":"booking-benchmark","reqId":"39ad9cab-fee3-48e8-9ad9-0c08371b075f","service":"booking","bookingId":"BK-000129","customerId":"CUS-919008","hotelId":"HTL-002","event":"payment_completed","msg":"Payment completed"}
{"level":30,"time":"2026-07-29T10:59:38.009Z","application":"booking-benchmark","reqId":"39ad9cab-fee3-48e8-9ad9-0c08371b075f","service":"booking","bookingId":"BK-000129","customerId":"CUS-919008","hotelId":"HTL-002","event":"booking_created","msg":"Booking created"}
{"level":30,"time":"2026-07-29T10:59:38.009Z","application":"booking-benchmark","reqId":"39ad9cab-fee3-48e8-9ad9-0c08371b075f","service":"booking","bookingId":"BK-000129","customerId":"CUS-919008","hotelId":"HTL-002","component":"notification","event":"confirmation_sent","msg":"Booking confirmation sent"}
{"level":30,"time":"2026-07-29T10:59:38.009Z","application":"booking-benchmark","reqId":"39ad9cab-fee3-48e8-9ad9-0c08371b075f","service":"booking","bookingId":"BK-000129","customerId":"CUS-919008","hotelId":"HTL-002","event":"booking_workflow_completed","msg":"Booking workflow completed"}
{"level":30,"time":"2026-07-29T10:59:38.009Z","application":"booking-benchmark","reqId":"39ad9cab-fee3-48e8-9ad9-0c08371b075f","event":"http_request_completed","method":"POST","url":"/bookings","statusCode":201,"durationMs":1,"msg":"Request completed"}
{"level":30,"time":"2026-07-29T10:59:38.080Z","application":"booking-benchmark","reqId":"e7d375c5-9758-4c6e-9a77-fb28bc1cee22","event":"http_request_started","method":"POST","url":"/bookings","msg":"Incoming request"}
{"level":30,"time":"2026-07-29T10:59:38.080Z","application":"booking-benchmark","reqId":"e7d375c5-9758-4c6e-9a77-fb28bc1cee22","service":"booking","bookingId":"BK-000130","customerId":"CUS-618789","hotelId":"HTL-001","event":"booking_workflow_started","nights":6,"msg":"Booking workflow started"}
{"level":30,"time":"2026-07-29T10:59:38.080Z","application":"booking-benchmark","reqId":"e7d375c5-9758-4c6e-9a77-fb28bc1cee22","service":"booking","bookingId":"BK-000130","customerId":"CUS-618789","hotelId":"HTL-001","component":"hotel","event":"availability_check_started","hotelId":"HTL-001","msg":"Checking hotel availability"}
{"level":30,"time":"2026-07-29T10:59:38.081Z","application":"booking-benchmark","reqId":"e7d375c5-9758-4c6e-9a77-fb28bc1cee22","service":"booking","bookingId":"BK-000130","customerId":"CUS-618789","hotelId":"HTL-001","component":"hotel","event":"availability_confirmed","hotelId":"HTL-001","availableRooms":15,"msg":"Hotel availability confirmed"}
{"level":30,"time":"2026-07-29T10:59:38.081Z","application":"booking-benchmark","reqId":"e7d375c5-9758-4c6e-9a77-fb28bc1cee22","service":"booking","bookingId":"BK-000130","customerId":"CUS-618789","hotelId":"HTL-001","event":"hotel_validated","msg":"Hotel availability validated"}
{"level":30,"time":"2026-07-29T10:59:38.081Z","application":"booking-benchmark","reqId":"e7d375c5-9758-4c6e-9a77-fb28bc1cee22","service":"booking","bookingId":"BK-000130","customerId":"CUS-618789","hotelId":"HTL-001","component":"payment","event":"payment_started","msg":"Authorizing payment"}
{"level":30,"time":"2026-07-29T10:59:38.081Z","application":"booking-benchmark","reqId":"e7d375c5-9758-4c6e-9a77-fb28bc1cee22","service":"booking","bookingId":"BK-000130","customerId":"CUS-618789","hotelId":"HTL-001","component":"payment","event":"payment_authorized","msg":"Payment authorized"}
{"level":30,"time":"2026-07-29T10:59:38.081Z","application":"booking-benchmark","reqId":"e7d375c5-9758-4c6e-9a77-fb28bc1cee22","service":"booking","bookingId":"BK-000130","customerId":"CUS-618789","hotelId":"HTL-001","event":"payment_completed","msg":"Payment completed"}
{"level":30,"time":"2026-07-29T10:59:38.081Z","application":"booking-benchmark","reqId":"e7d375c5-9758-4c6e-9a77-fb28bc1cee22","service":"booking","bookingId":"BK-000130","customerId":"CUS-618789","hotelId":"HTL-001","event":"booking_created","msg":"Booking created"}
{"level":30,"time":"2026-07-29T10:59:38.081Z","application":"booking-benchmark","reqId":"e7d375c5-9758-4c6e-9a77-fb28bc1cee22","service":"booking","bookingId":"BK-000130","customerId":"CUS-618789","hotelId":"HTL-001","component":"notification","event":"confirmation_sent","msg":"Booking confirmation sent"}
{"level":30,"time":"2026-07-29T10:59:38.081Z","application":"booking-benchmark","reqId":"e7d375c5-9758-4c6e-9a77-fb28bc1cee22","service":"booking","bookingId":"BK-000130","customerId":"CUS-618789","hotelId":"HTL-001","event":"booking_workflow_completed","msg":"Booking workflow completed"}
{"level":30,"time":"2026-07-29T10:59:38.081Z","application":"booking-benchmark","reqId":"e7d375c5-9758-4c6e-9a77-fb28bc1cee22","event":"http_request_completed","method":"POST","url":"/bookings","statusCode":201,"durationMs":1,"msg":"Request completed"}
{"level":30,"time":"2026-07-29T10:59:38.147Z","application":"booking-benchmark","reqId":"369a8810-a88b-4adc-9bdf-ed35d6fd4784","event":"http_request_started","method":"POST","url":"/bookings","msg":"Incoming request"}
{"level":30,"time":"2026-07-29T10:59:38.148Z","application":"booking-benchmark","reqId":"369a8810-a88b-4adc-9bdf-ed35d6fd4784","service":"booking","bookingId":"BK-000131","customerId":"CUS-717513","hotelId":"HTL-002","event":"booking_workflow_started","nights":2,"msg":"Booking workflow started"}
{"level":30,"time":"2026-07-29T10:59:38.148Z","application":"booking-benchmark","reqId":"369a8810-a88b-4adc-9bdf-ed35d6fd4784","service":"booking","bookingId":"BK-000131","customerId":"CUS-717513","hotelId":"HTL-002","component":"hotel","event":"availability_check_started","hotelId":"HTL-002","msg":"Checking hotel availability"}
{"level":30,"time":"2026-07-29T10:59:38.148Z","application":"booking-benchmark","reqId":"369a8810-a88b-4adc-9bdf-ed35d6fd4784","service":"booking","bookingId":"BK-000131","customerId":"CUS-717513","hotelId":"HTL-002","component":"hotel","event":"availability_confirmed","hotelId":"HTL-002","availableRooms":8,"msg":"Hotel availability confirmed"}
{"level":30,"time":"2026-07-29T10:59:38.148Z","application":"booking-benchmark","reqId":"369a8810-a88b-4adc-9bdf-ed35d6fd4784","service":"booking","bookingId":"BK-000131","customerId":"CUS-717513","hotelId":"HTL-002","event":"hotel_validated","msg":"Hotel availability validated"}
{"level":30,"time":"2026-07-29T10:59:38.148Z","application":"booking-benchmark","reqId":"369a8810-a88b-4adc-9bdf-ed35d6fd4784","service":"booking","bookingId":"BK-000131","customerId":"CUS-717513","hotelId":"HTL-002","component":"payment","event":"payment_started","msg":"Authorizing payment"}
{"level":30,"time":"2026-07-29T10:59:38.148Z","application":"booking-benchmark","reqId":"369a8810-a88b-4adc-9bdf-ed35d6fd4784","service":"booking","bookingId":"BK-000131","customerId":"CUS-717513","hotelId":"HTL-002","component":"payment","event":"payment_authorized","msg":"Payment authorized"}
{"level":30,"time":"2026-07-29T10:59:38.148Z","application":"booking-benchmark","reqId":"369a8810-a88b-4adc-9bdf-ed35d6fd4784","service":"booking","bookingId":"BK-000131","customerId":"CUS-717513","hotelId":"HTL-002","event":"payment_completed","msg":"Payment completed"}
{"level":30,"time":"2026-07-29T10:59:38.148Z","application":"booking-benchmark","reqId":"369a8810-a88b-4adc-9bdf-ed35d6fd4784","service":"booking","bookingId":"BK-000131","customerId":"CUS-717513","hotelId":"HTL-002","event":"booking_created","msg":"Booking created"}
{"level":30,"time":"2026-07-29T10:59:38.148Z","application":"booking-benchmark","reqId":"369a8810-a88b-4adc-9bdf-ed35d6fd4784","service":"booking","bookingId":"BK-000131","customerId":"CUS-717513","hotelId":"HTL-002","component":"notification","event":"confirmation_sent","msg":"Booking confirmation sent"}
{"level":30,"time":"2026-07-29T10:59:38.148Z","application":"booking-benchmark","reqId":"369a8810-a88b-4adc-9bdf-ed35d6fd4784","service":"booking","bookingId":"BK-000131","customerId":"CUS-717513","hotelId":"HTL-002","event":"booking_workflow_completed","msg":"Booking workflow completed"}
{"level":30,"time":"2026-07-29T10:59:38.148Z","application":"booking-benchmark","reqId":"369a8810-a88b-4adc-9bdf-ed35d6fd4784","event":"http_request_completed","method":"POST","url":"/bookings","statusCode":201,"durationMs":1,"msg":"Request completed"}
{"level":30,"time":"2026-07-29T10:59:38.222Z","application":"booking-benchmark","reqId":"696b92bc-a2a9-4376-adf1-fb17d99e24e4","event":"http_request_started","method":"POST","url":"/bookings","msg":"Incoming request"}
{"level":30,"time":"2026-07-29T10:59:38.222Z","application":"booking-benchmark","reqId":"696b92bc-a2a9-4376-adf1-fb17d99e24e4","service":"booking","bookingId":"BK-000132","customerId":"CUS-328781","hotelId":"HTL-004","event":"booking_workflow_started","nights":4,"msg":"Booking workflow started"}
{"level":30,"time":"2026-07-29T10:59:38.223Z","application":"booking-benchmark","reqId":"696b92bc-a2a9-4376-adf1-fb17d99e24e4","service":"booking","bookingId":"BK-000132","customerId":"CUS-328781","hotelId":"HTL-004","component":"hotel","event":"availability_check_started","hotelId":"HTL-004","msg":"Checking hotel availability"}
{"level":30,"time":"2026-07-29T10:59:38.223Z","application":"booking-benchmark","reqId":"696b92bc-a2a9-4376-adf1-fb17d99e24e4","service":"booking","bookingId":"BK-000132","customerId":"CUS-328781","hotelId":"HTL-004","component":"hotel","event":"availability_confirmed","hotelId":"HTL-004","availableRooms":20,"msg":"Hotel availability confirmed"}
{"level":30,"time":"2026-07-29T10:59:38.223Z","application":"booking-benchmark","reqId":"696b92bc-a2a9-4376-adf1-fb17d99e24e4","service":"booking","bookingId":"BK-000132","customerId":"CUS-328781","hotelId":"HTL-004","event":"hotel_validated","msg":"Hotel availability validated"}
{"level":30,"time":"2026-07-29T10:59:38.223Z","application":"booking-benchmark","reqId":"696b92bc-a2a9-4376-adf1-fb17d99e24e4","service":"booking","bookingId":"BK-000132","customerId":"CUS-328781","hotelId":"HTL-004","component":"payment","event":"payment_started","msg":"Authorizing payment"}
{"level":30,"time":"2026-07-29T10:59:38.223Z","application":"booking-benchmark","reqId":"696b92bc-a2a9-4376-adf1-fb17d99e24e4","service":"booking","bookingId":"BK-000132","customerId":"CUS-328781","hotelId":"HTL-004","component":"payment","event":"payment_authorized","msg":"Payment authorized"}
{"level":30,"time":"2026-07-29T10:59:38.223Z","application":"booking-benchmark","reqId":"696b92bc-a2a9-4376-adf1-fb17d99e24e4","service":"booking","bookingId":"BK-000132","customerId":"CUS-328781","hotelId":"HTL-004","event":"payment_completed","msg":"Payment completed"}
{"level":30,"time":"2026-07-29T10:59:38.223Z","application":"booking-benchmark","reqId":"696b92bc-a2a9-4376-adf1-fb17d99e24e4","service":"booking","bookingId":"BK-000132","customerId":"CUS-328781","hotelId":"HTL-004","event":"booking_created","msg":"Booking created"}
{"level":30,"time":"2026-07-29T10:59:38.223Z","application":"booking-benchmark","reqId":"696b92bc-a2a9-4376-adf1-fb17d99e24e4","service":"booking","bookingId":"BK-000132","customerId":"CUS-328781","hotelId":"HTL-004","component":"notification","event":"confirmation_sent","msg":"Booking confirmation sent"}
{"level":30,"time":"2026-07-29T10:59:38.223Z","application":"booking-benchmark","reqId":"696b92bc-a2a9-4376-adf1-fb17d99e24e4","service":"booking","bookingId":"BK-000132","customerId":"CUS-328781","hotelId":"HTL-004","event":"booking_workflow_completed","msg":"Booking workflow completed"}
{"level":30,"time":"2026-07-29T10:59:38.223Z","application":"booking-benchmark","reqId":"696b92bc-a2a9-4376-adf1-fb17d99e24e4","event":"http_request_completed","method":"POST","url":"/bookings","statusCode":201,"durationMs":1,"msg":"Request completed"}
{"level":30,"time":"2026-07-29T10:59:38.382Z","application":"booking-benchmark","reqId":"b2460996-c74e-4f06-9384-b715c1ce18e3","event":"http_request_started","method":"POST","url":"/bookings","msg":"Incoming request"}
{"level":30,"time":"2026-07-29T10:59:38.382Z","application":"booking-benchmark","reqId":"b2460996-c74e-4f06-9384-b715c1ce18e3","service":"booking","bookingId":"BK-000133","customerId":"CUS-804485","hotelId":"HTL-003","event":"booking_workflow_started","nights":4,"msg":"Booking workflow started"}
{"level":30,"time":"2026-07-29T10:59:38.382Z","application":"booking-benchmark","reqId":"b2460996-c74e-4f06-9384-b715c1ce18e3","service":"booking","bookingId":"BK-000133","customerId":"CUS-804485","hotelId":"HTL-003","component":"hotel","event":"availability_check_started","hotelId":"HTL-003","msg":"Checking hotel availability"}
{"level":30,"time":"2026-07-29T10:59:38.382Z","application":"booking-benchmark","reqId":"b2460996-c74e-4f06-9384-b715c1ce18e3","service":"booking","bookingId":"BK-000133","customerId":"CUS-804485","hotelId":"HTL-003","component":"hotel","event":"availability_confirmed","hotelId":"HTL-003","availableRooms":12,"msg":"Hotel availability confirmed"}
{"level":30,"time":"2026-07-29T10:59:38.383Z","application":"booking-benchmark","reqId":"b2460996-c74e-4f06-9384-b715c1ce18e3","service":"booking","bookingId":"BK-000133","customerId":"CUS-804485","hotelId":"HTL-003","event":"hotel_validated","msg":"Hotel availability validated"}
{"level":30,"time":"2026-07-29T10:59:38.383Z","application":"booking-benchmark","reqId":"b2460996-c74e-4f06-9384-b715c1ce18e3","service":"booking","bookingId":"BK-000133","customerId":"CUS-804485","hotelId":"HTL-003","component":"payment","event":"payment_started","msg":"Authorizing payment"}
{"level":30,"time":"2026-07-29T10:59:38.383Z","application":"booking-benchmark","reqId":"b2460996-c74e-4f06-9384-b715c1ce18e3","service":"booking","bookingId":"BK-000133","customerId":"CUS-804485","hotelId":"HTL-003","component":"payment","event":"payment_authorized","msg":"Payment authorized"}
{"level":30,"time":"2026-07-29T10:59:38.383Z","application":"booking-benchmark","reqId":"b2460996-c74e-4f06-9384-b715c1ce18e3","service":"booking","bookingId":"BK-000133","customerId":"CUS-804485","hotelId":"HTL-003","event":"payment_completed","msg":"Payment completed"}
{"level":30,"time":"2026-07-29T10:59:38.383Z","application":"booking-benchmark","reqId":"b2460996-c74e-4f06-9384-b715c1ce18e3","service":"booking","bookingId":"BK-000133","customerId":"CUS-804485","hotelId":"HTL-003","event":"booking_created","msg":"Booking created"}
{"level":30,"time":"2026-07-29T10:59:38.383Z","application":"booking-benchmark","reqId":"b2460996-c74e-4f06-9384-b715c1ce18e3","service":"booking","bookingId":"BK-000133","customerId":"CUS-804485","hotelId":"HTL-003","component":"notification","event":"confirmation_sent","msg":"Booking confirmation sent"}
{"level":30,"time":"2026-07-29T10:59:38.383Z","application":"booking-benchmark","reqId":"b2460996-c74e-4f06-9384-b715c1ce18e3","service":"booking","bookingId":"BK-000133","customerId":"CUS-804485","hotelId":"HTL-003","event":"booking_workflow_completed","msg":"Booking workflow completed"}
{"level":30,"time":"2026-07-29T10:59:38.383Z","application":"booking-benchmark","reqId":"b2460996-c74e-4f06-9384-b715c1ce18e3","event":"http_request_completed","method":"POST","url":"/bookings","statusCode":201,"durationMs":1,"msg":"Request completed"}
{"level":30,"time":"2026-07-29T10:59:38.487Z","application":"booking-benchmark","reqId":"152e6b8b-aa04-4241-afcb-a5ddb9644835","event":"http_request_started","method":"POST","url":"/bookings","msg":"Incoming request"}
{"level":30,"time":"2026-07-29T10:59:38.487Z","application":"booking-benchmark","reqId":"152e6b8b-aa04-4241-afcb-a5ddb9644835","service":"booking","bookingId":"BK-000134","customerId":"CUS-294744","hotelId":"HTL-005","event":"booking_workflow_started","nights":4,"msg":"Booking workflow started"}
{"level":30,"time":"2026-07-29T10:59:38.487Z","application":"booking-benchmark","reqId":"152e6b8b-aa04-4241-afcb-a5ddb9644835","service":"booking","bookingId":"BK-000134","customerId":"CUS-294744","hotelId":"HTL-005","component":"hotel","event":"availability_check_started","hotelId":"HTL-005","msg":"Checking hotel availability"}
{"level":30,"time":"2026-07-29T10:59:38.487Z","application":"booking-benchmark","reqId":"152e6b8b-aa04-4241-afcb-a5ddb9644835","service":"booking","bookingId":"BK-000134","customerId":"CUS-294744","hotelId":"HTL-005","component":"hotel","event":"availability_confirmed","hotelId":"HTL-005","availableRooms":10,"msg":"Hotel availability confirmed"}
{"level":30,"time":"2026-07-29T10:59:38.487Z","application":"booking-benchmark","reqId":"152e6b8b-aa04-4241-afcb-a5ddb9644835","service":"booking","bookingId":"BK-000134","customerId":"CUS-294744","hotelId":"HTL-005","event":"hotel_validated","msg":"Hotel availability validated"}
{"level":30,"time":"2026-07-29T10:59:38.487Z","application":"booking-benchmark","reqId":"152e6b8b-aa04-4241-afcb-a5ddb9644835","service":"booking","bookingId":"BK-000134","customerId":"CUS-294744","hotelId":"HTL-005","component":"payment","event":"payment_started","msg":"Authorizing payment"}
{"level":30,"time":"2026-07-29T10:59:38.487Z","application":"booking-benchmark","reqId":"152e6b8b-aa04-4241-afcb-a5ddb9644835","service":"booking","bookingId":"BK-000134","customerId":"CUS-294744","hotelId":"HTL-005","component":"payment","event":"payment_authorized","msg":"Payment authorized"}
{"level":30,"time":"2026-07-29T10:59:38.487Z","application":"booking-benchmark","reqId":"152e6b8b-aa04-4241-afcb-a5ddb9644835","service":"booking","bookingId":"BK-000134","customerId":"CUS-294744","hotelId":"HTL-005","event":"payment_completed","msg":"Payment completed"}
{"level":30,"time":"2026-07-29T10:59:38.487Z","application":"booking-benchmark","reqId":"152e6b8b-aa04-4241-afcb-a5ddb9644835","service":"booking","bookingId":"BK-000134","customerId":"CUS-294744","hotelId":"HTL-005","event":"booking_created","msg":"Booking created"}
{"level":30,"time":"2026-07-29T10:59:38.487Z","application":"booking-benchmark","reqId":"152e6b8b-aa04-4241-afcb-a5ddb9644835","service":"booking","bookingId":"BK-000134","customerId":"CUS-294744","hotelId":"HTL-005","component":"notification","event":"confirmation_sent","msg":"Booking confirmation sent"}
{"level":30,"time":"2026-07-29T10:59:38.487Z","application":"booking-benchmark","reqId":"152e6b8b-aa04-4241-afcb-a5ddb9644835","service":"booking","bookingId":"BK-000134","customerId":"CUS-294744","hotelId":"HTL-005","event":"booking_workflow_completed","msg":"Booking workflow completed"}
{"level":30,"time":"2026-07-29T10:59:38.488Z","application":"booking-benchmark","reqId":"152e6b8b-aa04-4241-afcb-a5ddb9644835","event":"http_request_completed","method":"POST","url":"/bookings","statusCode":201,"durationMs":1,"msg":"Request completed"}
{"level":30,"time":"2026-07-29T10:59:38.615Z","application":"booking-benchmark","reqId":"ebe9da10-3074-43ac-8aa9-5a58490e6cc4","event":"http_request_started","method":"POST","url":"/bookings","msg":"Incoming request"}
{"level":30,"time":"2026-07-29T10:59:38.615Z","application":"booking-benchmark","reqId":"ebe9da10-3074-43ac-8aa9-5a58490e6cc4","service":"booking","bookingId":"BK-000135","customerId":"CUS-703061","hotelId":"HTL-002","event":"booking_workflow_started","nights":2,"msg":"Booking workflow started"}
{"level":30,"time":"2026-07-29T10:59:38.615Z","application":"booking-benchmark","reqId":"ebe9da10-3074-43ac-8aa9-5a58490e6cc4","service":"booking","bookingId":"BK-000135","customerId":"CUS-703061","hotelId":"HTL-002","component":"hotel","event":"availability_check_started","hotelId":"HTL-002","msg":"Checking hotel availability"}
{"level":30,"time":"2026-07-29T10:59:38.615Z","application":"booking-benchmark","reqId":"ebe9da10-3074-43ac-8aa9-5a58490e6cc4","service":"booking","bookingId":"BK-000135","customerId":"CUS-703061","hotelId":"HTL-002","component":"hotel","event":"availability_confirmed","hotelId":"HTL-002","availableRooms":8,"msg":"Hotel availability confirmed"}
{"level":30,"time":"2026-07-29T10:59:38.615Z","application":"booking-benchmark","reqId":"ebe9da10-3074-43ac-8aa9-5a58490e6cc4","service":"booking","bookingId":"BK-000135","customerId":"CUS-703061","hotelId":"HTL-002","event":"hotel_validated","msg":"Hotel availability validated"}
{"level":30,"time":"2026-07-29T10:59:38.615Z","application":"booking-benchmark","reqId":"ebe9da10-3074-43ac-8aa9-5a58490e6cc4","service":"booking","bookingId":"BK-000135","customerId":"CUS-703061","hotelId":"HTL-002","component":"payment","event":"payment_started","msg":"Authorizing payment"}
{"level":30,"time":"2026-07-29T10:59:38.615Z","application":"booking-benchmark","reqId":"ebe9da10-3074-43ac-8aa9-5a58490e6cc4","service":"booking","bookingId":"BK-000135","customerId":"CUS-703061","hotelId":"HTL-002","component":"payment","event":"payment_authorized","msg":"Payment authorized"}
{"level":30,"time":"2026-07-29T10:59:38.615Z","application":"booking-benchmark","reqId":"ebe9da10-3074-43ac-8aa9-5a58490e6cc4","service":"booking","bookingId":"BK-000135","customerId":"CUS-703061","hotelId":"HTL-002","event":"payment_completed","msg":"Payment completed"}
{"level":30,"time":"2026-07-29T10:59:38.615Z","application":"booking-benchmark","reqId":"ebe9da10-3074-43ac-8aa9-5a58490e6cc4","service":"booking","bookingId":"BK-000135","customerId":"CUS-703061","hotelId":"HTL-002","event":"booking_created","msg":"Booking created"}
{"level":30,"time":"2026-07-29T10:59:38.615Z","application":"booking-benchmark","reqId":"ebe9da10-3074-43ac-8aa9-5a58490e6cc4","service":"booking","bookingId":"BK-000135","customerId":"CUS-703061","hotelId":"HTL-002","component":"notification","event":"confirmation_sent","msg":"Booking confirmation sent"}
{"level":30,"time":"2026-07-29T10:59:38.615Z","application":"booking-benchmark","reqId":"ebe9da10-3074-43ac-8aa9-5a58490e6cc4","service":"booking","bookingId":"BK-000135","customerId":"CUS-703061","hotelId":"HTL-002","event":"booking_workflow_completed","msg":"Booking workflow completed"}
{"level":30,"time":"2026-07-29T10:59:38.616Z","application":"booking-benchmark","reqId":"ebe9da10-3074-43ac-8aa9-5a58490e6cc4","event":"http_request_completed","method":"POST","url":"/bookings","statusCode":201,"durationMs":1,"msg":"Request completed"}
{"level":30,"time":"2026-07-29T10:59:38.799Z","application":"booking-benchmark","reqId":"ada99c3f-ca68-4ec2-91bd-1b757c6181bc","event":"http_request_started","method":"POST","url":"/bookings","msg":"Incoming request"}
{"level":30,"time":"2026-07-29T10:59:38.800Z","application":"booking-benchmark","reqId":"ada99c3f-ca68-4ec2-91bd-1b757c6181bc","service":"booking","bookingId":"BK-000136","customerId":"CUS-067435","hotelId":"HTL-001","event":"booking_workflow_started","nights":7,"msg":"Booking workflow started"}
{"level":30,"time":"2026-07-29T10:59:38.800Z","application":"booking-benchmark","reqId":"ada99c3f-ca68-4ec2-91bd-1b757c6181bc","service":"booking","bookingId":"BK-000136","customerId":"CUS-067435","hotelId":"HTL-001","component":"hotel","event":"availability_check_started","hotelId":"HTL-001","msg":"Checking hotel availability"}
{"level":30,"time":"2026-07-29T10:59:38.800Z","application":"booking-benchmark","reqId":"ada99c3f-ca68-4ec2-91bd-1b757c6181bc","service":"booking","bookingId":"BK-000136","customerId":"CUS-067435","hotelId":"HTL-001","component":"hotel","event":"availability_confirmed","hotelId":"HTL-001","availableRooms":15,"msg":"Hotel availability confirmed"}
{"level":30,"time":"2026-07-29T10:59:38.800Z","application":"booking-benchmark","reqId":"ada99c3f-ca68-4ec2-91bd-1b757c6181bc","service":"booking","bookingId":"BK-000136","customerId":"CUS-067435","hotelId":"HTL-001","event":"hotel_validated","msg":"Hotel availability validated"}
{"level":30,"time":"2026-07-29T10:59:38.800Z","application":"booking-benchmark","reqId":"ada99c3f-ca68-4ec2-91bd-1b757c6181bc","service":"booking","bookingId":"BK-000136","customerId":"CUS-067435","hotelId":"HTL-001","component":"payment","event":"payment_started","msg":"Authorizing payment"}
{"level":30,"time":"2026-07-29T10:59:38.800Z","application":"booking-benchmark","reqId":"ada99c3f-ca68-4ec2-91bd-1b757c6181bc","service":"booking","bookingId":"BK-000136","customerId":"CUS-067435","hotelId":"HTL-001","component":"payment","event":"payment_authorized","msg":"Payment authorized"}
{"level":30,"time":"2026-07-29T10:59:38.800Z","application":"booking-benchmark","reqId":"ada99c3f-ca68-4ec2-91bd-1b757c6181bc","service":"booking","bookingId":"BK-000136","customerId":"CUS-067435","hotelId":"HTL-001","event":"payment_completed","msg":"Payment completed"}
{"level":30,"time":"2026-07-29T10:59:38.800Z","application":"booking-benchmark","reqId":"ada99c3f-ca68-4ec2-91bd-1b757c6181bc","service":"booking","bookingId":"BK-000136","customerId":"CUS-067435","hotelId":"HTL-001","event":"booking_created","msg":"Booking created"}
{"level":30,"time":"2026-07-29T10:59:38.800Z","application":"booking-benchmark","reqId":"ada99c3f-ca68-4ec2-91bd-1b757c6181bc","service":"booking","bookingId":"BK-000136","customerId":"CUS-067435","hotelId":"HTL-001","component":"notification","event":"confirmation_sent","msg":"Booking confirmation sent"}
{"level":30,"time":"2026-07-29T10:59:38.800Z","application":"booking-benchmark","reqId":"ada99c3f-ca68-4ec2-91bd-1b757c6181bc","service":"booking","bookingId":"BK-000136","customerId":"CUS-067435","hotelId":"HTL-001","event":"booking_workflow_completed","msg":"Booking workflow completed"}
{"level":30,"time":"2026-07-29T10:59:38.800Z","application":"booking-benchmark","reqId":"ada99c3f-ca68-4ec2-91bd-1b757c6181bc","event":"http_request_completed","method":"POST","url":"/bookings","statusCode":201,"durationMs":1,"msg":"Request completed"}
{"level":30,"time":"2026-07-29T10:59:38.864Z","application":"booking-benchmark","reqId":"7e822a69-08cf-4cc2-9c5f-a3265bd6cceb","event":"http_request_started","method":"POST","url":"/bookings","msg":"Incoming request"}
{"level":30,"time":"2026-07-29T10:59:38.864Z","application":"booking-benchmark","reqId":"7e822a69-08cf-4cc2-9c5f-a3265bd6cceb","service":"booking","bookingId":"BK-000137","customerId":"CUS-930377","hotelId":"HTL-004","event":"booking_workflow_started","nights":3,"msg":"Booking workflow started"}
{"level":30,"time":"2026-07-29T10:59:38.864Z","application":"booking-benchmark","reqId":"7e822a69-08cf-4cc2-9c5f-a3265bd6cceb","service":"booking","bookingId":"BK-000137","customerId":"CUS-930377","hotelId":"HTL-004","component":"hotel","event":"availability_check_started","hotelId":"HTL-004","msg":"Checking hotel availability"}
{"level":30,"time":"2026-07-29T10:59:38.864Z","application":"booking-benchmark","reqId":"7e822a69-08cf-4cc2-9c5f-a3265bd6cceb","service":"booking","bookingId":"BK-000137","customerId":"CUS-930377","hotelId":"HTL-004","component":"hotel","event":"availability_confirmed","hotelId":"HTL-004","availableRooms":20,"msg":"Hotel availability confirmed"}
{"level":30,"time":"2026-07-29T10:59:38.864Z","application":"booking-benchmark","reqId":"7e822a69-08cf-4cc2-9c5f-a3265bd6cceb","service":"booking","bookingId":"BK-000137","customerId":"CUS-930377","hotelId":"HTL-004","event":"hotel_validated","msg":"Hotel availability validated"}
{"level":30,"time":"2026-07-29T10:59:38.864Z","application":"booking-benchmark","reqId":"7e822a69-08cf-4cc2-9c5f-a3265bd6cceb","service":"booking","bookingId":"BK-000137","customerId":"CUS-930377","hotelId":"HTL-004","component":"payment","event":"payment_started","msg":"Authorizing payment"}
{"level":30,"time":"2026-07-29T10:59:38.864Z","application":"booking-benchmark","reqId":"7e822a69-08cf-4cc2-9c5f-a3265bd6cceb","service":"booking","bookingId":"BK-000137","customerId":"CUS-930377","hotelId":"HTL-004","component":"payment","event":"payment_authorized","msg":"Payment authorized"}
{"level":30,"time":"2026-07-29T10:59:38.864Z","application":"booking-benchmark","reqId":"7e822a69-08cf-4cc2-9c5f-a3265bd6cceb","service":"booking","bookingId":"BK-000137","customerId":"CUS-930377","hotelId":"HTL-004","event":"payment_completed","msg":"Payment completed"}
{"level":30,"time":"2026-07-29T10:59:38.864Z","application":"booking-benchmark","reqId":"7e822a69-08cf-4cc2-9c5f-a3265bd6cceb","service":"booking","bookingId":"BK-000137","customerId":"CUS-930377","hotelId":"HTL-004","event":"booking_created","msg":"Booking created"}
{"level":30,"time":"2026-07-29T10:59:38.864Z","application":"booking-benchmark","reqId":"7e822a69-08cf-4cc2-9c5f-a3265bd6cceb","service":"booking","bookingId":"BK-000137","customerId":"CUS-930377","hotelId":"HTL-004","component":"notification","event":"confirmation_sent","msg":"Booking confirmation sent"}
{"level":30,"time":"2026-07-29T10:59:38.864Z","application":"booking-benchmark","reqId":"7e822a69-08cf-4cc2-9c5f-a3265bd6cceb","service":"booking","bookingId":"BK-000137","customerId":"CUS-930377","hotelId":"HTL-004","event":"booking_workflow_completed","msg":"Booking workflow completed"}
{"level":30,"time":"2026-07-29T10:59:38.865Z","application":"booking-benchmark","reqId":"7e822a69-08cf-4cc2-9c5f-a3265bd6cceb","event":"http_request_completed","method":"POST","url":"/bookings","statusCode":201,"durationMs":1,"msg":"Request completed"}
{"level":30,"time":"2026-07-29T10:59:39.020Z","application":"booking-benchmark","reqId":"494fcbd2-40b0-490b-9cc3-eddc6b52fc35","event":"http_request_started","method":"POST","url":"/bookings","msg":"Incoming request"}
{"level":30,"time":"2026-07-29T10:59:39.020Z","application":"booking-benchmark","reqId":"494fcbd2-40b0-490b-9cc3-eddc6b52fc35","service":"booking","bookingId":"BK-000138","customerId":"CUS-778657","hotelId":"HTL-004","event":"booking_workflow_started","nights":5,"msg":"Booking workflow started"}
{"level":30,"time":"2026-07-29T10:59:39.020Z","application":"booking-benchmark","reqId":"494fcbd2-40b0-490b-9cc3-eddc6b52fc35","service":"booking","bookingId":"BK-000138","customerId":"CUS-778657","hotelId":"HTL-004","component":"hotel","event":"availability_check_started","hotelId":"HTL-004","msg":"Checking hotel availability"}
{"level":30,"time":"2026-07-29T10:59:39.020Z","application":"booking-benchmark","reqId":"494fcbd2-40b0-490b-9cc3-eddc6b52fc35","service":"booking","bookingId":"BK-000138","customerId":"CUS-778657","hotelId":"HTL-004","component":"hotel","event":"availability_confirmed","hotelId":"HTL-004","availableRooms":20,"msg":"Hotel availability confirmed"}
{"level":30,"time":"2026-07-29T10:59:39.020Z","application":"booking-benchmark","reqId":"494fcbd2-40b0-490b-9cc3-eddc6b52fc35","service":"booking","bookingId":"BK-000138","customerId":"CUS-778657","hotelId":"HTL-004","event":"hotel_validated","msg":"Hotel availability validated"}
{"level":30,"time":"2026-07-29T10:59:39.020Z","application":"booking-benchmark","reqId":"494fcbd2-40b0-490b-9cc3-eddc6b52fc35","service":"booking","bookingId":"BK-000138","customerId":"CUS-778657","hotelId":"HTL-004","component":"payment","event":"payment_started","msg":"Authorizing payment"}
{"level":30,"time":"2026-07-29T10:59:39.020Z","application":"booking-benchmark","reqId":"494fcbd2-40b0-490b-9cc3-eddc6b52fc35","service":"booking","bookingId":"BK-000138","customerId":"CUS-778657","hotelId":"HTL-004","component":"payment","event":"payment_authorized","msg":"Payment authorized"}
{"level":30,"time":"2026-07-29T10:59:39.020Z","application":"booking-benchmark","reqId":"494fcbd2-40b0-490b-9cc3-eddc6b52fc35","service":"booking","bookingId":"BK-000138","customerId":"CUS-778657","hotelId":"HTL-004","event":"payment_completed","msg":"Payment completed"}
{"level":30,"time":"2026-07-29T10:59:39.020Z","application":"booking-benchmark","reqId":"494fcbd2-40b0-490b-9cc3-eddc6b52fc35","service":"booking","bookingId":"BK-000138","customerId":"CUS-778657","hotelId":"HTL-004","event":"booking_created","msg":"Booking created"}
{"level":30,"time":"2026-07-29T10:59:39.020Z","application":"booking-benchmark","reqId":"494fcbd2-40b0-490b-9cc3-eddc6b52fc35","service":"booking","bookingId":"BK-000138","customerId":"CUS-778657","hotelId":"HTL-004","component":"notification","event":"confirmation_sent","msg":"Booking confirmation sent"}
{"level":30,"time":"2026-07-29T10:59:39.020Z","application":"booking-benchmark","reqId":"494fcbd2-40b0-490b-9cc3-eddc6b52fc35","service":"booking","bookingId":"BK-000138","customerId":"CUS-778657","hotelId":"HTL-004","event":"booking_workflow_completed","msg":"Booking workflow completed"}
{"level":30,"time":"2026-07-29T10:59:39.021Z","application":"booking-benchmark","reqId":"494fcbd2-40b0-490b-9cc3-eddc6b52fc35","event":"http_request_completed","method":"POST","url":"/bookings","statusCode":201,"durationMs":1,"msg":"Request completed"}
{"level":30,"time":"2026-07-29T10:59:39.123Z","application":"booking-benchmark","reqId":"557d8da0-ad92-48e5-87b4-c4360a37a34b","event":"http_request_started","method":"POST","url":"/bookings","msg":"Incoming request"}
{"level":30,"time":"2026-07-29T10:59:39.123Z","application":"booking-benchmark","reqId":"557d8da0-ad92-48e5-87b4-c4360a37a34b","service":"booking","bookingId":"BK-000139","customerId":"CUS-850424","hotelId":"HTL-004","event":"booking_workflow_started","nights":7,"msg":"Booking workflow started"}
{"level":30,"time":"2026-07-29T10:59:39.123Z","application":"booking-benchmark","reqId":"557d8da0-ad92-48e5-87b4-c4360a37a34b","service":"booking","bookingId":"BK-000139","customerId":"CUS-850424","hotelId":"HTL-004","component":"hotel","event":"availability_check_started","hotelId":"HTL-004","msg":"Checking hotel availability"}
{"level":30,"time":"2026-07-29T10:59:39.123Z","application":"booking-benchmark","reqId":"557d8da0-ad92-48e5-87b4-c4360a37a34b","service":"booking","bookingId":"BK-000139","customerId":"CUS-850424","hotelId":"HTL-004","component":"hotel","event":"availability_confirmed","hotelId":"HTL-004","availableRooms":20,"msg":"Hotel availability confirmed"}
{"level":30,"time":"2026-07-29T10:59:39.123Z","application":"booking-benchmark","reqId":"557d8da0-ad92-48e5-87b4-c4360a37a34b","service":"booking","bookingId":"BK-000139","customerId":"CUS-850424","hotelId":"HTL-004","event":"hotel_validated","msg":"Hotel availability validated"}
{"level":30,"time":"2026-07-29T10:59:39.123Z","application":"booking-benchmark","reqId":"557d8da0-ad92-48e5-87b4-c4360a37a34b","service":"booking","bookingId":"BK-000139","customerId":"CUS-850424","hotelId":"HTL-004","component":"payment","event":"payment_started","msg":"Authorizing payment"}
{"level":30,"time":"2026-07-29T10:59:39.123Z","application":"booking-benchmark","reqId":"557d8da0-ad92-48e5-87b4-c4360a37a34b","service":"booking","bookingId":"BK-000139","customerId":"CUS-850424","hotelId":"HTL-004","component":"payment","event":"payment_authorized","msg":"Payment authorized"}
{"level":30,"time":"2026-07-29T10:59:39.123Z","application":"booking-benchmark","reqId":"557d8da0-ad92-48e5-87b4-c4360a37a34b","service":"booking","bookingId":"BK-000139","customerId":"CUS-850424","hotelId":"HTL-004","event":"payment_completed","msg":"Payment completed"}
{"level":30,"time":"2026-07-29T10:59:39.123Z","application":"booking-benchmark","reqId":"557d8da0-ad92-48e5-87b4-c4360a37a34b","service":"booking","bookingId":"BK-000139","customerId":"CUS-850424","hotelId":"HTL-004","event":"booking_created","msg":"Booking created"}
{"level":30,"time":"2026-07-29T10:59:39.123Z","application":"booking-benchmark","reqId":"557d8da0-ad92-48e5-87b4-c4360a37a34b","service":"booking","bookingId":"BK-000139","customerId":"CUS-850424","hotelId":"HTL-004","component":"notification","event":"confirmation_sent","msg":"Booking confirmation sent"}
{"level":30,"time":"2026-07-29T10:59:39.123Z","application":"booking-benchmark","reqId":"557d8da0-ad92-48e5-87b4-c4360a37a34b","service":"booking","bookingId":"BK-000139","customerId":"CUS-850424","hotelId":"HTL-004","event":"booking_workflow_completed","msg":"Booking workflow completed"}
{"level":30,"time":"2026-07-29T10:59:39.124Z","application":"booking-benchmark","reqId":"557d8da0-ad92-48e5-87b4-c4360a37a34b","event":"http_request_completed","method":"POST","url":"/bookings","statusCode":201,"durationMs":1,"msg":"Request completed"}
{"level":30,"time":"2026-07-29T10:59:39.241Z","application":"booking-benchmark","reqId":"fe721782-3c69-4b6a-b860-46e7c352714f","event":"http_request_started","method":"POST","url":"/bookings","msg":"Incoming request"}
{"level":30,"time":"2026-07-29T10:59:39.241Z","application":"booking-benchmark","reqId":"fe721782-3c69-4b6a-b860-46e7c352714f","service":"booking","bookingId":"BK-000140","customerId":"CUS-866750","hotelId":"HTL-005","event":"booking_workflow_started","nights":5,"msg":"Booking workflow started"}
{"level":30,"time":"2026-07-29T10:59:39.241Z","application":"booking-benchmark","reqId":"fe721782-3c69-4b6a-b860-46e7c352714f","service":"booking","bookingId":"BK-000140","customerId":"CUS-866750","hotelId":"HTL-005","component":"hotel","event":"availability_check_started","hotelId":"HTL-005","msg":"Checking hotel availability"}
{"level":30,"time":"2026-07-29T10:59:39.241Z","application":"booking-benchmark","reqId":"fe721782-3c69-4b6a-b860-46e7c352714f","service":"booking","bookingId":"BK-000140","customerId":"CUS-866750","hotelId":"HTL-005","component":"hotel","event":"availability_confirmed","hotelId":"HTL-005","availableRooms":10,"msg":"Hotel availability confirmed"}
{"level":30,"time":"2026-07-29T10:59:39.241Z","application":"booking-benchmark","reqId":"fe721782-3c69-4b6a-b860-46e7c352714f","service":"booking","bookingId":"BK-000140","customerId":"CUS-866750","hotelId":"HTL-005","event":"hotel_validated","msg":"Hotel availability validated"}
{"level":30,"time":"2026-07-29T10:59:39.241Z","application":"booking-benchmark","reqId":"fe721782-3c69-4b6a-b860-46e7c352714f","service":"booking","bookingId":"BK-000140","customerId":"CUS-866750","hotelId":"HTL-005","component":"payment","event":"payment_started","msg":"Authorizing payment"}
{"level":30,"time":"2026-07-29T10:59:39.241Z","application":"booking-benchmark","reqId":"fe721782-3c69-4b6a-b860-46e7c352714f","service":"booking","bookingId":"BK-000140","customerId":"CUS-866750","hotelId":"HTL-005","component":"payment","event":"payment_authorized","msg":"Payment authorized"}
{"level":30,"time":"2026-07-29T10:59:39.241Z","application":"booking-benchmark","reqId":"fe721782-3c69-4b6a-b860-46e7c352714f","service":"booking","bookingId":"BK-000140","customerId":"CUS-866750","hotelId":"HTL-005","event":"payment_completed","msg":"Payment completed"}
{"level":30,"time":"2026-07-29T10:59:39.241Z","application":"booking-benchmark","reqId":"fe721782-3c69-4b6a-b860-46e7c352714f","service":"booking","bookingId":"BK-000140","customerId":"CUS-866750","hotelId":"HTL-005","event":"booking_created","msg":"Booking created"}
{"level":30,"time":"2026-07-29T10:59:39.241Z","application":"booking-benchmark","reqId":"fe721782-3c69-4b6a-b860-46e7c352714f","service":"booking","bookingId":"BK-000140","customerId":"CUS-866750","hotelId":"HTL-005","component":"notification","event":"confirmation_sent","msg":"Booking confirmation sent"}
{"level":30,"time":"2026-07-29T10:59:39.241Z","application":"booking-benchmark","reqId":"fe721782-3c69-4b6a-b860-46e7c352714f","service":"booking","bookingId":"BK-000140","customerId":"CUS-866750","hotelId":"HTL-005","event":"booking_workflow_completed","msg":"Booking workflow completed"}
{"level":30,"time":"2026-07-29T10:59:39.242Z","application":"booking-benchmark","reqId":"fe721782-3c69-4b6a-b860-46e7c352714f","event":"http_request_completed","method":"POST","url":"/bookings","statusCode":201,"durationMs":1,"msg":"Request completed"}
{"level":30,"time":"2026-07-29T10:59:39.421Z","application":"booking-benchmark","reqId":"8fa99298-a5d2-4ce1-96bb-c8fd08e3a19c","event":"http_request_started","method":"POST","url":"/bookings","msg":"Incoming request"}
{"level":30,"time":"2026-07-29T10:59:39.422Z","application":"booking-benchmark","reqId":"8fa99298-a5d2-4ce1-96bb-c8fd08e3a19c","service":"booking","bookingId":"BK-000141","customerId":"CUS-583159","hotelId":"HTL-005","event":"booking_workflow_started","nights":3,"msg":"Booking workflow started"}
{"level":30,"time":"2026-07-29T10:59:39.422Z","application":"booking-benchmark","reqId":"8fa99298-a5d2-4ce1-96bb-c8fd08e3a19c","service":"booking","bookingId":"BK-000141","customerId":"CUS-583159","hotelId":"HTL-005","component":"hotel","event":"availability_check_started","hotelId":"HTL-005","msg":"Checking hotel availability"}
{"level":30,"time":"2026-07-29T10:59:39.422Z","application":"booking-benchmark","reqId":"8fa99298-a5d2-4ce1-96bb-c8fd08e3a19c","service":"booking","bookingId":"BK-000141","customerId":"CUS-583159","hotelId":"HTL-005","component":"hotel","event":"availability_confirmed","hotelId":"HTL-005","availableRooms":10,"msg":"Hotel availability confirmed"}
{"level":30,"time":"2026-07-29T10:59:39.422Z","application":"booking-benchmark","reqId":"8fa99298-a5d2-4ce1-96bb-c8fd08e3a19c","service":"booking","bookingId":"BK-000141","customerId":"CUS-583159","hotelId":"HTL-005","event":"hotel_validated","msg":"Hotel availability validated"}
{"level":30,"time":"2026-07-29T10:59:39.422Z","application":"booking-benchmark","reqId":"8fa99298-a5d2-4ce1-96bb-c8fd08e3a19c","service":"booking","bookingId":"BK-000141","customerId":"CUS-583159","hotelId":"HTL-005","component":"payment","event":"payment_started","msg":"Authorizing payment"}
{"level":30,"time":"2026-07-29T10:59:39.422Z","application":"booking-benchmark","reqId":"8fa99298-a5d2-4ce1-96bb-c8fd08e3a19c","service":"booking","bookingId":"BK-000141","customerId":"CUS-583159","hotelId":"HTL-005","component":"payment","event":"payment_authorized","msg":"Payment authorized"}
{"level":30,"time":"2026-07-29T10:59:39.422Z","application":"booking-benchmark","reqId":"8fa99298-a5d2-4ce1-96bb-c8fd08e3a19c","service":"booking","bookingId":"BK-000141","customerId":"CUS-583159","hotelId":"HTL-005","event":"payment_completed","msg":"Payment completed"}
{"level":30,"time":"2026-07-29T10:59:39.422Z","application":"booking-benchmark","reqId":"8fa99298-a5d2-4ce1-96bb-c8fd08e3a19c","service":"booking","bookingId":"BK-000141","customerId":"CUS-583159","hotelId":"HTL-005","event":"booking_created","msg":"Booking created"}
{"level":30,"time":"2026-07-29T10:59:39.422Z","application":"booking-benchmark","reqId":"8fa99298-a5d2-4ce1-96bb-c8fd08e3a19c","service":"booking","bookingId":"BK-000141","customerId":"CUS-583159","hotelId":"HTL-005","component":"notification","event":"confirmation_sent","msg":"Booking confirmation sent"}
{"level":30,"time":"2026-07-29T10:59:39.422Z","application":"booking-benchmark","reqId":"8fa99298-a5d2-4ce1-96bb-c8fd08e3a19c","service":"booking","bookingId":"BK-000141","customerId":"CUS-583159","hotelId":"HTL-005","event":"booking_workflow_completed","msg":"Booking workflow completed"}
{"level":30,"time":"2026-07-29T10:59:39.422Z","application":"booking-benchmark","reqId":"8fa99298-a5d2-4ce1-96bb-c8fd08e3a19c","event":"http_request_completed","method":"POST","url":"/bookings","statusCode":201,"durationMs":1,"msg":"Request completed"}
{"level":30,"time":"2026-07-29T10:59:39.483Z","application":"booking-benchmark","reqId":"519c7e27-6e85-4c94-b2ff-86b33de56a23","event":"http_request_started","method":"POST","url":"/bookings","msg":"Incoming request"}
{"level":30,"time":"2026-07-29T10:59:39.483Z","application":"booking-benchmark","reqId":"519c7e27-6e85-4c94-b2ff-86b33de56a23","service":"booking","bookingId":"BK-000142","customerId":"CUS-668767","hotelId":"HTL-003","event":"booking_workflow_started","nights":6,"msg":"Booking workflow started"}
{"level":30,"time":"2026-07-29T10:59:39.484Z","application":"booking-benchmark","reqId":"519c7e27-6e85-4c94-b2ff-86b33de56a23","service":"booking","bookingId":"BK-000142","customerId":"CUS-668767","hotelId":"HTL-003","component":"hotel","event":"availability_check_started","hotelId":"HTL-003","msg":"Checking hotel availability"}
{"level":30,"time":"2026-07-29T10:59:39.484Z","application":"booking-benchmark","reqId":"519c7e27-6e85-4c94-b2ff-86b33de56a23","service":"booking","bookingId":"BK-000142","customerId":"CUS-668767","hotelId":"HTL-003","component":"hotel","event":"availability_confirmed","hotelId":"HTL-003","availableRooms":12,"msg":"Hotel availability confirmed"}
{"level":30,"time":"2026-07-29T10:59:39.484Z","application":"booking-benchmark","reqId":"519c7e27-6e85-4c94-b2ff-86b33de56a23","service":"booking","bookingId":"BK-000142","customerId":"CUS-668767","hotelId":"HTL-003","event":"hotel_validated","msg":"Hotel availability validated"}
{"level":30,"time":"2026-07-29T10:59:39.484Z","application":"booking-benchmark","reqId":"519c7e27-6e85-4c94-b2ff-86b33de56a23","service":"booking","bookingId":"BK-000142","customerId":"CUS-668767","hotelId":"HTL-003","component":"payment","event":"payment_started","msg":"Authorizing payment"}
{"level":30,"time":"2026-07-29T10:59:39.484Z","application":"booking-benchmark","reqId":"519c7e27-6e85-4c94-b2ff-86b33de56a23","service":"booking","bookingId":"BK-000142","customerId":"CUS-668767","hotelId":"HTL-003","component":"payment","event":"payment_authorized","msg":"Payment authorized"}
{"level":30,"time":"2026-07-29T10:59:39.484Z","application":"booking-benchmark","reqId":"519c7e27-6e85-4c94-b2ff-86b33de56a23","service":"booking","bookingId":"BK-000142","customerId":"CUS-668767","hotelId":"HTL-003","event":"payment_completed","msg":"Payment completed"}
{"level":30,"time":"2026-07-29T10:59:39.484Z","application":"booking-benchmark","reqId":"519c7e27-6e85-4c94-b2ff-86b33de56a23","service":"booking","bookingId":"BK-000142","customerId":"CUS-668767","hotelId":"HTL-003","event":"booking_created","msg":"Booking created"}
{"level":30,"time":"2026-07-29T10:59:39.484Z","application":"booking-benchmark","reqId":"519c7e27-6e85-4c94-b2ff-86b33de56a23","service":"booking","bookingId":"BK-000142","customerId":"CUS-668767","hotelId":"HTL-003","component":"notification","event":"confirmation_sent","msg":"Booking confirmation sent"}
{"level":30,"time":"2026-07-29T10:59:39.484Z","application":"booking-benchmark","reqId":"519c7e27-6e85-4c94-b2ff-86b33de56a23","service":"booking","bookingId":"BK-000142","customerId":"CUS-668767","hotelId":"HTL-003","event":"booking_workflow_completed","msg":"Booking workflow completed"}
{"level":30,"time":"2026-07-29T10:59:39.484Z","application":"booking-benchmark","reqId":"519c7e27-6e85-4c94-b2ff-86b33de56a23","event":"http_request_completed","method":"POST","url":"/bookings","statusCode":201,"durationMs":1,"msg":"Request completed"}
{"level":30,"time":"2026-07-29T10:59:39.688Z","application":"booking-benchmark","reqId":"9085fe0e-21c6-419a-b321-2b7b8d2c3536","event":"http_request_started","method":"POST","url":"/bookings","msg":"Incoming request"}
{"level":30,"time":"2026-07-29T10:59:39.688Z","application":"booking-benchmark","reqId":"9085fe0e-21c6-419a-b321-2b7b8d2c3536","service":"booking","bookingId":"BK-000143","customerId":"CUS-652925","hotelId":"HTL-004","event":"booking_workflow_started","nights":4,"msg":"Booking workflow started"}
{"level":30,"time":"2026-07-29T10:59:39.688Z","application":"booking-benchmark","reqId":"9085fe0e-21c6-419a-b321-2b7b8d2c3536","service":"booking","bookingId":"BK-000143","customerId":"CUS-652925","hotelId":"HTL-004","component":"hotel","event":"availability_check_started","hotelId":"HTL-004","msg":"Checking hotel availability"}
{"level":30,"time":"2026-07-29T10:59:39.688Z","application":"booking-benchmark","reqId":"9085fe0e-21c6-419a-b321-2b7b8d2c3536","service":"booking","bookingId":"BK-000143","customerId":"CUS-652925","hotelId":"HTL-004","component":"hotel","event":"availability_confirmed","hotelId":"HTL-004","availableRooms":20,"msg":"Hotel availability confirmed"}
{"level":30,"time":"2026-07-29T10:59:39.688Z","application":"booking-benchmark","reqId":"9085fe0e-21c6-419a-b321-2b7b8d2c3536","service":"booking","bookingId":"BK-000143","customerId":"CUS-652925","hotelId":"HTL-004","event":"hotel_validated","msg":"Hotel availability validated"}
{"level":30,"time":"2026-07-29T10:59:39.688Z","application":"booking-benchmark","reqId":"9085fe0e-21c6-419a-b321-2b7b8d2c3536","service":"booking","bookingId":"BK-000143","customerId":"CUS-652925","hotelId":"HTL-004","component":"payment","event":"payment_started","msg":"Authorizing payment"}
{"level":30,"time":"2026-07-29T10:59:39.688Z","application":"booking-benchmark","reqId":"9085fe0e-21c6-419a-b321-2b7b8d2c3536","service":"booking","bookingId":"BK-000143","customerId":"CUS-652925","hotelId":"HTL-004","component":"payment","event":"payment_authorized","msg":"Payment authorized"}
{"level":30,"time":"2026-07-29T10:59:39.688Z","application":"booking-benchmark","reqId":"9085fe0e-21c6-419a-b321-2b7b8d2c3536","service":"booking","bookingId":"BK-000143","customerId":"CUS-652925","hotelId":"HTL-004","event":"payment_completed","msg":"Payment completed"}
{"level":30,"time":"2026-07-29T10:59:39.688Z","application":"booking-benchmark","reqId":"9085fe0e-21c6-419a-b321-2b7b8d2c3536","service":"booking","bookingId":"BK-000143","customerId":"CUS-652925","hotelId":"HTL-004","event":"booking_created","msg":"Booking created"}
{"level":30,"time":"2026-07-29T10:59:39.688Z","application":"booking-benchmark","reqId":"9085fe0e-21c6-419a-b321-2b7b8d2c3536","service":"booking","bookingId":"BK-000143","customerId":"CUS-652925","hotelId":"HTL-004","component":"notification","event":"confirmation_sent","msg":"Booking confirmation sent"}
{"level":30,"time":"2026-07-29T10:59:39.688Z","application":"booking-benchmark","reqId":"9085fe0e-21c6-419a-b321-2b7b8d2c3536","service":"booking","bookingId":"BK-000143","customerId":"CUS-652925","hotelId":"HTL-004","event":"booking_workflow_completed","msg":"Booking workflow completed"}
{"level":30,"time":"2026-07-29T10:59:39.689Z","application":"booking-benchmark","reqId":"9085fe0e-21c6-419a-b321-2b7b8d2c3536","event":"http_request_completed","method":"POST","url":"/bookings","statusCode":201,"durationMs":1,"msg":"Request completed"}
{"level":30,"time":"2026-07-29T10:59:39.803Z","application":"booking-benchmark","reqId":"da9b7006-4dad-4f32-9546-bd7141883d0a","event":"http_request_started","method":"POST","url":"/bookings","msg":"Incoming request"}
{"level":30,"time":"2026-07-29T10:59:39.803Z","application":"booking-benchmark","reqId":"da9b7006-4dad-4f32-9546-bd7141883d0a","service":"booking","bookingId":"BK-000144","customerId":"CUS-250206","hotelId":"HTL-005","event":"booking_workflow_started","nights":1,"msg":"Booking workflow started"}
{"level":30,"time":"2026-07-29T10:59:39.803Z","application":"booking-benchmark","reqId":"da9b7006-4dad-4f32-9546-bd7141883d0a","service":"booking","bookingId":"BK-000144","customerId":"CUS-250206","hotelId":"HTL-005","component":"hotel","event":"availability_check_started","hotelId":"HTL-005","msg":"Checking hotel availability"}
{"level":30,"time":"2026-07-29T10:59:39.803Z","application":"booking-benchmark","reqId":"da9b7006-4dad-4f32-9546-bd7141883d0a","service":"booking","bookingId":"BK-000144","customerId":"CUS-250206","hotelId":"HTL-005","component":"hotel","event":"availability_confirmed","hotelId":"HTL-005","availableRooms":10,"msg":"Hotel availability confirmed"}
{"level":30,"time":"2026-07-29T10:59:39.803Z","application":"booking-benchmark","reqId":"da9b7006-4dad-4f32-9546-bd7141883d0a","service":"booking","bookingId":"BK-000144","customerId":"CUS-250206","hotelId":"HTL-005","event":"hotel_validated","msg":"Hotel availability validated"}
{"level":30,"time":"2026-07-29T10:59:39.804Z","application":"booking-benchmark","reqId":"da9b7006-4dad-4f32-9546-bd7141883d0a","service":"booking","bookingId":"BK-000144","customerId":"CUS-250206","hotelId":"HTL-005","component":"payment","event":"payment_started","msg":"Authorizing payment"}
{"level":30,"time":"2026-07-29T10:59:39.804Z","application":"booking-benchmark","reqId":"da9b7006-4dad-4f32-9546-bd7141883d0a","service":"booking","bookingId":"BK-000144","customerId":"CUS-250206","hotelId":"HTL-005","component":"payment","event":"payment_authorized","msg":"Payment authorized"}
{"level":30,"time":"2026-07-29T10:59:39.804Z","application":"booking-benchmark","reqId":"da9b7006-4dad-4f32-9546-bd7141883d0a","service":"booking","bookingId":"BK-000144","customerId":"CUS-250206","hotelId":"HTL-005","event":"payment_completed","msg":"Payment completed"}
{"level":30,"time":"2026-07-29T10:59:39.804Z","application":"booking-benchmark","reqId":"da9b7006-4dad-4f32-9546-bd7141883d0a","service":"booking","bookingId":"BK-000144","customerId":"CUS-250206","hotelId":"HTL-005","event":"booking_created","msg":"Booking created"}
{"level":30,"time":"2026-07-29T10:59:39.804Z","application":"booking-benchmark","reqId":"da9b7006-4dad-4f32-9546-bd7141883d0a","service":"booking","bookingId":"BK-000144","customerId":"CUS-250206","hotelId":"HTL-005","component":"notification","event":"confirmation_sent","msg":"Booking confirmation sent"}
{"level":30,"time":"2026-07-29T10:59:39.804Z","application":"booking-benchmark","reqId":"da9b7006-4dad-4f32-9546-bd7141883d0a","service":"booking","bookingId":"BK-000144","customerId":"CUS-250206","hotelId":"HTL-005","event":"booking_workflow_completed","msg":"Booking workflow completed"}
{"level":30,"time":"2026-07-29T10:59:39.804Z","application":"booking-benchmark","reqId":"da9b7006-4dad-4f32-9546-bd7141883d0a","event":"http_request_completed","method":"POST","url":"/bookings","statusCode":201,"durationMs":1,"msg":"Request completed"}
{"level":30,"time":"2026-07-29T10:59:40.003Z","application":"booking-benchmark","reqId":"dc90ddfb-797d-4332-ad2a-358a32f7ea91","event":"http_request_started","method":"POST","url":"/bookings","msg":"Incoming request"}
{"level":30,"time":"2026-07-29T10:59:40.004Z","application":"booking-benchmark","reqId":"dc90ddfb-797d-4332-ad2a-358a32f7ea91","service":"booking","bookingId":"BK-000145","customerId":"CUS-723775","hotelId":"HTL-003","event":"booking_workflow_started","nights":1,"msg":"Booking workflow started"}
{"level":30,"time":"2026-07-29T10:59:40.004Z","application":"booking-benchmark","reqId":"dc90ddfb-797d-4332-ad2a-358a32f7ea91","service":"booking","bookingId":"BK-000145","customerId":"CUS-723775","hotelId":"HTL-003","component":"hotel","event":"availability_check_started","hotelId":"HTL-003","msg":"Checking hotel availability"}
{"level":30,"time":"2026-07-29T10:59:40.004Z","application":"booking-benchmark","reqId":"dc90ddfb-797d-4332-ad2a-358a32f7ea91","service":"booking","bookingId":"BK-000145","customerId":"CUS-723775","hotelId":"HTL-003","component":"hotel","event":"availability_confirmed","hotelId":"HTL-003","availableRooms":12,"msg":"Hotel availability confirmed"}
{"level":30,"time":"2026-07-29T10:59:40.004Z","application":"booking-benchmark","reqId":"dc90ddfb-797d-4332-ad2a-358a32f7ea91","service":"booking","bookingId":"BK-000145","customerId":"CUS-723775","hotelId":"HTL-003","event":"hotel_validated","msg":"Hotel availability validated"}
{"level":30,"time":"2026-07-29T10:59:40.004Z","application":"booking-benchmark","reqId":"dc90ddfb-797d-4332-ad2a-358a32f7ea91","service":"booking","bookingId":"BK-000145","customerId":"CUS-723775","hotelId":"HTL-003","component":"payment","event":"payment_started","msg":"Authorizing payment"}
{"level":30,"time":"2026-07-29T10:59:40.004Z","application":"booking-benchmark","reqId":"dc90ddfb-797d-4332-ad2a-358a32f7ea91","service":"booking","bookingId":"BK-000145","customerId":"CUS-723775","hotelId":"HTL-003","component":"payment","event":"payment_authorized","msg":"Payment authorized"}
{"level":30,"time":"2026-07-29T10:59:40.004Z","application":"booking-benchmark","reqId":"dc90ddfb-797d-4332-ad2a-358a32f7ea91","service":"booking","bookingId":"BK-000145","customerId":"CUS-723775","hotelId":"HTL-003","event":"payment_completed","msg":"Payment completed"}
{"level":30,"time":"2026-07-29T10:59:40.004Z","application":"booking-benchmark","reqId":"dc90ddfb-797d-4332-ad2a-358a32f7ea91","service":"booking","bookingId":"BK-000145","customerId":"CUS-723775","hotelId":"HTL-003","event":"booking_created","msg":"Booking created"}
{"level":30,"time":"2026-07-29T10:59:40.004Z","application":"booking-benchmark","reqId":"dc90ddfb-797d-4332-ad2a-358a32f7ea91","service":"booking","bookingId":"BK-000145","customerId":"CUS-723775","hotelId":"HTL-003","component":"notification","event":"confirmation_sent","msg":"Booking confirmation sent"}
{"level":30,"time":"2026-07-29T10:59:40.004Z","application":"booking-benchmark","reqId":"dc90ddfb-797d-4332-ad2a-358a32f7ea91","service":"booking","bookingId":"BK-000145","customerId":"CUS-723775","hotelId":"HTL-003","event":"booking_workflow_completed","msg":"Booking workflow completed"}
{"level":30,"time":"2026-07-29T10:59:40.004Z","application":"booking-benchmark","reqId":"dc90ddfb-797d-4332-ad2a-358a32f7ea91","event":"http_request_completed","method":"POST","url":"/bookings","statusCode":201,"durationMs":1,"msg":"Request completed"}
{"level":30,"time":"2026-07-29T10:59:40.128Z","application":"booking-benchmark","reqId":"3dc5787b-102c-466e-ac97-039b9f0059d2","event":"http_request_started","method":"POST","url":"/bookings","msg":"Incoming request"}
{"level":30,"time":"2026-07-29T10:59:40.128Z","application":"booking-benchmark","reqId":"3dc5787b-102c-466e-ac97-039b9f0059d2","service":"booking","bookingId":"BK-000146","customerId":"CUS-627181","hotelId":"HTL-001","event":"booking_workflow_started","nights":1,"msg":"Booking workflow started"}
{"level":30,"time":"2026-07-29T10:59:40.128Z","application":"booking-benchmark","reqId":"3dc5787b-102c-466e-ac97-039b9f0059d2","service":"booking","bookingId":"BK-000146","customerId":"CUS-627181","hotelId":"HTL-001","component":"hotel","event":"availability_check_started","hotelId":"HTL-001","msg":"Checking hotel availability"}
{"level":30,"time":"2026-07-29T10:59:40.128Z","application":"booking-benchmark","reqId":"3dc5787b-102c-466e-ac97-039b9f0059d2","service":"booking","bookingId":"BK-000146","customerId":"CUS-627181","hotelId":"HTL-001","component":"hotel","event":"availability_confirmed","hotelId":"HTL-001","availableRooms":15,"msg":"Hotel availability confirmed"}
{"level":30,"time":"2026-07-29T10:59:40.128Z","application":"booking-benchmark","reqId":"3dc5787b-102c-466e-ac97-039b9f0059d2","service":"booking","bookingId":"BK-000146","customerId":"CUS-627181","hotelId":"HTL-001","event":"hotel_validated","msg":"Hotel availability validated"}
{"level":30,"time":"2026-07-29T10:59:40.129Z","application":"booking-benchmark","reqId":"3dc5787b-102c-466e-ac97-039b9f0059d2","service":"booking","bookingId":"BK-000146","customerId":"CUS-627181","hotelId":"HTL-001","component":"payment","event":"payment_started","msg":"Authorizing payment"}
{"level":30,"time":"2026-07-29T10:59:40.129Z","application":"booking-benchmark","reqId":"3dc5787b-102c-466e-ac97-039b9f0059d2","service":"booking","bookingId":"BK-000146","customerId":"CUS-627181","hotelId":"HTL-001","component":"payment","event":"payment_authorized","msg":"Payment authorized"}
{"level":30,"time":"2026-07-29T10:59:40.129Z","application":"booking-benchmark","reqId":"3dc5787b-102c-466e-ac97-039b9f0059d2","service":"booking","bookingId":"BK-000146","customerId":"CUS-627181","hotelId":"HTL-001","event":"payment_completed","msg":"Payment completed"}
{"level":30,"time":"2026-07-29T10:59:40.129Z","application":"booking-benchmark","reqId":"3dc5787b-102c-466e-ac97-039b9f0059d2","service":"booking","bookingId":"BK-000146","customerId":"CUS-627181","hotelId":"HTL-001","event":"booking_created","msg":"Booking created"}
{"level":30,"time":"2026-07-29T10:59:40.129Z","application":"booking-benchmark","reqId":"3dc5787b-102c-466e-ac97-039b9f0059d2","service":"booking","bookingId":"BK-000146","customerId":"CUS-627181","hotelId":"HTL-001","component":"notification","event":"confirmation_sent","msg":"Booking confirmation sent"}
{"level":30,"time":"2026-07-29T10:59:40.129Z","application":"booking-benchmark","reqId":"3dc5787b-102c-466e-ac97-039b9f0059d2","service":"booking","bookingId":"BK-000146","customerId":"CUS-627181","hotelId":"HTL-001","event":"booking_workflow_completed","msg":"Booking workflow completed"}
{"level":30,"time":"2026-07-29T10:59:40.129Z","application":"booking-benchmark","reqId":"3dc5787b-102c-466e-ac97-039b9f0059d2","event":"http_request_completed","method":"POST","url":"/bookings","statusCode":201,"durationMs":1,"msg":"Request completed"}
{"level":30,"time":"2026-07-29T10:59:40.240Z","application":"booking-benchmark","reqId":"99ed0b03-eeac-4bef-b04c-d4d11ea27889","event":"http_request_started","method":"POST","url":"/bookings","msg":"Incoming request"}
{"level":30,"time":"2026-07-29T10:59:40.241Z","application":"booking-benchmark","reqId":"99ed0b03-eeac-4bef-b04c-d4d11ea27889","service":"booking","bookingId":"BK-000147","customerId":"CUS-317419","hotelId":"HTL-005","event":"booking_workflow_started","nights":7,"msg":"Booking workflow started"}
{"level":30,"time":"2026-07-29T10:59:40.241Z","application":"booking-benchmark","reqId":"99ed0b03-eeac-4bef-b04c-d4d11ea27889","service":"booking","bookingId":"BK-000147","customerId":"CUS-317419","hotelId":"HTL-005","component":"hotel","event":"availability_check_started","hotelId":"HTL-005","msg":"Checking hotel availability"}
{"level":30,"time":"2026-07-29T10:59:40.241Z","application":"booking-benchmark","reqId":"99ed0b03-eeac-4bef-b04c-d4d11ea27889","service":"booking","bookingId":"BK-000147","customerId":"CUS-317419","hotelId":"HTL-005","component":"hotel","event":"availability_confirmed","hotelId":"HTL-005","availableRooms":10,"msg":"Hotel availability confirmed"}
{"level":30,"time":"2026-07-29T10:59:40.241Z","application":"booking-benchmark","reqId":"99ed0b03-eeac-4bef-b04c-d4d11ea27889","service":"booking","bookingId":"BK-000147","customerId":"CUS-317419","hotelId":"HTL-005","event":"hotel_validated","msg":"Hotel availability validated"}
{"level":30,"time":"2026-07-29T10:59:40.241Z","application":"booking-benchmark","reqId":"99ed0b03-eeac-4bef-b04c-d4d11ea27889","service":"booking","bookingId":"BK-000147","customerId":"CUS-317419","hotelId":"HTL-005","component":"payment","event":"payment_started","msg":"Authorizing payment"}
{"level":30,"time":"2026-07-29T10:59:40.241Z","application":"booking-benchmark","reqId":"99ed0b03-eeac-4bef-b04c-d4d11ea27889","service":"booking","bookingId":"BK-000147","customerId":"CUS-317419","hotelId":"HTL-005","component":"payment","event":"payment_authorized","msg":"Payment authorized"}
{"level":30,"time":"2026-07-29T10:59:40.241Z","application":"booking-benchmark","reqId":"99ed0b03-eeac-4bef-b04c-d4d11ea27889","service":"booking","bookingId":"BK-000147","customerId":"CUS-317419","hotelId":"HTL-005","event":"payment_completed","msg":"Payment completed"}
{"level":30,"time":"2026-07-29T10:59:40.241Z","application":"booking-benchmark","reqId":"99ed0b03-eeac-4bef-b04c-d4d11ea27889","service":"booking","bookingId":"BK-000147","customerId":"CUS-317419","hotelId":"HTL-005","event":"booking_created","msg":"Booking created"}
{"level":30,"time":"2026-07-29T10:59:40.241Z","application":"booking-benchmark","reqId":"99ed0b03-eeac-4bef-b04c-d4d11ea27889","service":"booking","bookingId":"BK-000147","customerId":"CUS-317419","hotelId":"HTL-005","component":"notification","event":"confirmation_sent","msg":"Booking confirmation sent"}
{"level":30,"time":"2026-07-29T10:59:40.241Z","application":"booking-benchmark","reqId":"99ed0b03-eeac-4bef-b04c-d4d11ea27889","service":"booking","bookingId":"BK-000147","customerId":"CUS-317419","hotelId":"HTL-005","event":"booking_workflow_completed","msg":"Booking workflow completed"}
{"level":30,"time":"2026-07-29T10:59:40.241Z","application":"booking-benchmark","reqId":"99ed0b03-eeac-4bef-b04c-d4d11ea27889","event":"http_request_completed","method":"POST","url":"/bookings","statusCode":201,"durationMs":1,"msg":"Request completed"}
{"level":30,"time":"2026-07-29T10:59:40.382Z","application":"booking-benchmark","reqId":"ff13dc9b-f0c8-4d82-a6cf-22ba433eebc9","event":"http_request_started","method":"POST","url":"/bookings","msg":"Incoming request"}
{"level":30,"time":"2026-07-29T10:59:40.382Z","application":"booking-benchmark","reqId":"ff13dc9b-f0c8-4d82-a6cf-22ba433eebc9","service":"booking","bookingId":"BK-000148","customerId":"CUS-628309","hotelId":"HTL-005","event":"booking_workflow_started","nights":2,"msg":"Booking workflow started"}
{"level":30,"time":"2026-07-29T10:59:40.382Z","application":"booking-benchmark","reqId":"ff13dc9b-f0c8-4d82-a6cf-22ba433eebc9","service":"booking","bookingId":"BK-000148","customerId":"CUS-628309","hotelId":"HTL-005","component":"hotel","event":"availability_check_started","hotelId":"HTL-005","msg":"Checking hotel availability"}
{"level":30,"time":"2026-07-29T10:59:40.382Z","application":"booking-benchmark","reqId":"ff13dc9b-f0c8-4d82-a6cf-22ba433eebc9","service":"booking","bookingId":"BK-000148","customerId":"CUS-628309","hotelId":"HTL-005","component":"hotel","event":"availability_confirmed","hotelId":"HTL-005","availableRooms":10,"msg":"Hotel availability confirmed"}
{"level":30,"time":"2026-07-29T10:59:40.382Z","application":"booking-benchmark","reqId":"ff13dc9b-f0c8-4d82-a6cf-22ba433eebc9","service":"booking","bookingId":"BK-000148","customerId":"CUS-628309","hotelId":"HTL-005","event":"hotel_validated","msg":"Hotel availability validated"}
{"level":30,"time":"2026-07-29T10:59:40.382Z","application":"booking-benchmark","reqId":"ff13dc9b-f0c8-4d82-a6cf-22ba433eebc9","service":"booking","bookingId":"BK-000148","customerId":"CUS-628309","hotelId":"HTL-005","component":"payment","event":"payment_started","msg":"Authorizing payment"}
{"level":30,"time":"2026-07-29T10:59:40.382Z","application":"booking-benchmark","reqId":"ff13dc9b-f0c8-4d82-a6cf-22ba433eebc9","service":"booking","bookingId":"BK-000148","customerId":"CUS-628309","hotelId":"HTL-005","component":"payment","event":"payment_authorized","msg":"Payment authorized"}
{"level":30,"time":"2026-07-29T10:59:40.382Z","application":"booking-benchmark","reqId":"ff13dc9b-f0c8-4d82-a6cf-22ba433eebc9","service":"booking","bookingId":"BK-000148","customerId":"CUS-628309","hotelId":"HTL-005","event":"payment_completed","msg":"Payment completed"}
{"level":30,"time":"2026-07-29T10:59:40.382Z","application":"booking-benchmark","reqId":"ff13dc9b-f0c8-4d82-a6cf-22ba433eebc9","service":"booking","bookingId":"BK-000148","customerId":"CUS-628309","hotelId":"HTL-005","event":"booking_created","msg":"Booking created"}
{"level":30,"time":"2026-07-29T10:59:40.382Z","application":"booking-benchmark","reqId":"ff13dc9b-f0c8-4d82-a6cf-22ba433eebc9","service":"booking","bookingId":"BK-000148","customerId":"CUS-628309","hotelId":"HTL-005","component":"notification","event":"confirmation_sent","msg":"Booking confirmation sent"}
{"level":30,"time":"2026-07-29T10:59:40.382Z","application":"booking-benchmark","reqId":"ff13dc9b-f0c8-4d82-a6cf-22ba433eebc9","service":"booking","bookingId":"BK-000148","customerId":"CUS-628309","hotelId":"HTL-005","event":"booking_workflow_completed","msg":"Booking workflow completed"}
{"level":30,"time":"2026-07-29T10:59:40.383Z","application":"booking-benchmark","reqId":"ff13dc9b-f0c8-4d82-a6cf-22ba433eebc9","event":"http_request_completed","method":"POST","url":"/bookings","statusCode":201,"durationMs":1,"msg":"Request completed"}
{"level":30,"time":"2026-07-29T10:59:40.445Z","application":"booking-benchmark","reqId":"ceda26a4-92c4-4689-bd5c-1e12babd04d8","event":"http_request_started","method":"POST","url":"/bookings","msg":"Incoming request"}
{"level":30,"time":"2026-07-29T10:59:40.446Z","application":"booking-benchmark","reqId":"ceda26a4-92c4-4689-bd5c-1e12babd04d8","service":"booking","bookingId":"BK-000149","customerId":"CUS-764172","hotelId":"HTL-003","event":"booking_workflow_started","nights":4,"msg":"Booking workflow started"}
{"level":30,"time":"2026-07-29T10:59:40.446Z","application":"booking-benchmark","reqId":"ceda26a4-92c4-4689-bd5c-1e12babd04d8","service":"booking","bookingId":"BK-000149","customerId":"CUS-764172","hotelId":"HTL-003","component":"hotel","event":"availability_check_started","hotelId":"HTL-003","msg":"Checking hotel availability"}
{"level":30,"time":"2026-07-29T10:59:40.446Z","application":"booking-benchmark","reqId":"ceda26a4-92c4-4689-bd5c-1e12babd04d8","service":"booking","bookingId":"BK-000149","customerId":"CUS-764172","hotelId":"HTL-003","component":"hotel","event":"availability_confirmed","hotelId":"HTL-003","availableRooms":12,"msg":"Hotel availability confirmed"}
{"level":30,"time":"2026-07-29T10:59:40.446Z","application":"booking-benchmark","reqId":"ceda26a4-92c4-4689-bd5c-1e12babd04d8","service":"booking","bookingId":"BK-000149","customerId":"CUS-764172","hotelId":"HTL-003","event":"hotel_validated","msg":"Hotel availability validated"}
{"level":30,"time":"2026-07-29T10:59:40.446Z","application":"booking-benchmark","reqId":"ceda26a4-92c4-4689-bd5c-1e12babd04d8","service":"booking","bookingId":"BK-000149","customerId":"CUS-764172","hotelId":"HTL-003","component":"payment","event":"payment_started","msg":"Authorizing payment"}
{"level":30,"time":"2026-07-29T10:59:40.446Z","application":"booking-benchmark","reqId":"ceda26a4-92c4-4689-bd5c-1e12babd04d8","service":"booking","bookingId":"BK-000149","customerId":"CUS-764172","hotelId":"HTL-003","component":"payment","event":"payment_authorized","msg":"Payment authorized"}
{"level":30,"time":"2026-07-29T10:59:40.446Z","application":"booking-benchmark","reqId":"ceda26a4-92c4-4689-bd5c-1e12babd04d8","service":"booking","bookingId":"BK-000149","customerId":"CUS-764172","hotelId":"HTL-003","event":"payment_completed","msg":"Payment completed"}
{"level":30,"time":"2026-07-29T10:59:40.446Z","application":"booking-benchmark","reqId":"ceda26a4-92c4-4689-bd5c-1e12babd04d8","service":"booking","bookingId":"BK-000149","customerId":"CUS-764172","hotelId":"HTL-003","event":"booking_created","msg":"Booking created"}
{"level":30,"time":"2026-07-29T10:59:40.446Z","application":"booking-benchmark","reqId":"ceda26a4-92c4-4689-bd5c-1e12babd04d8","service":"booking","bookingId":"BK-000149","customerId":"CUS-764172","hotelId":"HTL-003","component":"notification","event":"confirmation_sent","msg":"Booking confirmation sent"}
{"level":30,"time":"2026-07-29T10:59:40.446Z","application":"booking-benchmark","reqId":"ceda26a4-92c4-4689-bd5c-1e12babd04d8","service":"booking","bookingId":"BK-000149","customerId":"CUS-764172","hotelId":"HTL-003","event":"booking_workflow_completed","msg":"Booking workflow completed"}
{"level":30,"time":"2026-07-29T10:59:40.447Z","application":"booking-benchmark","reqId":"ceda26a4-92c4-4689-bd5c-1e12babd04d8","event":"http_request_completed","method":"POST","url":"/bookings","statusCode":201,"durationMs":2,"msg":"Request completed"}
{"level":30,"time":"2026-07-29T10:59:40.565Z","application":"booking-benchmark","reqId":"c56edd82-b6bb-43bd-b295-dcbf4e1d846d","event":"http_request_started","method":"POST","url":"/bookings","msg":"Incoming request"}
{"level":30,"time":"2026-07-29T10:59:40.566Z","application":"booking-benchmark","reqId":"c56edd82-b6bb-43bd-b295-dcbf4e1d846d","service":"booking","bookingId":"BK-000150","customerId":"CUS-038154","hotelId":"HTL-004","event":"booking_workflow_started","nights":1,"msg":"Booking workflow started"}
{"level":30,"time":"2026-07-29T10:59:40.566Z","application":"booking-benchmark","reqId":"c56edd82-b6bb-43bd-b295-dcbf4e1d846d","service":"booking","bookingId":"BK-000150","customerId":"CUS-038154","hotelId":"HTL-004","component":"hotel","event":"availability_check_started","hotelId":"HTL-004","msg":"Checking hotel availability"}
{"level":30,"time":"2026-07-29T10:59:40.566Z","application":"booking-benchmark","reqId":"c56edd82-b6bb-43bd-b295-dcbf4e1d846d","service":"booking","bookingId":"BK-000150","customerId":"CUS-038154","hotelId":"HTL-004","component":"hotel","event":"availability_confirmed","hotelId":"HTL-004","availableRooms":20,"msg":"Hotel availability confirmed"}
{"level":30,"time":"2026-07-29T10:59:40.566Z","application":"booking-benchmark","reqId":"c56edd82-b6bb-43bd-b295-dcbf4e1d846d","service":"booking","bookingId":"BK-000150","customerId":"CUS-038154","hotelId":"HTL-004","event":"hotel_validated","msg":"Hotel availability validated"}
{"level":30,"time":"2026-07-29T10:59:40.566Z","application":"booking-benchmark","reqId":"c56edd82-b6bb-43bd-b295-dcbf4e1d846d","service":"booking","bookingId":"BK-000150","customerId":"CUS-038154","hotelId":"HTL-004","component":"payment","event":"payment_started","msg":"Authorizing payment"}
{"level":30,"time":"2026-07-29T10:59:40.566Z","application":"booking-benchmark","reqId":"c56edd82-b6bb-43bd-b295-dcbf4e1d846d","service":"booking","bookingId":"BK-000150","customerId":"CUS-038154","hotelId":"HTL-004","component":"payment","event":"payment_authorized","msg":"Payment authorized"}
{"level":30,"time":"2026-07-29T10:59:40.566Z","application":"booking-benchmark","reqId":"c56edd82-b6bb-43bd-b295-dcbf4e1d846d","service":"booking","bookingId":"BK-000150","customerId":"CUS-038154","hotelId":"HTL-004","event":"payment_completed","msg":"Payment completed"}
{"level":30,"time":"2026-07-29T10:59:40.566Z","application":"booking-benchmark","reqId":"c56edd82-b6bb-43bd-b295-dcbf4e1d846d","service":"booking","bookingId":"BK-000150","customerId":"CUS-038154","hotelId":"HTL-004","event":"booking_created","msg":"Booking created"}
{"level":30,"time":"2026-07-29T10:59:40.566Z","application":"booking-benchmark","reqId":"c56edd82-b6bb-43bd-b295-dcbf4e1d846d","service":"booking","bookingId":"BK-000150","customerId":"CUS-038154","hotelId":"HTL-004","component":"notification","event":"confirmation_sent","msg":"Booking confirmation sent"}
{"level":30,"time":"2026-07-29T10:59:40.566Z","application":"booking-benchmark","reqId":"c56edd82-b6bb-43bd-b295-dcbf4e1d846d","service":"booking","bookingId":"BK-000150","customerId":"CUS-038154","hotelId":"HTL-004","event":"booking_workflow_completed","msg":"Booking workflow completed"}
{"level":30,"time":"2026-07-29T10:59:40.567Z","application":"booking-benchmark","reqId":"c56edd82-b6bb-43bd-b295-dcbf4e1d846d","event":"http_request_completed","method":"POST","url":"/bookings","statusCode":201,"durationMs":2,"msg":"Request completed"}
{"level":30,"time":"2026-07-29T10:59:40.714Z","application":"booking-benchmark","reqId":"c3d36fd7-3458-42b3-b72e-31d775883c4b","event":"http_request_started","method":"POST","url":"/scenario","msg":"Incoming request"}
{"level":40,"time":"2026-07-29T10:59:40.714Z","application":"booking-benchmark","reqId":"c3d36fd7-3458-42b3-b72e-31d775883c4b","event":"scenario_changed","previousScenario":"normal","currentScenario":"no_rooms_available","msg":"Scenario changed"}
{"level":30,"time":"2026-07-29T10:59:40.715Z","application":"booking-benchmark","reqId":"c3d36fd7-3458-42b3-b72e-31d775883c4b","event":"http_request_completed","method":"POST","url":"/scenario","statusCode":200,"durationMs":1,"msg":"Request completed"}
{"level":30,"time":"2026-07-29T10:59:41.723Z","application":"booking-benchmark","reqId":"12f6297e-68ff-456b-8fb1-378b0e1bef71","event":"http_request_started","method":"POST","url":"/bookings","msg":"Incoming request"}
{"level":30,"time":"2026-07-29T10:59:41.724Z","application":"booking-benchmark","reqId":"12f6297e-68ff-456b-8fb1-378b0e1bef71","service":"booking","bookingId":"BK-000151","customerId":"CUS-646927","hotelId":"HTL-001","event":"booking_workflow_started","nights":6,"msg":"Booking workflow started"}
{"level":30,"time":"2026-07-29T10:59:41.724Z","application":"booking-benchmark","reqId":"12f6297e-68ff-456b-8fb1-378b0e1bef71","service":"booking","bookingId":"BK-000151","customerId":"CUS-646927","hotelId":"HTL-001","component":"hotel","event":"availability_check_started","hotelId":"HTL-001","msg":"Checking hotel availability"}
{"level":40,"time":"2026-07-29T10:59:41.724Z","application":"booking-benchmark","reqId":"12f6297e-68ff-456b-8fb1-378b0e1bef71","service":"booking","bookingId":"BK-000151","customerId":"CUS-646927","hotelId":"HTL-001","component":"hotel","event":"no_rooms_available","hotelId":"HTL-001","msg":"No rooms available"}
{"level":50,"time":"2026-07-29T10:59:41.724Z","application":"booking-benchmark","reqId":"12f6297e-68ff-456b-8fb1-378b0e1bef71","event":"booking_failed","error":"No rooms available","msg":"Booking request failed"}
{"level":50,"time":"2026-07-29T10:59:41.724Z","application":"booking-benchmark","reqId":"12f6297e-68ff-456b-8fb1-378b0e1bef71","event":"booking_workflow_failed","msg":"Booking workflow failed"}
{"level":30,"time":"2026-07-29T10:59:41.725Z","application":"booking-benchmark","reqId":"12f6297e-68ff-456b-8fb1-378b0e1bef71","event":"http_request_completed","method":"POST","url":"/bookings","statusCode":409,"durationMs":2,"msg":"Request completed"}
{"level":30,"time":"2026-07-29T10:59:41.791Z","application":"booking-benchmark","reqId":"3f633769-3ff8-4ff6-8a1b-78f280cd013d","event":"http_request_started","method":"POST","url":"/bookings","msg":"Incoming request"}
{"level":30,"time":"2026-07-29T10:59:41.791Z","application":"booking-benchmark","reqId":"3f633769-3ff8-4ff6-8a1b-78f280cd013d","service":"booking","bookingId":"BK-000152","customerId":"CUS-506212","hotelId":"HTL-004","event":"booking_workflow_started","nights":4,"msg":"Booking workflow started"}
{"level":30,"time":"2026-07-29T10:59:41.791Z","application":"booking-benchmark","reqId":"3f633769-3ff8-4ff6-8a1b-78f280cd013d","service":"booking","bookingId":"BK-000152","customerId":"CUS-506212","hotelId":"HTL-004","component":"hotel","event":"availability_check_started","hotelId":"HTL-004","msg":"Checking hotel availability"}
{"level":40,"time":"2026-07-29T10:59:41.792Z","application":"booking-benchmark","reqId":"3f633769-3ff8-4ff6-8a1b-78f280cd013d","service":"booking","bookingId":"BK-000152","customerId":"CUS-506212","hotelId":"HTL-004","component":"hotel","event":"no_rooms_available","hotelId":"HTL-004","msg":"No rooms available"}
{"level":50,"time":"2026-07-29T10:59:41.792Z","application":"booking-benchmark","reqId":"3f633769-3ff8-4ff6-8a1b-78f280cd013d","event":"booking_failed","error":"No rooms available","msg":"Booking request failed"}
{"level":50,"time":"2026-07-29T10:59:41.792Z","application":"booking-benchmark","reqId":"3f633769-3ff8-4ff6-8a1b-78f280cd013d","event":"booking_workflow_failed","msg":"Booking workflow failed"}
{"level":30,"time":"2026-07-29T10:59:41.792Z","application":"booking-benchmark","reqId":"3f633769-3ff8-4ff6-8a1b-78f280cd013d","event":"http_request_completed","method":"POST","url":"/bookings","statusCode":409,"durationMs":1,"msg":"Request completed"}
{"level":30,"time":"2026-07-29T10:59:41.989Z","application":"booking-benchmark","reqId":"5634c1c5-a615-4f1f-bead-3c4b0bcbb59a","event":"http_request_started","method":"POST","url":"/bookings","msg":"Incoming request"}
{"level":30,"time":"2026-07-29T10:59:41.990Z","application":"booking-benchmark","reqId":"5634c1c5-a615-4f1f-bead-3c4b0bcbb59a","service":"booking","bookingId":"BK-000153","customerId":"CUS-894889","hotelId":"HTL-001","event":"booking_workflow_started","nights":1,"msg":"Booking workflow started"}
{"level":30,"time":"2026-07-29T10:59:41.990Z","application":"booking-benchmark","reqId":"5634c1c5-a615-4f1f-bead-3c4b0bcbb59a","service":"booking","bookingId":"BK-000153","customerId":"CUS-894889","hotelId":"HTL-001","component":"hotel","event":"availability_check_started","hotelId":"HTL-001","msg":"Checking hotel availability"}
{"level":40,"time":"2026-07-29T10:59:41.990Z","application":"booking-benchmark","reqId":"5634c1c5-a615-4f1f-bead-3c4b0bcbb59a","service":"booking","bookingId":"BK-000153","customerId":"CUS-894889","hotelId":"HTL-001","component":"hotel","event":"no_rooms_available","hotelId":"HTL-001","msg":"No rooms available"}
{"level":50,"time":"2026-07-29T10:59:41.990Z","application":"booking-benchmark","reqId":"5634c1c5-a615-4f1f-bead-3c4b0bcbb59a","event":"booking_failed","error":"No rooms available","msg":"Booking request failed"}
{"level":50,"time":"2026-07-29T10:59:41.990Z","application":"booking-benchmark","reqId":"5634c1c5-a615-4f1f-bead-3c4b0bcbb59a","event":"booking_workflow_failed","msg":"Booking workflow failed"}
{"level":30,"time":"2026-07-29T10:59:41.990Z","application":"booking-benchmark","reqId":"5634c1c5-a615-4f1f-bead-3c4b0bcbb59a","event":"http_request_completed","method":"POST","url":"/bookings","statusCode":409,"durationMs":1,"msg":"Request completed"}
{"level":30,"time":"2026-07-29T10:59:42.131Z","application":"booking-benchmark","reqId":"b47328a1-db0e-4946-aeef-b5f0f79b3941","event":"http_request_started","method":"POST","url":"/bookings","msg":"Incoming request"}
{"level":30,"time":"2026-07-29T10:59:42.131Z","application":"booking-benchmark","reqId":"b47328a1-db0e-4946-aeef-b5f0f79b3941","service":"booking","bookingId":"BK-000154","customerId":"CUS-056006","hotelId":"HTL-005","event":"booking_workflow_started","nights":5,"msg":"Booking workflow started"}
{"level":30,"time":"2026-07-29T10:59:42.131Z","application":"booking-benchmark","reqId":"b47328a1-db0e-4946-aeef-b5f0f79b3941","service":"booking","bookingId":"BK-000154","customerId":"CUS-056006","hotelId":"HTL-005","component":"hotel","event":"availability_check_started","hotelId":"HTL-005","msg":"Checking hotel availability"}
{"level":40,"time":"2026-07-29T10:59:42.131Z","application":"booking-benchmark","reqId":"b47328a1-db0e-4946-aeef-b5f0f79b3941","service":"booking","bookingId":"BK-000154","customerId":"CUS-056006","hotelId":"HTL-005","component":"hotel","event":"no_rooms_available","hotelId":"HTL-005","msg":"No rooms available"}
{"level":50,"time":"2026-07-29T10:59:42.132Z","application":"booking-benchmark","reqId":"b47328a1-db0e-4946-aeef-b5f0f79b3941","event":"booking_failed","error":"No rooms available","msg":"Booking request failed"}
{"level":50,"time":"2026-07-29T10:59:42.132Z","application":"booking-benchmark","reqId":"b47328a1-db0e-4946-aeef-b5f0f79b3941","event":"booking_workflow_failed","msg":"Booking workflow failed"}
{"level":30,"time":"2026-07-29T10:59:42.132Z","application":"booking-benchmark","reqId":"b47328a1-db0e-4946-aeef-b5f0f79b3941","event":"http_request_completed","method":"POST","url":"/bookings","statusCode":409,"durationMs":1,"msg":"Request completed"}
{"level":30,"time":"2026-07-29T10:59:42.242Z","application":"booking-benchmark","reqId":"c7325cfe-1aba-485b-87e8-4e6088355f3f","event":"http_request_started","method":"POST","url":"/bookings","msg":"Incoming request"}
{"level":30,"time":"2026-07-29T10:59:42.242Z","application":"booking-benchmark","reqId":"c7325cfe-1aba-485b-87e8-4e6088355f3f","service":"booking","bookingId":"BK-000155","customerId":"CUS-521678","hotelId":"HTL-002","event":"booking_workflow_started","nights":1,"msg":"Booking workflow started"}
{"level":30,"time":"2026-07-29T10:59:42.242Z","application":"booking-benchmark","reqId":"c7325cfe-1aba-485b-87e8-4e6088355f3f","service":"booking","bookingId":"BK-000155","customerId":"CUS-521678","hotelId":"HTL-002","component":"hotel","event":"availability_check_started","hotelId":"HTL-002","msg":"Checking hotel availability"}
{"level":40,"time":"2026-07-29T10:59:42.242Z","application":"booking-benchmark","reqId":"c7325cfe-1aba-485b-87e8-4e6088355f3f","service":"booking","bookingId":"BK-000155","customerId":"CUS-521678","hotelId":"HTL-002","component":"hotel","event":"no_rooms_available","hotelId":"HTL-002","msg":"No rooms available"}
{"level":50,"time":"2026-07-29T10:59:42.242Z","application":"booking-benchmark","reqId":"c7325cfe-1aba-485b-87e8-4e6088355f3f","event":"booking_failed","error":"No rooms available","msg":"Booking request failed"}
{"level":50,"time":"2026-07-29T10:59:42.242Z","application":"booking-benchmark","reqId":"c7325cfe-1aba-485b-87e8-4e6088355f3f","event":"booking_workflow_failed","msg":"Booking workflow failed"}
{"level":30,"time":"2026-07-29T10:59:42.243Z","application":"booking-benchmark","reqId":"c7325cfe-1aba-485b-87e8-4e6088355f3f","event":"http_request_completed","method":"POST","url":"/bookings","statusCode":409,"durationMs":1,"msg":"Request completed"}
{"level":30,"time":"2026-07-29T10:59:42.408Z","application":"booking-benchmark","reqId":"83a2c7d0-4354-404d-8a9e-f0364dfb054d","event":"http_request_started","method":"POST","url":"/bookings","msg":"Incoming request"}
{"level":30,"time":"2026-07-29T10:59:42.408Z","application":"booking-benchmark","reqId":"83a2c7d0-4354-404d-8a9e-f0364dfb054d","service":"booking","bookingId":"BK-000156","customerId":"CUS-238419","hotelId":"HTL-003","event":"booking_workflow_started","nights":3,"msg":"Booking workflow started"}
{"level":30,"time":"2026-07-29T10:59:42.409Z","application":"booking-benchmark","reqId":"83a2c7d0-4354-404d-8a9e-f0364dfb054d","service":"booking","bookingId":"BK-000156","customerId":"CUS-238419","hotelId":"HTL-003","component":"hotel","event":"availability_check_started","hotelId":"HTL-003","msg":"Checking hotel availability"}
{"level":40,"time":"2026-07-29T10:59:42.409Z","application":"booking-benchmark","reqId":"83a2c7d0-4354-404d-8a9e-f0364dfb054d","service":"booking","bookingId":"BK-000156","customerId":"CUS-238419","hotelId":"HTL-003","component":"hotel","event":"no_rooms_available","hotelId":"HTL-003","msg":"No rooms available"}
{"level":50,"time":"2026-07-29T10:59:42.409Z","application":"booking-benchmark","reqId":"83a2c7d0-4354-404d-8a9e-f0364dfb054d","event":"booking_failed","error":"No rooms available","msg":"Booking request failed"}
{"level":50,"time":"2026-07-29T10:59:42.409Z","application":"booking-benchmark","reqId":"83a2c7d0-4354-404d-8a9e-f0364dfb054d","event":"booking_workflow_failed","msg":"Booking workflow failed"}
{"level":30,"time":"2026-07-29T10:59:42.409Z","application":"booking-benchmark","reqId":"83a2c7d0-4354-404d-8a9e-f0364dfb054d","event":"http_request_completed","method":"POST","url":"/bookings","statusCode":409,"durationMs":1,"msg":"Request completed"}
{"level":30,"time":"2026-07-29T10:59:42.475Z","application":"booking-benchmark","reqId":"f5071f88-8632-4d75-9f9b-4d3df39959eb","event":"http_request_started","method":"POST","url":"/bookings","msg":"Incoming request"}
{"level":30,"time":"2026-07-29T10:59:42.475Z","application":"booking-benchmark","reqId":"f5071f88-8632-4d75-9f9b-4d3df39959eb","service":"booking","bookingId":"BK-000157","customerId":"CUS-492049","hotelId":"HTL-005","event":"booking_workflow_started","nights":6,"msg":"Booking workflow started"}
{"level":30,"time":"2026-07-29T10:59:42.475Z","application":"booking-benchmark","reqId":"f5071f88-8632-4d75-9f9b-4d3df39959eb","service":"booking","bookingId":"BK-000157","customerId":"CUS-492049","hotelId":"HTL-005","component":"hotel","event":"availability_check_started","hotelId":"HTL-005","msg":"Checking hotel availability"}
{"level":40,"time":"2026-07-29T10:59:42.476Z","application":"booking-benchmark","reqId":"f5071f88-8632-4d75-9f9b-4d3df39959eb","service":"booking","bookingId":"BK-000157","customerId":"CUS-492049","hotelId":"HTL-005","component":"hotel","event":"no_rooms_available","hotelId":"HTL-005","msg":"No rooms available"}
{"level":50,"time":"2026-07-29T10:59:42.476Z","application":"booking-benchmark","reqId":"f5071f88-8632-4d75-9f9b-4d3df39959eb","event":"booking_failed","error":"No rooms available","msg":"Booking request failed"}
{"level":50,"time":"2026-07-29T10:59:42.476Z","application":"booking-benchmark","reqId":"f5071f88-8632-4d75-9f9b-4d3df39959eb","event":"booking_workflow_failed","msg":"Booking workflow failed"}
{"level":30,"time":"2026-07-29T10:59:42.476Z","application":"booking-benchmark","reqId":"f5071f88-8632-4d75-9f9b-4d3df39959eb","event":"http_request_completed","method":"POST","url":"/bookings","statusCode":409,"durationMs":1,"msg":"Request completed"}
{"level":30,"time":"2026-07-29T10:59:42.641Z","application":"booking-benchmark","reqId":"bfa65237-2632-4e9e-87a9-09a81480235b","event":"http_request_started","method":"POST","url":"/bookings","msg":"Incoming request"}
{"level":30,"time":"2026-07-29T10:59:42.642Z","application":"booking-benchmark","reqId":"bfa65237-2632-4e9e-87a9-09a81480235b","service":"booking","bookingId":"BK-000158","customerId":"CUS-808517","hotelId":"HTL-004","event":"booking_workflow_started","nights":5,"msg":"Booking workflow started"}
{"level":30,"time":"2026-07-29T10:59:42.642Z","application":"booking-benchmark","reqId":"bfa65237-2632-4e9e-87a9-09a81480235b","service":"booking","bookingId":"BK-000158","customerId":"CUS-808517","hotelId":"HTL-004","component":"hotel","event":"availability_check_started","hotelId":"HTL-004","msg":"Checking hotel availability"}
{"level":40,"time":"2026-07-29T10:59:42.642Z","application":"booking-benchmark","reqId":"bfa65237-2632-4e9e-87a9-09a81480235b","service":"booking","bookingId":"BK-000158","customerId":"CUS-808517","hotelId":"HTL-004","component":"hotel","event":"no_rooms_available","hotelId":"HTL-004","msg":"No rooms available"}
{"level":50,"time":"2026-07-29T10:59:42.642Z","application":"booking-benchmark","reqId":"bfa65237-2632-4e9e-87a9-09a81480235b","event":"booking_failed","error":"No rooms available","msg":"Booking request failed"}
{"level":50,"time":"2026-07-29T10:59:42.642Z","application":"booking-benchmark","reqId":"bfa65237-2632-4e9e-87a9-09a81480235b","event":"booking_workflow_failed","msg":"Booking workflow failed"}
{"level":30,"time":"2026-07-29T10:59:42.642Z","application":"booking-benchmark","reqId":"bfa65237-2632-4e9e-87a9-09a81480235b","event":"http_request_completed","method":"POST","url":"/bookings","statusCode":409,"durationMs":1,"msg":"Request completed"}
{"level":30,"time":"2026-07-29T10:59:42.808Z","application":"booking-benchmark","reqId":"ab288b47-7721-4ac8-8bf2-3bca87665dbc","event":"http_request_started","method":"POST","url":"/bookings","msg":"Incoming request"}
{"level":30,"time":"2026-07-29T10:59:42.808Z","application":"booking-benchmark","reqId":"ab288b47-7721-4ac8-8bf2-3bca87665dbc","service":"booking","bookingId":"BK-000159","customerId":"CUS-362247","hotelId":"HTL-005","event":"booking_workflow_started","nights":6,"msg":"Booking workflow started"}
{"level":30,"time":"2026-07-29T10:59:42.808Z","application":"booking-benchmark","reqId":"ab288b47-7721-4ac8-8bf2-3bca87665dbc","service":"booking","bookingId":"BK-000159","customerId":"CUS-362247","hotelId":"HTL-005","component":"hotel","event":"availability_check_started","hotelId":"HTL-005","msg":"Checking hotel availability"}
{"level":40,"time":"2026-07-29T10:59:42.808Z","application":"booking-benchmark","reqId":"ab288b47-7721-4ac8-8bf2-3bca87665dbc","service":"booking","bookingId":"BK-000159","customerId":"CUS-362247","hotelId":"HTL-005","component":"hotel","event":"no_rooms_available","hotelId":"HTL-005","msg":"No rooms available"}
{"level":50,"time":"2026-07-29T10:59:42.809Z","application":"booking-benchmark","reqId":"ab288b47-7721-4ac8-8bf2-3bca87665dbc","event":"booking_failed","error":"No rooms available","msg":"Booking request failed"}
{"level":50,"time":"2026-07-29T10:59:42.809Z","application":"booking-benchmark","reqId":"ab288b47-7721-4ac8-8bf2-3bca87665dbc","event":"booking_workflow_failed","msg":"Booking workflow failed"}
{"level":30,"time":"2026-07-29T10:59:42.809Z","application":"booking-benchmark","reqId":"ab288b47-7721-4ac8-8bf2-3bca87665dbc","event":"http_request_completed","method":"POST","url":"/bookings","statusCode":409,"durationMs":1,"msg":"Request completed"}
{"level":30,"time":"2026-07-29T10:59:42.881Z","application":"booking-benchmark","reqId":"a928521e-3b24-41e2-b8af-596d4a2b45a1","event":"http_request_started","method":"POST","url":"/bookings","msg":"Incoming request"}
{"level":30,"time":"2026-07-29T10:59:42.881Z","application":"booking-benchmark","reqId":"a928521e-3b24-41e2-b8af-596d4a2b45a1","service":"booking","bookingId":"BK-000160","customerId":"CUS-567134","hotelId":"HTL-005","event":"booking_workflow_started","nights":3,"msg":"Booking workflow started"}
{"level":30,"time":"2026-07-29T10:59:42.881Z","application":"booking-benchmark","reqId":"a928521e-3b24-41e2-b8af-596d4a2b45a1","service":"booking","bookingId":"BK-000160","customerId":"CUS-567134","hotelId":"HTL-005","component":"hotel","event":"availability_check_started","hotelId":"HTL-005","msg":"Checking hotel availability"}
{"level":40,"time":"2026-07-29T10:59:42.881Z","application":"booking-benchmark","reqId":"a928521e-3b24-41e2-b8af-596d4a2b45a1","service":"booking","bookingId":"BK-000160","customerId":"CUS-567134","hotelId":"HTL-005","component":"hotel","event":"no_rooms_available","hotelId":"HTL-005","msg":"No rooms available"}
{"level":50,"time":"2026-07-29T10:59:42.881Z","application":"booking-benchmark","reqId":"a928521e-3b24-41e2-b8af-596d4a2b45a1","event":"booking_failed","error":"No rooms available","msg":"Booking request failed"}
{"level":50,"time":"2026-07-29T10:59:42.881Z","application":"booking-benchmark","reqId":"a928521e-3b24-41e2-b8af-596d4a2b45a1","event":"booking_workflow_failed","msg":"Booking workflow failed"}
{"level":30,"time":"2026-07-29T10:59:42.882Z","application":"booking-benchmark","reqId":"a928521e-3b24-41e2-b8af-596d4a2b45a1","event":"http_request_completed","method":"POST","url":"/bookings","statusCode":409,"durationMs":1,"msg":"Request completed"}
{"level":30,"time":"2026-07-29T10:59:42.990Z","application":"booking-benchmark","reqId":"e4968425-76c5-4e50-99b0-c72fad41b2ab","event":"http_request_started","method":"POST","url":"/bookings","msg":"Incoming request"}
{"level":30,"time":"2026-07-29T10:59:42.991Z","application":"booking-benchmark","reqId":"e4968425-76c5-4e50-99b0-c72fad41b2ab","service":"booking","bookingId":"BK-000161","customerId":"CUS-066277","hotelId":"HTL-005","event":"booking_workflow_started","nights":4,"msg":"Booking workflow started"}
{"level":30,"time":"2026-07-29T10:59:42.991Z","application":"booking-benchmark","reqId":"e4968425-76c5-4e50-99b0-c72fad41b2ab","service":"booking","bookingId":"BK-000161","customerId":"CUS-066277","hotelId":"HTL-005","component":"hotel","event":"availability_check_started","hotelId":"HTL-005","msg":"Checking hotel availability"}
{"level":40,"time":"2026-07-29T10:59:42.991Z","application":"booking-benchmark","reqId":"e4968425-76c5-4e50-99b0-c72fad41b2ab","service":"booking","bookingId":"BK-000161","customerId":"CUS-066277","hotelId":"HTL-005","component":"hotel","event":"no_rooms_available","hotelId":"HTL-005","msg":"No rooms available"}
{"level":50,"time":"2026-07-29T10:59:42.991Z","application":"booking-benchmark","reqId":"e4968425-76c5-4e50-99b0-c72fad41b2ab","event":"booking_failed","error":"No rooms available","msg":"Booking request failed"}
{"level":50,"time":"2026-07-29T10:59:42.991Z","application":"booking-benchmark","reqId":"e4968425-76c5-4e50-99b0-c72fad41b2ab","event":"booking_workflow_failed","msg":"Booking workflow failed"}
{"level":30,"time":"2026-07-29T10:59:42.992Z","application":"booking-benchmark","reqId":"e4968425-76c5-4e50-99b0-c72fad41b2ab","event":"http_request_completed","method":"POST","url":"/bookings","statusCode":409,"durationMs":2,"msg":"Request completed"}
{"level":30,"time":"2026-07-29T10:59:43.079Z","application":"booking-benchmark","reqId":"1ac93e3a-d8de-4675-87cc-117aa00e9d87","event":"http_request_started","method":"POST","url":"/bookings","msg":"Incoming request"}
{"level":30,"time":"2026-07-29T10:59:43.079Z","application":"booking-benchmark","reqId":"1ac93e3a-d8de-4675-87cc-117aa00e9d87","service":"booking","bookingId":"BK-000162","customerId":"CUS-969833","hotelId":"HTL-002","event":"booking_workflow_started","nights":5,"msg":"Booking workflow started"}
{"level":30,"time":"2026-07-29T10:59:43.079Z","application":"booking-benchmark","reqId":"1ac93e3a-d8de-4675-87cc-117aa00e9d87","service":"booking","bookingId":"BK-000162","customerId":"CUS-969833","hotelId":"HTL-002","component":"hotel","event":"availability_check_started","hotelId":"HTL-002","msg":"Checking hotel availability"}
{"level":40,"time":"2026-07-29T10:59:43.079Z","application":"booking-benchmark","reqId":"1ac93e3a-d8de-4675-87cc-117aa00e9d87","service":"booking","bookingId":"BK-000162","customerId":"CUS-969833","hotelId":"HTL-002","component":"hotel","event":"no_rooms_available","hotelId":"HTL-002","msg":"No rooms available"}
{"level":50,"time":"2026-07-29T10:59:43.079Z","application":"booking-benchmark","reqId":"1ac93e3a-d8de-4675-87cc-117aa00e9d87","event":"booking_failed","error":"No rooms available","msg":"Booking request failed"}
{"level":50,"time":"2026-07-29T10:59:43.079Z","application":"booking-benchmark","reqId":"1ac93e3a-d8de-4675-87cc-117aa00e9d87","event":"booking_workflow_failed","msg":"Booking workflow failed"}
{"level":30,"time":"2026-07-29T10:59:43.080Z","application":"booking-benchmark","reqId":"1ac93e3a-d8de-4675-87cc-117aa00e9d87","event":"http_request_completed","method":"POST","url":"/bookings","statusCode":409,"durationMs":1,"msg":"Request completed"}
{"level":30,"time":"2026-07-29T10:59:43.204Z","application":"booking-benchmark","reqId":"7b69c301-65da-48c0-8f31-6016e16441df","event":"http_request_started","method":"POST","url":"/bookings","msg":"Incoming request"}
{"level":30,"time":"2026-07-29T10:59:43.205Z","application":"booking-benchmark","reqId":"7b69c301-65da-48c0-8f31-6016e16441df","service":"booking","bookingId":"BK-000163","customerId":"CUS-496934","hotelId":"HTL-005","event":"booking_workflow_started","nights":7,"msg":"Booking workflow started"}
{"level":30,"time":"2026-07-29T10:59:43.205Z","application":"booking-benchmark","reqId":"7b69c301-65da-48c0-8f31-6016e16441df","service":"booking","bookingId":"BK-000163","customerId":"CUS-496934","hotelId":"HTL-005","component":"hotel","event":"availability_check_started","hotelId":"HTL-005","msg":"Checking hotel availability"}
{"level":40,"time":"2026-07-29T10:59:43.205Z","application":"booking-benchmark","reqId":"7b69c301-65da-48c0-8f31-6016e16441df","service":"booking","bookingId":"BK-000163","customerId":"CUS-496934","hotelId":"HTL-005","component":"hotel","event":"no_rooms_available","hotelId":"HTL-005","msg":"No rooms available"}
{"level":50,"time":"2026-07-29T10:59:43.205Z","application":"booking-benchmark","reqId":"7b69c301-65da-48c0-8f31-6016e16441df","event":"booking_failed","error":"No rooms available","msg":"Booking request failed"}
{"level":50,"time":"2026-07-29T10:59:43.205Z","application":"booking-benchmark","reqId":"7b69c301-65da-48c0-8f31-6016e16441df","event":"booking_workflow_failed","msg":"Booking workflow failed"}
{"level":30,"time":"2026-07-29T10:59:43.206Z","application":"booking-benchmark","reqId":"7b69c301-65da-48c0-8f31-6016e16441df","event":"http_request_completed","method":"POST","url":"/bookings","statusCode":409,"durationMs":2,"msg":"Request completed"}
{"level":30,"time":"2026-07-29T10:59:43.365Z","application":"booking-benchmark","reqId":"9edd1c0e-e563-4a81-9d01-f450141b4374","event":"http_request_started","method":"POST","url":"/bookings","msg":"Incoming request"}
{"level":30,"time":"2026-07-29T10:59:43.365Z","application":"booking-benchmark","reqId":"9edd1c0e-e563-4a81-9d01-f450141b4374","service":"booking","bookingId":"BK-000164","customerId":"CUS-570410","hotelId":"HTL-001","event":"booking_workflow_started","nights":3,"msg":"Booking workflow started"}
{"level":30,"time":"2026-07-29T10:59:43.365Z","application":"booking-benchmark","reqId":"9edd1c0e-e563-4a81-9d01-f450141b4374","service":"booking","bookingId":"BK-000164","customerId":"CUS-570410","hotelId":"HTL-001","component":"hotel","event":"availability_check_started","hotelId":"HTL-001","msg":"Checking hotel availability"}
{"level":40,"time":"2026-07-29T10:59:43.365Z","application":"booking-benchmark","reqId":"9edd1c0e-e563-4a81-9d01-f450141b4374","service":"booking","bookingId":"BK-000164","customerId":"CUS-570410","hotelId":"HTL-001","component":"hotel","event":"no_rooms_available","hotelId":"HTL-001","msg":"No rooms available"}
{"level":50,"time":"2026-07-29T10:59:43.365Z","application":"booking-benchmark","reqId":"9edd1c0e-e563-4a81-9d01-f450141b4374","event":"booking_failed","error":"No rooms available","msg":"Booking request failed"}
{"level":50,"time":"2026-07-29T10:59:43.365Z","application":"booking-benchmark","reqId":"9edd1c0e-e563-4a81-9d01-f450141b4374","event":"booking_workflow_failed","msg":"Booking workflow failed"}
{"level":30,"time":"2026-07-29T10:59:43.366Z","application":"booking-benchmark","reqId":"9edd1c0e-e563-4a81-9d01-f450141b4374","event":"http_request_completed","method":"POST","url":"/bookings","statusCode":409,"durationMs":1,"msg":"Request completed"}
{"level":30,"time":"2026-07-29T10:59:43.434Z","application":"booking-benchmark","reqId":"f42b71b5-d7d8-470b-8d29-83259f38b32a","event":"http_request_started","method":"POST","url":"/bookings","msg":"Incoming request"}
{"level":30,"time":"2026-07-29T10:59:43.435Z","application":"booking-benchmark","reqId":"f42b71b5-d7d8-470b-8d29-83259f38b32a","service":"booking","bookingId":"BK-000165","customerId":"CUS-817433","hotelId":"HTL-005","event":"booking_workflow_started","nights":5,"msg":"Booking workflow started"}
{"level":30,"time":"2026-07-29T10:59:43.435Z","application":"booking-benchmark","reqId":"f42b71b5-d7d8-470b-8d29-83259f38b32a","service":"booking","bookingId":"BK-000165","customerId":"CUS-817433","hotelId":"HTL-005","component":"hotel","event":"availability_check_started","hotelId":"HTL-005","msg":"Checking hotel availability"}
{"level":40,"time":"2026-07-29T10:59:43.435Z","application":"booking-benchmark","reqId":"f42b71b5-d7d8-470b-8d29-83259f38b32a","service":"booking","bookingId":"BK-000165","customerId":"CUS-817433","hotelId":"HTL-005","component":"hotel","event":"no_rooms_available","hotelId":"HTL-005","msg":"No rooms available"}
{"level":50,"time":"2026-07-29T10:59:43.435Z","application":"booking-benchmark","reqId":"f42b71b5-d7d8-470b-8d29-83259f38b32a","event":"booking_failed","error":"No rooms available","msg":"Booking request failed"}
{"level":50,"time":"2026-07-29T10:59:43.435Z","application":"booking-benchmark","reqId":"f42b71b5-d7d8-470b-8d29-83259f38b32a","event":"booking_workflow_failed","msg":"Booking workflow failed"}
{"level":30,"time":"2026-07-29T10:59:43.435Z","application":"booking-benchmark","reqId":"f42b71b5-d7d8-470b-8d29-83259f38b32a","event":"http_request_completed","method":"POST","url":"/bookings","statusCode":409,"durationMs":1,"msg":"Request completed"}
{"level":30,"time":"2026-07-29T10:59:43.498Z","application":"booking-benchmark","reqId":"cb6c55af-0b33-4a31-9b8a-1d64694c762b","event":"http_request_started","method":"POST","url":"/bookings","msg":"Incoming request"}
{"level":30,"time":"2026-07-29T10:59:43.499Z","application":"booking-benchmark","reqId":"cb6c55af-0b33-4a31-9b8a-1d64694c762b","service":"booking","bookingId":"BK-000166","customerId":"CUS-531312","hotelId":"HTL-004","event":"booking_workflow_started","nights":4,"msg":"Booking workflow started"}
{"level":30,"time":"2026-07-29T10:59:43.499Z","application":"booking-benchmark","reqId":"cb6c55af-0b33-4a31-9b8a-1d64694c762b","service":"booking","bookingId":"BK-000166","customerId":"CUS-531312","hotelId":"HTL-004","component":"hotel","event":"availability_check_started","hotelId":"HTL-004","msg":"Checking hotel availability"}
{"level":40,"time":"2026-07-29T10:59:43.499Z","application":"booking-benchmark","reqId":"cb6c55af-0b33-4a31-9b8a-1d64694c762b","service":"booking","bookingId":"BK-000166","customerId":"CUS-531312","hotelId":"HTL-004","component":"hotel","event":"no_rooms_available","hotelId":"HTL-004","msg":"No rooms available"}
{"level":50,"time":"2026-07-29T10:59:43.499Z","application":"booking-benchmark","reqId":"cb6c55af-0b33-4a31-9b8a-1d64694c762b","event":"booking_failed","error":"No rooms available","msg":"Booking request failed"}
{"level":50,"time":"2026-07-29T10:59:43.499Z","application":"booking-benchmark","reqId":"cb6c55af-0b33-4a31-9b8a-1d64694c762b","event":"booking_workflow_failed","msg":"Booking workflow failed"}
{"level":30,"time":"2026-07-29T10:59:43.500Z","application":"booking-benchmark","reqId":"cb6c55af-0b33-4a31-9b8a-1d64694c762b","event":"http_request_completed","method":"POST","url":"/bookings","statusCode":409,"durationMs":2,"msg":"Request completed"}
{"level":30,"time":"2026-07-29T10:59:43.668Z","application":"booking-benchmark","reqId":"17c86ec5-ccd1-4029-95b2-2b4a7b4085b8","event":"http_request_started","method":"POST","url":"/bookings","msg":"Incoming request"}
{"level":30,"time":"2026-07-29T10:59:43.669Z","application":"booking-benchmark","reqId":"17c86ec5-ccd1-4029-95b2-2b4a7b4085b8","service":"booking","bookingId":"BK-000167","customerId":"CUS-682514","hotelId":"HTL-002","event":"booking_workflow_started","nights":2,"msg":"Booking workflow started"}
{"level":30,"time":"2026-07-29T10:59:43.669Z","application":"booking-benchmark","reqId":"17c86ec5-ccd1-4029-95b2-2b4a7b4085b8","service":"booking","bookingId":"BK-000167","customerId":"CUS-682514","hotelId":"HTL-002","component":"hotel","event":"availability_check_started","hotelId":"HTL-002","msg":"Checking hotel availability"}
{"level":40,"time":"2026-07-29T10:59:43.669Z","application":"booking-benchmark","reqId":"17c86ec5-ccd1-4029-95b2-2b4a7b4085b8","service":"booking","bookingId":"BK-000167","customerId":"CUS-682514","hotelId":"HTL-002","component":"hotel","event":"no_rooms_available","hotelId":"HTL-002","msg":"No rooms available"}
{"level":50,"time":"2026-07-29T10:59:43.669Z","application":"booking-benchmark","reqId":"17c86ec5-ccd1-4029-95b2-2b4a7b4085b8","event":"booking_failed","error":"No rooms available","msg":"Booking request failed"}
{"level":50,"time":"2026-07-29T10:59:43.669Z","application":"booking-benchmark","reqId":"17c86ec5-ccd1-4029-95b2-2b4a7b4085b8","event":"booking_workflow_failed","msg":"Booking workflow failed"}
{"level":30,"time":"2026-07-29T10:59:43.670Z","application":"booking-benchmark","reqId":"17c86ec5-ccd1-4029-95b2-2b4a7b4085b8","event":"http_request_completed","method":"POST","url":"/bookings","statusCode":409,"durationMs":2,"msg":"Request completed"}
{"level":30,"time":"2026-07-29T10:59:43.830Z","application":"booking-benchmark","reqId":"4a730eb9-87f9-497e-93fa-123951293cd3","event":"http_request_started","method":"POST","url":"/bookings","msg":"Incoming request"}
{"level":30,"time":"2026-07-29T10:59:43.831Z","application":"booking-benchmark","reqId":"4a730eb9-87f9-497e-93fa-123951293cd3","service":"booking","bookingId":"BK-000168","customerId":"CUS-802250","hotelId":"HTL-001","event":"booking_workflow_started","nights":5,"msg":"Booking workflow started"}
{"level":30,"time":"2026-07-29T10:59:43.831Z","application":"booking-benchmark","reqId":"4a730eb9-87f9-497e-93fa-123951293cd3","service":"booking","bookingId":"BK-000168","customerId":"CUS-802250","hotelId":"HTL-001","component":"hotel","event":"availability_check_started","hotelId":"HTL-001","msg":"Checking hotel availability"}
{"level":40,"time":"2026-07-29T10:59:43.831Z","application":"booking-benchmark","reqId":"4a730eb9-87f9-497e-93fa-123951293cd3","service":"booking","bookingId":"BK-000168","customerId":"CUS-802250","hotelId":"HTL-001","component":"hotel","event":"no_rooms_available","hotelId":"HTL-001","msg":"No rooms available"}
{"level":50,"time":"2026-07-29T10:59:43.831Z","application":"booking-benchmark","reqId":"4a730eb9-87f9-497e-93fa-123951293cd3","event":"booking_failed","error":"No rooms available","msg":"Booking request failed"}
{"level":50,"time":"2026-07-29T10:59:43.831Z","application":"booking-benchmark","reqId":"4a730eb9-87f9-497e-93fa-123951293cd3","event":"booking_workflow_failed","msg":"Booking workflow failed"}
{"level":30,"time":"2026-07-29T10:59:43.831Z","application":"booking-benchmark","reqId":"4a730eb9-87f9-497e-93fa-123951293cd3","event":"http_request_completed","method":"POST","url":"/bookings","statusCode":409,"durationMs":1,"msg":"Request completed"}
{"level":30,"time":"2026-07-29T10:59:43.889Z","application":"booking-benchmark","reqId":"b1cf0bcc-9c55-4725-96f8-17c1eb90a013","event":"http_request_started","method":"POST","url":"/bookings","msg":"Incoming request"}
{"level":30,"time":"2026-07-29T10:59:43.890Z","application":"booking-benchmark","reqId":"b1cf0bcc-9c55-4725-96f8-17c1eb90a013","service":"booking","bookingId":"BK-000169","customerId":"CUS-816186","hotelId":"HTL-005","event":"booking_workflow_started","nights":7,"msg":"Booking workflow started"}
{"level":30,"time":"2026-07-29T10:59:43.890Z","application":"booking-benchmark","reqId":"b1cf0bcc-9c55-4725-96f8-17c1eb90a013","service":"booking","bookingId":"BK-000169","customerId":"CUS-816186","hotelId":"HTL-005","component":"hotel","event":"availability_check_started","hotelId":"HTL-005","msg":"Checking hotel availability"}
{"level":40,"time":"2026-07-29T10:59:43.890Z","application":"booking-benchmark","reqId":"b1cf0bcc-9c55-4725-96f8-17c1eb90a013","service":"booking","bookingId":"BK-000169","customerId":"CUS-816186","hotelId":"HTL-005","component":"hotel","event":"no_rooms_available","hotelId":"HTL-005","msg":"No rooms available"}
{"level":50,"time":"2026-07-29T10:59:43.890Z","application":"booking-benchmark","reqId":"b1cf0bcc-9c55-4725-96f8-17c1eb90a013","event":"booking_failed","error":"No rooms available","msg":"Booking request failed"}
{"level":50,"time":"2026-07-29T10:59:43.890Z","application":"booking-benchmark","reqId":"b1cf0bcc-9c55-4725-96f8-17c1eb90a013","event":"booking_workflow_failed","msg":"Booking workflow failed"}
{"level":30,"time":"2026-07-29T10:59:43.891Z","application":"booking-benchmark","reqId":"b1cf0bcc-9c55-4725-96f8-17c1eb90a013","event":"http_request_completed","method":"POST","url":"/bookings","statusCode":409,"durationMs":2,"msg":"Request completed"}
{"level":30,"time":"2026-07-29T10:59:44.038Z","application":"booking-benchmark","reqId":"75c1f5c8-6ef8-4ce4-8436-65831484d2dd","event":"http_request_started","method":"POST","url":"/bookings","msg":"Incoming request"}
{"level":30,"time":"2026-07-29T10:59:44.039Z","application":"booking-benchmark","reqId":"75c1f5c8-6ef8-4ce4-8436-65831484d2dd","service":"booking","bookingId":"BK-000170","customerId":"CUS-765391","hotelId":"HTL-002","event":"booking_workflow_started","nights":5,"msg":"Booking workflow started"}
{"level":30,"time":"2026-07-29T10:59:44.039Z","application":"booking-benchmark","reqId":"75c1f5c8-6ef8-4ce4-8436-65831484d2dd","service":"booking","bookingId":"BK-000170","customerId":"CUS-765391","hotelId":"HTL-002","component":"hotel","event":"availability_check_started","hotelId":"HTL-002","msg":"Checking hotel availability"}
{"level":40,"time":"2026-07-29T10:59:44.039Z","application":"booking-benchmark","reqId":"75c1f5c8-6ef8-4ce4-8436-65831484d2dd","service":"booking","bookingId":"BK-000170","customerId":"CUS-765391","hotelId":"HTL-002","component":"hotel","event":"no_rooms_available","hotelId":"HTL-002","msg":"No rooms available"}
{"level":50,"time":"2026-07-29T10:59:44.039Z","application":"booking-benchmark","reqId":"75c1f5c8-6ef8-4ce4-8436-65831484d2dd","event":"booking_failed","error":"No rooms available","msg":"Booking request failed"}
{"level":50,"time":"2026-07-29T10:59:44.039Z","application":"booking-benchmark","reqId":"75c1f5c8-6ef8-4ce4-8436-65831484d2dd","event":"booking_workflow_failed","msg":"Booking workflow failed"}
{"level":30,"time":"2026-07-29T10:59:44.040Z","application":"booking-benchmark","reqId":"75c1f5c8-6ef8-4ce4-8436-65831484d2dd","event":"http_request_completed","method":"POST","url":"/bookings","statusCode":409,"durationMs":2,"msg":"Request completed"}
{"level":30,"time":"2026-07-29T10:59:44.122Z","application":"booking-benchmark","reqId":"0db4cee5-d403-4b5b-a271-70a62915384b","event":"http_request_started","method":"POST","url":"/bookings","msg":"Incoming request"}
{"level":30,"time":"2026-07-29T10:59:44.122Z","application":"booking-benchmark","reqId":"0db4cee5-d403-4b5b-a271-70a62915384b","service":"booking","bookingId":"BK-000171","customerId":"CUS-280534","hotelId":"HTL-002","event":"booking_workflow_started","nights":5,"msg":"Booking workflow started"}
{"level":30,"time":"2026-07-29T10:59:44.122Z","application":"booking-benchmark","reqId":"0db4cee5-d403-4b5b-a271-70a62915384b","service":"booking","bookingId":"BK-000171","customerId":"CUS-280534","hotelId":"HTL-002","component":"hotel","event":"availability_check_started","hotelId":"HTL-002","msg":"Checking hotel availability"}
{"level":40,"time":"2026-07-29T10:59:44.122Z","application":"booking-benchmark","reqId":"0db4cee5-d403-4b5b-a271-70a62915384b","service":"booking","bookingId":"BK-000171","customerId":"CUS-280534","hotelId":"HTL-002","component":"hotel","event":"no_rooms_available","hotelId":"HTL-002","msg":"No rooms available"}
{"level":50,"time":"2026-07-29T10:59:44.122Z","application":"booking-benchmark","reqId":"0db4cee5-d403-4b5b-a271-70a62915384b","event":"booking_failed","error":"No rooms available","msg":"Booking request failed"}
{"level":50,"time":"2026-07-29T10:59:44.122Z","application":"booking-benchmark","reqId":"0db4cee5-d403-4b5b-a271-70a62915384b","event":"booking_workflow_failed","msg":"Booking workflow failed"}
{"level":30,"time":"2026-07-29T10:59:44.123Z","application":"booking-benchmark","reqId":"0db4cee5-d403-4b5b-a271-70a62915384b","event":"http_request_completed","method":"POST","url":"/bookings","statusCode":409,"durationMs":1,"msg":"Request completed"}
{"level":30,"time":"2026-07-29T10:59:44.272Z","application":"booking-benchmark","reqId":"ee548162-36b9-4651-b4bf-d935eb9874ae","event":"http_request_started","method":"POST","url":"/bookings","msg":"Incoming request"}
{"level":30,"time":"2026-07-29T10:59:44.272Z","application":"booking-benchmark","reqId":"ee548162-36b9-4651-b4bf-d935eb9874ae","service":"booking","bookingId":"BK-000172","customerId":"CUS-783942","hotelId":"HTL-004","event":"booking_workflow_started","nights":3,"msg":"Booking workflow started"}
{"level":30,"time":"2026-07-29T10:59:44.272Z","application":"booking-benchmark","reqId":"ee548162-36b9-4651-b4bf-d935eb9874ae","service":"booking","bookingId":"BK-000172","customerId":"CUS-783942","hotelId":"HTL-004","component":"hotel","event":"availability_check_started","hotelId":"HTL-004","msg":"Checking hotel availability"}
{"level":40,"time":"2026-07-29T10:59:44.272Z","application":"booking-benchmark","reqId":"ee548162-36b9-4651-b4bf-d935eb9874ae","service":"booking","bookingId":"BK-000172","customerId":"CUS-783942","hotelId":"HTL-004","component":"hotel","event":"no_rooms_available","hotelId":"HTL-004","msg":"No rooms available"}
{"level":50,"time":"2026-07-29T10:59:44.272Z","application":"booking-benchmark","reqId":"ee548162-36b9-4651-b4bf-d935eb9874ae","event":"booking_failed","error":"No rooms available","msg":"Booking request failed"}
{"level":50,"time":"2026-07-29T10:59:44.272Z","application":"booking-benchmark","reqId":"ee548162-36b9-4651-b4bf-d935eb9874ae","event":"booking_workflow_failed","msg":"Booking workflow failed"}
{"level":30,"time":"2026-07-29T10:59:44.273Z","application":"booking-benchmark","reqId":"ee548162-36b9-4651-b4bf-d935eb9874ae","event":"http_request_completed","method":"POST","url":"/bookings","statusCode":409,"durationMs":1,"msg":"Request completed"}
{"level":30,"time":"2026-07-29T10:59:44.430Z","application":"booking-benchmark","reqId":"b603a305-656f-458b-9d67-f19c102bfa3d","event":"http_request_started","method":"POST","url":"/bookings","msg":"Incoming request"}
{"level":30,"time":"2026-07-29T10:59:44.430Z","application":"booking-benchmark","reqId":"b603a305-656f-458b-9d67-f19c102bfa3d","service":"booking","bookingId":"BK-000173","customerId":"CUS-271601","hotelId":"HTL-005","event":"booking_workflow_started","nights":1,"msg":"Booking workflow started"}
{"level":30,"time":"2026-07-29T10:59:44.430Z","application":"booking-benchmark","reqId":"b603a305-656f-458b-9d67-f19c102bfa3d","service":"booking","bookingId":"BK-000173","customerId":"CUS-271601","hotelId":"HTL-005","component":"hotel","event":"availability_check_started","hotelId":"HTL-005","msg":"Checking hotel availability"}
{"level":40,"time":"2026-07-29T10:59:44.430Z","application":"booking-benchmark","reqId":"b603a305-656f-458b-9d67-f19c102bfa3d","service":"booking","bookingId":"BK-000173","customerId":"CUS-271601","hotelId":"HTL-005","component":"hotel","event":"no_rooms_available","hotelId":"HTL-005","msg":"No rooms available"}
{"level":50,"time":"2026-07-29T10:59:44.430Z","application":"booking-benchmark","reqId":"b603a305-656f-458b-9d67-f19c102bfa3d","event":"booking_failed","error":"No rooms available","msg":"Booking request failed"}
{"level":50,"time":"2026-07-29T10:59:44.430Z","application":"booking-benchmark","reqId":"b603a305-656f-458b-9d67-f19c102bfa3d","event":"booking_workflow_failed","msg":"Booking workflow failed"}
{"level":30,"time":"2026-07-29T10:59:44.431Z","application":"booking-benchmark","reqId":"b603a305-656f-458b-9d67-f19c102bfa3d","event":"http_request_completed","method":"POST","url":"/bookings","statusCode":409,"durationMs":1,"msg":"Request completed"}
{"level":30,"time":"2026-07-29T10:59:44.493Z","application":"booking-benchmark","reqId":"c569e3d9-c2c5-40f7-b8b5-4e1fb5ee2a97","event":"http_request_started","method":"POST","url":"/bookings","msg":"Incoming request"}
{"level":30,"time":"2026-07-29T10:59:44.493Z","application":"booking-benchmark","reqId":"c569e3d9-c2c5-40f7-b8b5-4e1fb5ee2a97","service":"booking","bookingId":"BK-000174","customerId":"CUS-382578","hotelId":"HTL-002","event":"booking_workflow_started","nights":7,"msg":"Booking workflow started"}
{"level":30,"time":"2026-07-29T10:59:44.494Z","application":"booking-benchmark","reqId":"c569e3d9-c2c5-40f7-b8b5-4e1fb5ee2a97","service":"booking","bookingId":"BK-000174","customerId":"CUS-382578","hotelId":"HTL-002","component":"hotel","event":"availability_check_started","hotelId":"HTL-002","msg":"Checking hotel availability"}
{"level":40,"time":"2026-07-29T10:59:44.494Z","application":"booking-benchmark","reqId":"c569e3d9-c2c5-40f7-b8b5-4e1fb5ee2a97","service":"booking","bookingId":"BK-000174","customerId":"CUS-382578","hotelId":"HTL-002","component":"hotel","event":"no_rooms_available","hotelId":"HTL-002","msg":"No rooms available"}
{"level":50,"time":"2026-07-29T10:59:44.494Z","application":"booking-benchmark","reqId":"c569e3d9-c2c5-40f7-b8b5-4e1fb5ee2a97","event":"booking_failed","error":"No rooms available","msg":"Booking request failed"}
{"level":50,"time":"2026-07-29T10:59:44.494Z","application":"booking-benchmark","reqId":"c569e3d9-c2c5-40f7-b8b5-4e1fb5ee2a97","event":"booking_workflow_failed","msg":"Booking workflow failed"}
{"level":30,"time":"2026-07-29T10:59:44.494Z","application":"booking-benchmark","reqId":"c569e3d9-c2c5-40f7-b8b5-4e1fb5ee2a97","event":"http_request_completed","method":"POST","url":"/bookings","statusCode":409,"durationMs":1,"msg":"Request completed"}
{"level":30,"time":"2026-07-29T10:59:44.626Z","application":"booking-benchmark","reqId":"19af05e4-6e08-467f-b389-17c4dfcdda6a","event":"http_request_started","method":"POST","url":"/bookings","msg":"Incoming request"}
{"level":30,"time":"2026-07-29T10:59:44.627Z","application":"booking-benchmark","reqId":"19af05e4-6e08-467f-b389-17c4dfcdda6a","service":"booking","bookingId":"BK-000175","customerId":"CUS-644482","hotelId":"HTL-004","event":"booking_workflow_started","nights":1,"msg":"Booking workflow started"}
{"level":30,"time":"2026-07-29T10:59:44.627Z","application":"booking-benchmark","reqId":"19af05e4-6e08-467f-b389-17c4dfcdda6a","service":"booking","bookingId":"BK-000175","customerId":"CUS-644482","hotelId":"HTL-004","component":"hotel","event":"availability_check_started","hotelId":"HTL-004","msg":"Checking hotel availability"}
{"level":40,"time":"2026-07-29T10:59:44.627Z","application":"booking-benchmark","reqId":"19af05e4-6e08-467f-b389-17c4dfcdda6a","service":"booking","bookingId":"BK-000175","customerId":"CUS-644482","hotelId":"HTL-004","component":"hotel","event":"no_rooms_available","hotelId":"HTL-004","msg":"No rooms available"}
{"level":50,"time":"2026-07-29T10:59:44.627Z","application":"booking-benchmark","reqId":"19af05e4-6e08-467f-b389-17c4dfcdda6a","event":"booking_failed","error":"No rooms available","msg":"Booking request failed"}
{"level":50,"time":"2026-07-29T10:59:44.627Z","application":"booking-benchmark","reqId":"19af05e4-6e08-467f-b389-17c4dfcdda6a","event":"booking_workflow_failed","msg":"Booking workflow failed"}
{"level":30,"time":"2026-07-29T10:59:44.627Z","application":"booking-benchmark","reqId":"19af05e4-6e08-467f-b389-17c4dfcdda6a","event":"http_request_completed","method":"POST","url":"/bookings","statusCode":409,"durationMs":1,"msg":"Request completed"}
{"level":30,"time":"2026-07-29T10:59:44.804Z","application":"booking-benchmark","reqId":"f8cb25b0-be13-488e-b540-34e4512eff66","event":"http_request_started","method":"POST","url":"/bookings","msg":"Incoming request"}
{"level":30,"time":"2026-07-29T10:59:44.804Z","application":"booking-benchmark","reqId":"f8cb25b0-be13-488e-b540-34e4512eff66","service":"booking","bookingId":"BK-000176","customerId":"CUS-498062","hotelId":"HTL-002","event":"booking_workflow_started","nights":5,"msg":"Booking workflow started"}
{"level":30,"time":"2026-07-29T10:59:44.804Z","application":"booking-benchmark","reqId":"f8cb25b0-be13-488e-b540-34e4512eff66","service":"booking","bookingId":"BK-000176","customerId":"CUS-498062","hotelId":"HTL-002","component":"hotel","event":"availability_check_started","hotelId":"HTL-002","msg":"Checking hotel availability"}
{"level":40,"time":"2026-07-29T10:59:44.804Z","application":"booking-benchmark","reqId":"f8cb25b0-be13-488e-b540-34e4512eff66","service":"booking","bookingId":"BK-000176","customerId":"CUS-498062","hotelId":"HTL-002","component":"hotel","event":"no_rooms_available","hotelId":"HTL-002","msg":"No rooms available"}
{"level":50,"time":"2026-07-29T10:59:44.804Z","application":"booking-benchmark","reqId":"f8cb25b0-be13-488e-b540-34e4512eff66","event":"booking_failed","error":"No rooms available","msg":"Booking request failed"}
{"level":50,"time":"2026-07-29T10:59:44.804Z","application":"booking-benchmark","reqId":"f8cb25b0-be13-488e-b540-34e4512eff66","event":"booking_workflow_failed","msg":"Booking workflow failed"}
{"level":30,"time":"2026-07-29T10:59:44.805Z","application":"booking-benchmark","reqId":"f8cb25b0-be13-488e-b540-34e4512eff66","event":"http_request_completed","method":"POST","url":"/bookings","statusCode":409,"durationMs":2,"msg":"Request completed"}
{"level":30,"time":"2026-07-29T10:59:44.872Z","application":"booking-benchmark","reqId":"925a52bf-36b9-438e-b438-23336d6c21ce","event":"http_request_started","method":"POST","url":"/bookings","msg":"Incoming request"}
{"level":30,"time":"2026-07-29T10:59:44.872Z","application":"booking-benchmark","reqId":"925a52bf-36b9-438e-b438-23336d6c21ce","service":"booking","bookingId":"BK-000177","customerId":"CUS-058417","hotelId":"HTL-005","event":"booking_workflow_started","nights":7,"msg":"Booking workflow started"}
{"level":30,"time":"2026-07-29T10:59:44.872Z","application":"booking-benchmark","reqId":"925a52bf-36b9-438e-b438-23336d6c21ce","service":"booking","bookingId":"BK-000177","customerId":"CUS-058417","hotelId":"HTL-005","component":"hotel","event":"availability_check_started","hotelId":"HTL-005","msg":"Checking hotel availability"}
{"level":40,"time":"2026-07-29T10:59:44.872Z","application":"booking-benchmark","reqId":"925a52bf-36b9-438e-b438-23336d6c21ce","service":"booking","bookingId":"BK-000177","customerId":"CUS-058417","hotelId":"HTL-005","component":"hotel","event":"no_rooms_available","hotelId":"HTL-005","msg":"No rooms available"}
{"level":50,"time":"2026-07-29T10:59:44.872Z","application":"booking-benchmark","reqId":"925a52bf-36b9-438e-b438-23336d6c21ce","event":"booking_failed","error":"No rooms available","msg":"Booking request failed"}
{"level":50,"time":"2026-07-29T10:59:44.872Z","application":"booking-benchmark","reqId":"925a52bf-36b9-438e-b438-23336d6c21ce","event":"booking_workflow_failed","msg":"Booking workflow failed"}
{"level":30,"time":"2026-07-29T10:59:44.873Z","application":"booking-benchmark","reqId":"925a52bf-36b9-438e-b438-23336d6c21ce","event":"http_request_completed","method":"POST","url":"/bookings","statusCode":409,"durationMs":1,"msg":"Request completed"}
{"level":30,"time":"2026-07-29T10:59:44.966Z","application":"booking-benchmark","reqId":"39278135-4e7b-464e-a541-c40c8900267b","event":"http_request_started","method":"POST","url":"/bookings","msg":"Incoming request"}
{"level":30,"time":"2026-07-29T10:59:44.966Z","application":"booking-benchmark","reqId":"39278135-4e7b-464e-a541-c40c8900267b","service":"booking","bookingId":"BK-000178","customerId":"CUS-267371","hotelId":"HTL-002","event":"booking_workflow_started","nights":3,"msg":"Booking workflow started"}
{"level":30,"time":"2026-07-29T10:59:44.966Z","application":"booking-benchmark","reqId":"39278135-4e7b-464e-a541-c40c8900267b","service":"booking","bookingId":"BK-000178","customerId":"CUS-267371","hotelId":"HTL-002","component":"hotel","event":"availability_check_started","hotelId":"HTL-002","msg":"Checking hotel availability"}
{"level":40,"time":"2026-07-29T10:59:44.966Z","application":"booking-benchmark","reqId":"39278135-4e7b-464e-a541-c40c8900267b","service":"booking","bookingId":"BK-000178","customerId":"CUS-267371","hotelId":"HTL-002","component":"hotel","event":"no_rooms_available","hotelId":"HTL-002","msg":"No rooms available"}
{"level":50,"time":"2026-07-29T10:59:44.967Z","application":"booking-benchmark","reqId":"39278135-4e7b-464e-a541-c40c8900267b","event":"booking_failed","error":"No rooms available","msg":"Booking request failed"}
{"level":50,"time":"2026-07-29T10:59:44.967Z","application":"booking-benchmark","reqId":"39278135-4e7b-464e-a541-c40c8900267b","event":"booking_workflow_failed","msg":"Booking workflow failed"}
{"level":30,"time":"2026-07-29T10:59:44.967Z","application":"booking-benchmark","reqId":"39278135-4e7b-464e-a541-c40c8900267b","event":"http_request_completed","method":"POST","url":"/bookings","statusCode":409,"durationMs":1,"msg":"Request completed"}
{"level":30,"time":"2026-07-29T10:59:45.075Z","application":"booking-benchmark","reqId":"152ca6ad-4d07-4082-b3ac-27cceee25b68","event":"http_request_started","method":"POST","url":"/bookings","msg":"Incoming request"}
{"level":30,"time":"2026-07-29T10:59:45.075Z","application":"booking-benchmark","reqId":"152ca6ad-4d07-4082-b3ac-27cceee25b68","service":"booking","bookingId":"BK-000179","customerId":"CUS-982658","hotelId":"HTL-004","event":"booking_workflow_started","nights":3,"msg":"Booking workflow started"}
{"level":30,"time":"2026-07-29T10:59:45.075Z","application":"booking-benchmark","reqId":"152ca6ad-4d07-4082-b3ac-27cceee25b68","service":"booking","bookingId":"BK-000179","customerId":"CUS-982658","hotelId":"HTL-004","component":"hotel","event":"availability_check_started","hotelId":"HTL-004","msg":"Checking hotel availability"}
{"level":40,"time":"2026-07-29T10:59:45.075Z","application":"booking-benchmark","reqId":"152ca6ad-4d07-4082-b3ac-27cceee25b68","service":"booking","bookingId":"BK-000179","customerId":"CUS-982658","hotelId":"HTL-004","component":"hotel","event":"no_rooms_available","hotelId":"HTL-004","msg":"No rooms available"}
{"level":50,"time":"2026-07-29T10:59:45.075Z","application":"booking-benchmark","reqId":"152ca6ad-4d07-4082-b3ac-27cceee25b68","event":"booking_failed","error":"No rooms available","msg":"Booking request failed"}
{"level":50,"time":"2026-07-29T10:59:45.075Z","application":"booking-benchmark","reqId":"152ca6ad-4d07-4082-b3ac-27cceee25b68","event":"booking_workflow_failed","msg":"Booking workflow failed"}
{"level":30,"time":"2026-07-29T10:59:45.076Z","application":"booking-benchmark","reqId":"152ca6ad-4d07-4082-b3ac-27cceee25b68","event":"http_request_completed","method":"POST","url":"/bookings","statusCode":409,"durationMs":1,"msg":"Request completed"}
{"level":30,"time":"2026-07-29T10:59:45.172Z","application":"booking-benchmark","reqId":"859f0329-68e6-4044-9709-ecd4a95376c8","event":"http_request_started","method":"POST","url":"/bookings","msg":"Incoming request"}
{"level":30,"time":"2026-07-29T10:59:45.172Z","application":"booking-benchmark","reqId":"859f0329-68e6-4044-9709-ecd4a95376c8","service":"booking","bookingId":"BK-000180","customerId":"CUS-068542","hotelId":"HTL-003","event":"booking_workflow_started","nights":6,"msg":"Booking workflow started"}
{"level":30,"time":"2026-07-29T10:59:45.172Z","application":"booking-benchmark","reqId":"859f0329-68e6-4044-9709-ecd4a95376c8","service":"booking","bookingId":"BK-000180","customerId":"CUS-068542","hotelId":"HTL-003","component":"hotel","event":"availability_check_started","hotelId":"HTL-003","msg":"Checking hotel availability"}
{"level":40,"time":"2026-07-29T10:59:45.172Z","application":"booking-benchmark","reqId":"859f0329-68e6-4044-9709-ecd4a95376c8","service":"booking","bookingId":"BK-000180","customerId":"CUS-068542","hotelId":"HTL-003","component":"hotel","event":"no_rooms_available","hotelId":"HTL-003","msg":"No rooms available"}
{"level":50,"time":"2026-07-29T10:59:45.172Z","application":"booking-benchmark","reqId":"859f0329-68e6-4044-9709-ecd4a95376c8","event":"booking_failed","error":"No rooms available","msg":"Booking request failed"}
{"level":50,"time":"2026-07-29T10:59:45.172Z","application":"booking-benchmark","reqId":"859f0329-68e6-4044-9709-ecd4a95376c8","event":"booking_workflow_failed","msg":"Booking workflow failed"}
{"level":30,"time":"2026-07-29T10:59:45.173Z","application":"booking-benchmark","reqId":"859f0329-68e6-4044-9709-ecd4a95376c8","event":"http_request_completed","method":"POST","url":"/bookings","statusCode":409,"durationMs":1,"msg":"Request completed"}
{"level":30,"time":"2026-07-29T10:59:45.248Z","application":"booking-benchmark","reqId":"41cb01f4-5d46-454e-88c0-63e1b1b85214","event":"http_request_started","method":"POST","url":"/bookings","msg":"Incoming request"}
{"level":30,"time":"2026-07-29T10:59:45.248Z","application":"booking-benchmark","reqId":"41cb01f4-5d46-454e-88c0-63e1b1b85214","service":"booking","bookingId":"BK-000181","customerId":"CUS-026772","hotelId":"HTL-005","event":"booking_workflow_started","nights":3,"msg":"Booking workflow started"}
{"level":30,"time":"2026-07-29T10:59:45.249Z","application":"booking-benchmark","reqId":"41cb01f4-5d46-454e-88c0-63e1b1b85214","service":"booking","bookingId":"BK-000181","customerId":"CUS-026772","hotelId":"HTL-005","component":"hotel","event":"availability_check_started","hotelId":"HTL-005","msg":"Checking hotel availability"}
{"level":40,"time":"2026-07-29T10:59:45.249Z","application":"booking-benchmark","reqId":"41cb01f4-5d46-454e-88c0-63e1b1b85214","service":"booking","bookingId":"BK-000181","customerId":"CUS-026772","hotelId":"HTL-005","component":"hotel","event":"no_rooms_available","hotelId":"HTL-005","msg":"No rooms available"}
{"level":50,"time":"2026-07-29T10:59:45.249Z","application":"booking-benchmark","reqId":"41cb01f4-5d46-454e-88c0-63e1b1b85214","event":"booking_failed","error":"No rooms available","msg":"Booking request failed"}
{"level":50,"time":"2026-07-29T10:59:45.249Z","application":"booking-benchmark","reqId":"41cb01f4-5d46-454e-88c0-63e1b1b85214","event":"booking_workflow_failed","msg":"Booking workflow failed"}
{"level":30,"time":"2026-07-29T10:59:45.249Z","application":"booking-benchmark","reqId":"41cb01f4-5d46-454e-88c0-63e1b1b85214","event":"http_request_completed","method":"POST","url":"/bookings","statusCode":409,"durationMs":1,"msg":"Request completed"}
{"level":30,"time":"2026-07-29T10:59:45.332Z","application":"booking-benchmark","reqId":"61bee7f4-8987-4397-bfe0-cc94978eed49","event":"http_request_started","method":"POST","url":"/bookings","msg":"Incoming request"}
{"level":30,"time":"2026-07-29T10:59:45.332Z","application":"booking-benchmark","reqId":"61bee7f4-8987-4397-bfe0-cc94978eed49","service":"booking","bookingId":"BK-000182","customerId":"CUS-770589","hotelId":"HTL-001","event":"booking_workflow_started","nights":3,"msg":"Booking workflow started"}
{"level":30,"time":"2026-07-29T10:59:45.332Z","application":"booking-benchmark","reqId":"61bee7f4-8987-4397-bfe0-cc94978eed49","service":"booking","bookingId":"BK-000182","customerId":"CUS-770589","hotelId":"HTL-001","component":"hotel","event":"availability_check_started","hotelId":"HTL-001","msg":"Checking hotel availability"}
{"level":40,"time":"2026-07-29T10:59:45.332Z","application":"booking-benchmark","reqId":"61bee7f4-8987-4397-bfe0-cc94978eed49","service":"booking","bookingId":"BK-000182","customerId":"CUS-770589","hotelId":"HTL-001","component":"hotel","event":"no_rooms_available","hotelId":"HTL-001","msg":"No rooms available"}
{"level":50,"time":"2026-07-29T10:59:45.332Z","application":"booking-benchmark","reqId":"61bee7f4-8987-4397-bfe0-cc94978eed49","event":"booking_failed","error":"No rooms available","msg":"Booking request failed"}
{"level":50,"time":"2026-07-29T10:59:45.332Z","application":"booking-benchmark","reqId":"61bee7f4-8987-4397-bfe0-cc94978eed49","event":"booking_workflow_failed","msg":"Booking workflow failed"}
{"level":30,"time":"2026-07-29T10:59:45.333Z","application":"booking-benchmark","reqId":"61bee7f4-8987-4397-bfe0-cc94978eed49","event":"http_request_completed","method":"POST","url":"/bookings","statusCode":409,"durationMs":1,"msg":"Request completed"}
{"level":30,"time":"2026-07-29T10:59:45.434Z","application":"booking-benchmark","reqId":"bf723113-0e1b-41e7-bc44-84fe83fcc06b","event":"http_request_started","method":"POST","url":"/bookings","msg":"Incoming request"}
{"level":30,"time":"2026-07-29T10:59:45.435Z","application":"booking-benchmark","reqId":"bf723113-0e1b-41e7-bc44-84fe83fcc06b","service":"booking","bookingId":"BK-000183","customerId":"CUS-302665","hotelId":"HTL-003","event":"booking_workflow_started","nights":5,"msg":"Booking workflow started"}
{"level":30,"time":"2026-07-29T10:59:45.435Z","application":"booking-benchmark","reqId":"bf723113-0e1b-41e7-bc44-84fe83fcc06b","service":"booking","bookingId":"BK-000183","customerId":"CUS-302665","hotelId":"HTL-003","component":"hotel","event":"availability_check_started","hotelId":"HTL-003","msg":"Checking hotel availability"}
{"level":40,"time":"2026-07-29T10:59:45.435Z","application":"booking-benchmark","reqId":"bf723113-0e1b-41e7-bc44-84fe83fcc06b","service":"booking","bookingId":"BK-000183","customerId":"CUS-302665","hotelId":"HTL-003","component":"hotel","event":"no_rooms_available","hotelId":"HTL-003","msg":"No rooms available"}
{"level":50,"time":"2026-07-29T10:59:45.435Z","application":"booking-benchmark","reqId":"bf723113-0e1b-41e7-bc44-84fe83fcc06b","event":"booking_failed","error":"No rooms available","msg":"Booking request failed"}
{"level":50,"time":"2026-07-29T10:59:45.435Z","application":"booking-benchmark","reqId":"bf723113-0e1b-41e7-bc44-84fe83fcc06b","event":"booking_workflow_failed","msg":"Booking workflow failed"}
{"level":30,"time":"2026-07-29T10:59:45.436Z","application":"booking-benchmark","reqId":"bf723113-0e1b-41e7-bc44-84fe83fcc06b","event":"http_request_completed","method":"POST","url":"/bookings","statusCode":409,"durationMs":2,"msg":"Request completed"}
{"level":30,"time":"2026-07-29T10:59:45.507Z","application":"booking-benchmark","reqId":"61025fc1-f500-4640-a911-d85f8fc86f83","event":"http_request_started","method":"POST","url":"/bookings","msg":"Incoming request"}
{"level":30,"time":"2026-07-29T10:59:45.507Z","application":"booking-benchmark","reqId":"61025fc1-f500-4640-a911-d85f8fc86f83","service":"booking","bookingId":"BK-000184","customerId":"CUS-164212","hotelId":"HTL-005","event":"booking_workflow_started","nights":3,"msg":"Booking workflow started"}
{"level":30,"time":"2026-07-29T10:59:45.507Z","application":"booking-benchmark","reqId":"61025fc1-f500-4640-a911-d85f8fc86f83","service":"booking","bookingId":"BK-000184","customerId":"CUS-164212","hotelId":"HTL-005","component":"hotel","event":"availability_check_started","hotelId":"HTL-005","msg":"Checking hotel availability"}
{"level":40,"time":"2026-07-29T10:59:45.508Z","application":"booking-benchmark","reqId":"61025fc1-f500-4640-a911-d85f8fc86f83","service":"booking","bookingId":"BK-000184","customerId":"CUS-164212","hotelId":"HTL-005","component":"hotel","event":"no_rooms_available","hotelId":"HTL-005","msg":"No rooms available"}
{"level":50,"time":"2026-07-29T10:59:45.508Z","application":"booking-benchmark","reqId":"61025fc1-f500-4640-a911-d85f8fc86f83","event":"booking_failed","error":"No rooms available","msg":"Booking request failed"}
{"level":50,"time":"2026-07-29T10:59:45.508Z","application":"booking-benchmark","reqId":"61025fc1-f500-4640-a911-d85f8fc86f83","event":"booking_workflow_failed","msg":"Booking workflow failed"}
{"level":30,"time":"2026-07-29T10:59:45.508Z","application":"booking-benchmark","reqId":"61025fc1-f500-4640-a911-d85f8fc86f83","event":"http_request_completed","method":"POST","url":"/bookings","statusCode":409,"durationMs":1,"msg":"Request completed"}
{"level":30,"time":"2026-07-29T10:59:45.667Z","application":"booking-benchmark","reqId":"e5fb43e1-ff6a-4116-9784-3b3d1ce1cf53","event":"http_request_started","method":"POST","url":"/bookings","msg":"Incoming request"}
{"level":30,"time":"2026-07-29T10:59:45.667Z","application":"booking-benchmark","reqId":"e5fb43e1-ff6a-4116-9784-3b3d1ce1cf53","service":"booking","bookingId":"BK-000185","customerId":"CUS-414101","hotelId":"HTL-003","event":"booking_workflow_started","nights":4,"msg":"Booking workflow started"}
{"level":30,"time":"2026-07-29T10:59:45.667Z","application":"booking-benchmark","reqId":"e5fb43e1-ff6a-4116-9784-3b3d1ce1cf53","service":"booking","bookingId":"BK-000185","customerId":"CUS-414101","hotelId":"HTL-003","component":"hotel","event":"availability_check_started","hotelId":"HTL-003","msg":"Checking hotel availability"}
{"level":40,"time":"2026-07-29T10:59:45.667Z","application":"booking-benchmark","reqId":"e5fb43e1-ff6a-4116-9784-3b3d1ce1cf53","service":"booking","bookingId":"BK-000185","customerId":"CUS-414101","hotelId":"HTL-003","component":"hotel","event":"no_rooms_available","hotelId":"HTL-003","msg":"No rooms available"}
{"level":50,"time":"2026-07-29T10:59:45.667Z","application":"booking-benchmark","reqId":"e5fb43e1-ff6a-4116-9784-3b3d1ce1cf53","event":"booking_failed","error":"No rooms available","msg":"Booking request failed"}
{"level":50,"time":"2026-07-29T10:59:45.667Z","application":"booking-benchmark","reqId":"e5fb43e1-ff6a-4116-9784-3b3d1ce1cf53","event":"booking_workflow_failed","msg":"Booking workflow failed"}
{"level":30,"time":"2026-07-29T10:59:45.668Z","application":"booking-benchmark","reqId":"e5fb43e1-ff6a-4116-9784-3b3d1ce1cf53","event":"http_request_completed","method":"POST","url":"/bookings","statusCode":409,"durationMs":1,"msg":"Request completed"}
{"level":30,"time":"2026-07-29T10:59:45.864Z","application":"booking-benchmark","reqId":"d0fd2171-6d3d-4aec-9d43-88ee20169af9","event":"http_request_started","method":"POST","url":"/bookings","msg":"Incoming request"}
{"level":30,"time":"2026-07-29T10:59:45.864Z","application":"booking-benchmark","reqId":"d0fd2171-6d3d-4aec-9d43-88ee20169af9","service":"booking","bookingId":"BK-000186","customerId":"CUS-805875","hotelId":"HTL-001","event":"booking_workflow_started","nights":1,"msg":"Booking workflow started"}
{"level":30,"time":"2026-07-29T10:59:45.864Z","application":"booking-benchmark","reqId":"d0fd2171-6d3d-4aec-9d43-88ee20169af9","service":"booking","bookingId":"BK-000186","customerId":"CUS-805875","hotelId":"HTL-001","component":"hotel","event":"availability_check_started","hotelId":"HTL-001","msg":"Checking hotel availability"}
{"level":40,"time":"2026-07-29T10:59:45.864Z","application":"booking-benchmark","reqId":"d0fd2171-6d3d-4aec-9d43-88ee20169af9","service":"booking","bookingId":"BK-000186","customerId":"CUS-805875","hotelId":"HTL-001","component":"hotel","event":"no_rooms_available","hotelId":"HTL-001","msg":"No rooms available"}
{"level":50,"time":"2026-07-29T10:59:45.864Z","application":"booking-benchmark","reqId":"d0fd2171-6d3d-4aec-9d43-88ee20169af9","event":"booking_failed","error":"No rooms available","msg":"Booking request failed"}
{"level":50,"time":"2026-07-29T10:59:45.864Z","application":"booking-benchmark","reqId":"d0fd2171-6d3d-4aec-9d43-88ee20169af9","event":"booking_workflow_failed","msg":"Booking workflow failed"}
{"level":30,"time":"2026-07-29T10:59:45.864Z","application":"booking-benchmark","reqId":"d0fd2171-6d3d-4aec-9d43-88ee20169af9","event":"http_request_completed","method":"POST","url":"/bookings","statusCode":409,"durationMs":0,"msg":"Request completed"}
{"level":30,"time":"2026-07-29T10:59:46.041Z","application":"booking-benchmark","reqId":"e601bcb6-21f1-4457-ae7d-01ed27e89708","event":"http_request_started","method":"POST","url":"/bookings","msg":"Incoming request"}
{"level":30,"time":"2026-07-29T10:59:46.041Z","application":"booking-benchmark","reqId":"e601bcb6-21f1-4457-ae7d-01ed27e89708","service":"booking","bookingId":"BK-000187","customerId":"CUS-259054","hotelId":"HTL-005","event":"booking_workflow_started","nights":7,"msg":"Booking workflow started"}
{"level":30,"time":"2026-07-29T10:59:46.041Z","application":"booking-benchmark","reqId":"e601bcb6-21f1-4457-ae7d-01ed27e89708","service":"booking","bookingId":"BK-000187","customerId":"CUS-259054","hotelId":"HTL-005","component":"hotel","event":"availability_check_started","hotelId":"HTL-005","msg":"Checking hotel availability"}
{"level":40,"time":"2026-07-29T10:59:46.041Z","application":"booking-benchmark","reqId":"e601bcb6-21f1-4457-ae7d-01ed27e89708","service":"booking","bookingId":"BK-000187","customerId":"CUS-259054","hotelId":"HTL-005","component":"hotel","event":"no_rooms_available","hotelId":"HTL-005","msg":"No rooms available"}
{"level":50,"time":"2026-07-29T10:59:46.041Z","application":"booking-benchmark","reqId":"e601bcb6-21f1-4457-ae7d-01ed27e89708","event":"booking_failed","error":"No rooms available","msg":"Booking request failed"}
{"level":50,"time":"2026-07-29T10:59:46.041Z","application":"booking-benchmark","reqId":"e601bcb6-21f1-4457-ae7d-01ed27e89708","event":"booking_workflow_failed","msg":"Booking workflow failed"}
{"level":30,"time":"2026-07-29T10:59:46.042Z","application":"booking-benchmark","reqId":"e601bcb6-21f1-4457-ae7d-01ed27e89708","event":"http_request_completed","method":"POST","url":"/bookings","statusCode":409,"durationMs":1,"msg":"Request completed"}
{"level":30,"time":"2026-07-29T10:59:46.188Z","application":"booking-benchmark","reqId":"29bc07d8-82a7-4e9c-a167-338a19f0d267","event":"http_request_started","method":"POST","url":"/bookings","msg":"Incoming request"}
{"level":30,"time":"2026-07-29T10:59:46.188Z","application":"booking-benchmark","reqId":"29bc07d8-82a7-4e9c-a167-338a19f0d267","service":"booking","bookingId":"BK-000188","customerId":"CUS-151142","hotelId":"HTL-003","event":"booking_workflow_started","nights":4,"msg":"Booking workflow started"}
{"level":30,"time":"2026-07-29T10:59:46.188Z","application":"booking-benchmark","reqId":"29bc07d8-82a7-4e9c-a167-338a19f0d267","service":"booking","bookingId":"BK-000188","customerId":"CUS-151142","hotelId":"HTL-003","component":"hotel","event":"availability_check_started","hotelId":"HTL-003","msg":"Checking hotel availability"}
{"level":40,"time":"2026-07-29T10:59:46.188Z","application":"booking-benchmark","reqId":"29bc07d8-82a7-4e9c-a167-338a19f0d267","service":"booking","bookingId":"BK-000188","customerId":"CUS-151142","hotelId":"HTL-003","component":"hotel","event":"no_rooms_available","hotelId":"HTL-003","msg":"No rooms available"}
{"level":50,"time":"2026-07-29T10:59:46.188Z","application":"booking-benchmark","reqId":"29bc07d8-82a7-4e9c-a167-338a19f0d267","event":"booking_failed","error":"No rooms available","msg":"Booking request failed"}
{"level":50,"time":"2026-07-29T10:59:46.189Z","application":"booking-benchmark","reqId":"29bc07d8-82a7-4e9c-a167-338a19f0d267","event":"booking_workflow_failed","msg":"Booking workflow failed"}
{"level":30,"time":"2026-07-29T10:59:46.189Z","application":"booking-benchmark","reqId":"29bc07d8-82a7-4e9c-a167-338a19f0d267","event":"http_request_completed","method":"POST","url":"/bookings","statusCode":409,"durationMs":1,"msg":"Request completed"}
{"level":30,"time":"2026-07-29T10:59:46.329Z","application":"booking-benchmark","reqId":"75c67218-7d95-4b61-875d-9888c3aea04f","event":"http_request_started","method":"POST","url":"/bookings","msg":"Incoming request"}
{"level":30,"time":"2026-07-29T10:59:46.329Z","application":"booking-benchmark","reqId":"75c67218-7d95-4b61-875d-9888c3aea04f","service":"booking","bookingId":"BK-000189","customerId":"CUS-900426","hotelId":"HTL-003","event":"booking_workflow_started","nights":5,"msg":"Booking workflow started"}
{"level":30,"time":"2026-07-29T10:59:46.329Z","application":"booking-benchmark","reqId":"75c67218-7d95-4b61-875d-9888c3aea04f","service":"booking","bookingId":"BK-000189","customerId":"CUS-900426","hotelId":"HTL-003","component":"hotel","event":"availability_check_started","hotelId":"HTL-003","msg":"Checking hotel availability"}
{"level":40,"time":"2026-07-29T10:59:46.329Z","application":"booking-benchmark","reqId":"75c67218-7d95-4b61-875d-9888c3aea04f","service":"booking","bookingId":"BK-000189","customerId":"CUS-900426","hotelId":"HTL-003","component":"hotel","event":"no_rooms_available","hotelId":"HTL-003","msg":"No rooms available"}
{"level":50,"time":"2026-07-29T10:59:46.330Z","application":"booking-benchmark","reqId":"75c67218-7d95-4b61-875d-9888c3aea04f","event":"booking_failed","error":"No rooms available","msg":"Booking request failed"}
{"level":50,"time":"2026-07-29T10:59:46.330Z","application":"booking-benchmark","reqId":"75c67218-7d95-4b61-875d-9888c3aea04f","event":"booking_workflow_failed","msg":"Booking workflow failed"}
{"level":30,"time":"2026-07-29T10:59:46.330Z","application":"booking-benchmark","reqId":"75c67218-7d95-4b61-875d-9888c3aea04f","event":"http_request_completed","method":"POST","url":"/bookings","statusCode":409,"durationMs":1,"msg":"Request completed"}
{"level":30,"time":"2026-07-29T10:59:46.496Z","application":"booking-benchmark","reqId":"95593651-e328-4f9f-b0cc-db339bb95f1b","event":"http_request_started","method":"POST","url":"/bookings","msg":"Incoming request"}
{"level":30,"time":"2026-07-29T10:59:46.496Z","application":"booking-benchmark","reqId":"95593651-e328-4f9f-b0cc-db339bb95f1b","service":"booking","bookingId":"BK-000190","customerId":"CUS-275682","hotelId":"HTL-004","event":"booking_workflow_started","nights":4,"msg":"Booking workflow started"}
{"level":30,"time":"2026-07-29T10:59:46.496Z","application":"booking-benchmark","reqId":"95593651-e328-4f9f-b0cc-db339bb95f1b","service":"booking","bookingId":"BK-000190","customerId":"CUS-275682","hotelId":"HTL-004","component":"hotel","event":"availability_check_started","hotelId":"HTL-004","msg":"Checking hotel availability"}
{"level":40,"time":"2026-07-29T10:59:46.497Z","application":"booking-benchmark","reqId":"95593651-e328-4f9f-b0cc-db339bb95f1b","service":"booking","bookingId":"BK-000190","customerId":"CUS-275682","hotelId":"HTL-004","component":"hotel","event":"no_rooms_available","hotelId":"HTL-004","msg":"No rooms available"}
{"level":50,"time":"2026-07-29T10:59:46.497Z","application":"booking-benchmark","reqId":"95593651-e328-4f9f-b0cc-db339bb95f1b","event":"booking_failed","error":"No rooms available","msg":"Booking request failed"}
{"level":50,"time":"2026-07-29T10:59:46.497Z","application":"booking-benchmark","reqId":"95593651-e328-4f9f-b0cc-db339bb95f1b","event":"booking_workflow_failed","msg":"Booking workflow failed"}
{"level":30,"time":"2026-07-29T10:59:46.497Z","application":"booking-benchmark","reqId":"95593651-e328-4f9f-b0cc-db339bb95f1b","event":"http_request_completed","method":"POST","url":"/bookings","statusCode":409,"durationMs":1,"msg":"Request completed"}
{"level":30,"time":"2026-07-29T10:59:46.575Z","application":"booking-benchmark","reqId":"6c91dcbe-21e3-4caa-8ecf-a05641f335a3","event":"http_request_started","method":"POST","url":"/scenario","msg":"Incoming request"}
{"level":40,"time":"2026-07-29T10:59:46.575Z","application":"booking-benchmark","reqId":"6c91dcbe-21e3-4caa-8ecf-a05641f335a3","event":"scenario_changed","previousScenario":"no_rooms_available","currentScenario":"normal","msg":"Scenario changed"}
{"level":30,"time":"2026-07-29T10:59:46.575Z","application":"booking-benchmark","reqId":"6c91dcbe-21e3-4caa-8ecf-a05641f335a3","event":"http_request_completed","method":"POST","url":"/scenario","statusCode":200,"durationMs":0,"msg":"Request completed"}
{"level":30,"time":"2026-07-29T10:59:47.584Z","application":"booking-benchmark","reqId":"5d88e9c0-0d7f-44c0-b4e5-b04f17aada8f","event":"http_request_started","method":"POST","url":"/bookings","msg":"Incoming request"}
{"level":30,"time":"2026-07-29T10:59:47.584Z","application":"booking-benchmark","reqId":"5d88e9c0-0d7f-44c0-b4e5-b04f17aada8f","service":"booking","bookingId":"BK-000191","customerId":"CUS-894840","hotelId":"HTL-003","event":"booking_workflow_started","nights":1,"msg":"Booking workflow started"}
{"level":30,"time":"2026-07-29T10:59:47.584Z","application":"booking-benchmark","reqId":"5d88e9c0-0d7f-44c0-b4e5-b04f17aada8f","service":"booking","bookingId":"BK-000191","customerId":"CUS-894840","hotelId":"HTL-003","component":"hotel","event":"availability_check_started","hotelId":"HTL-003","msg":"Checking hotel availability"}
{"level":30,"time":"2026-07-29T10:59:47.584Z","application":"booking-benchmark","reqId":"5d88e9c0-0d7f-44c0-b4e5-b04f17aada8f","service":"booking","bookingId":"BK-000191","customerId":"CUS-894840","hotelId":"HTL-003","component":"hotel","event":"availability_confirmed","hotelId":"HTL-003","availableRooms":12,"msg":"Hotel availability confirmed"}
{"level":30,"time":"2026-07-29T10:59:47.584Z","application":"booking-benchmark","reqId":"5d88e9c0-0d7f-44c0-b4e5-b04f17aada8f","service":"booking","bookingId":"BK-000191","customerId":"CUS-894840","hotelId":"HTL-003","event":"hotel_validated","msg":"Hotel availability validated"}
{"level":30,"time":"2026-07-29T10:59:47.584Z","application":"booking-benchmark","reqId":"5d88e9c0-0d7f-44c0-b4e5-b04f17aada8f","service":"booking","bookingId":"BK-000191","customerId":"CUS-894840","hotelId":"HTL-003","component":"payment","event":"payment_started","msg":"Authorizing payment"}
{"level":30,"time":"2026-07-29T10:59:47.584Z","application":"booking-benchmark","reqId":"5d88e9c0-0d7f-44c0-b4e5-b04f17aada8f","service":"booking","bookingId":"BK-000191","customerId":"CUS-894840","hotelId":"HTL-003","component":"payment","event":"payment_authorized","msg":"Payment authorized"}
{"level":30,"time":"2026-07-29T10:59:47.584Z","application":"booking-benchmark","reqId":"5d88e9c0-0d7f-44c0-b4e5-b04f17aada8f","service":"booking","bookingId":"BK-000191","customerId":"CUS-894840","hotelId":"HTL-003","event":"payment_completed","msg":"Payment completed"}
{"level":30,"time":"2026-07-29T10:59:47.584Z","application":"booking-benchmark","reqId":"5d88e9c0-0d7f-44c0-b4e5-b04f17aada8f","service":"booking","bookingId":"BK-000191","customerId":"CUS-894840","hotelId":"HTL-003","event":"booking_created","msg":"Booking created"}
{"level":30,"time":"2026-07-29T10:59:47.584Z","application":"booking-benchmark","reqId":"5d88e9c0-0d7f-44c0-b4e5-b04f17aada8f","service":"booking","bookingId":"BK-000191","customerId":"CUS-894840","hotelId":"HTL-003","component":"notification","event":"confirmation_sent","msg":"Booking confirmation sent"}
{"level":30,"time":"2026-07-29T10:59:47.584Z","application":"booking-benchmark","reqId":"5d88e9c0-0d7f-44c0-b4e5-b04f17aada8f","service":"booking","bookingId":"BK-000191","customerId":"CUS-894840","hotelId":"HTL-003","event":"booking_workflow_completed","msg":"Booking workflow completed"}
{"level":30,"time":"2026-07-29T10:59:47.585Z","application":"booking-benchmark","reqId":"5d88e9c0-0d7f-44c0-b4e5-b04f17aada8f","event":"http_request_completed","method":"POST","url":"/bookings","statusCode":201,"durationMs":1,"msg":"Request completed"}
{"level":30,"time":"2026-07-29T10:59:47.640Z","application":"booking-benchmark","reqId":"f7aabbae-4469-4eaf-9f00-ff031757bb52","event":"http_request_started","method":"POST","url":"/bookings","msg":"Incoming request"}
{"level":30,"time":"2026-07-29T10:59:47.641Z","application":"booking-benchmark","reqId":"f7aabbae-4469-4eaf-9f00-ff031757bb52","service":"booking","bookingId":"BK-000192","customerId":"CUS-147472","hotelId":"HTL-001","event":"booking_workflow_started","nights":2,"msg":"Booking workflow started"}
{"level":30,"time":"2026-07-29T10:59:47.641Z","application":"booking-benchmark","reqId":"f7aabbae-4469-4eaf-9f00-ff031757bb52","service":"booking","bookingId":"BK-000192","customerId":"CUS-147472","hotelId":"HTL-001","component":"hotel","event":"availability_check_started","hotelId":"HTL-001","msg":"Checking hotel availability"}
{"level":30,"time":"2026-07-29T10:59:47.641Z","application":"booking-benchmark","reqId":"f7aabbae-4469-4eaf-9f00-ff031757bb52","service":"booking","bookingId":"BK-000192","customerId":"CUS-147472","hotelId":"HTL-001","component":"hotel","event":"availability_confirmed","hotelId":"HTL-001","availableRooms":15,"msg":"Hotel availability confirmed"}
{"level":30,"time":"2026-07-29T10:59:47.641Z","application":"booking-benchmark","reqId":"f7aabbae-4469-4eaf-9f00-ff031757bb52","service":"booking","bookingId":"BK-000192","customerId":"CUS-147472","hotelId":"HTL-001","event":"hotel_validated","msg":"Hotel availability validated"}
{"level":30,"time":"2026-07-29T10:59:47.641Z","application":"booking-benchmark","reqId":"f7aabbae-4469-4eaf-9f00-ff031757bb52","service":"booking","bookingId":"BK-000192","customerId":"CUS-147472","hotelId":"HTL-001","component":"payment","event":"payment_started","msg":"Authorizing payment"}
{"level":30,"time":"2026-07-29T10:59:47.641Z","application":"booking-benchmark","reqId":"f7aabbae-4469-4eaf-9f00-ff031757bb52","service":"booking","bookingId":"BK-000192","customerId":"CUS-147472","hotelId":"HTL-001","component":"payment","event":"payment_authorized","msg":"Payment authorized"}
{"level":30,"time":"2026-07-29T10:59:47.641Z","application":"booking-benchmark","reqId":"f7aabbae-4469-4eaf-9f00-ff031757bb52","service":"booking","bookingId":"BK-000192","customerId":"CUS-147472","hotelId":"HTL-001","event":"payment_completed","msg":"Payment completed"}
{"level":30,"time":"2026-07-29T10:59:47.641Z","application":"booking-benchmark","reqId":"f7aabbae-4469-4eaf-9f00-ff031757bb52","service":"booking","bookingId":"BK-000192","customerId":"CUS-147472","hotelId":"HTL-001","event":"booking_created","msg":"Booking created"}
{"level":30,"time":"2026-07-29T10:59:47.641Z","application":"booking-benchmark","reqId":"f7aabbae-4469-4eaf-9f00-ff031757bb52","service":"booking","bookingId":"BK-000192","customerId":"CUS-147472","hotelId":"HTL-001","component":"notification","event":"confirmation_sent","msg":"Booking confirmation sent"}
{"level":30,"time":"2026-07-29T10:59:47.641Z","application":"booking-benchmark","reqId":"f7aabbae-4469-4eaf-9f00-ff031757bb52","service":"booking","bookingId":"BK-000192","customerId":"CUS-147472","hotelId":"HTL-001","event":"booking_workflow_completed","msg":"Booking workflow completed"}
{"level":30,"time":"2026-07-29T10:59:47.641Z","application":"booking-benchmark","reqId":"f7aabbae-4469-4eaf-9f00-ff031757bb52","event":"http_request_completed","method":"POST","url":"/bookings","statusCode":201,"durationMs":1,"msg":"Request completed"}
{"level":30,"time":"2026-07-29T10:59:47.795Z","application":"booking-benchmark","reqId":"40930dd6-7686-4fbe-a559-ec26f8f7fd22","event":"http_request_started","method":"POST","url":"/bookings","msg":"Incoming request"}
{"level":30,"time":"2026-07-29T10:59:47.795Z","application":"booking-benchmark","reqId":"40930dd6-7686-4fbe-a559-ec26f8f7fd22","service":"booking","bookingId":"BK-000193","customerId":"CUS-953289","hotelId":"HTL-001","event":"booking_workflow_started","nights":4,"msg":"Booking workflow started"}
{"level":30,"time":"2026-07-29T10:59:47.795Z","application":"booking-benchmark","reqId":"40930dd6-7686-4fbe-a559-ec26f8f7fd22","service":"booking","bookingId":"BK-000193","customerId":"CUS-953289","hotelId":"HTL-001","component":"hotel","event":"availability_check_started","hotelId":"HTL-001","msg":"Checking hotel availability"}
{"level":30,"time":"2026-07-29T10:59:47.795Z","application":"booking-benchmark","reqId":"40930dd6-7686-4fbe-a559-ec26f8f7fd22","service":"booking","bookingId":"BK-000193","customerId":"CUS-953289","hotelId":"HTL-001","component":"hotel","event":"availability_confirmed","hotelId":"HTL-001","availableRooms":15,"msg":"Hotel availability confirmed"}
{"level":30,"time":"2026-07-29T10:59:47.795Z","application":"booking-benchmark","reqId":"40930dd6-7686-4fbe-a559-ec26f8f7fd22","service":"booking","bookingId":"BK-000193","customerId":"CUS-953289","hotelId":"HTL-001","event":"hotel_validated","msg":"Hotel availability validated"}
{"level":30,"time":"2026-07-29T10:59:47.795Z","application":"booking-benchmark","reqId":"40930dd6-7686-4fbe-a559-ec26f8f7fd22","service":"booking","bookingId":"BK-000193","customerId":"CUS-953289","hotelId":"HTL-001","component":"payment","event":"payment_started","msg":"Authorizing payment"}
{"level":30,"time":"2026-07-29T10:59:47.795Z","application":"booking-benchmark","reqId":"40930dd6-7686-4fbe-a559-ec26f8f7fd22","service":"booking","bookingId":"BK-000193","customerId":"CUS-953289","hotelId":"HTL-001","component":"payment","event":"payment_authorized","msg":"Payment authorized"}
{"level":30,"time":"2026-07-29T10:59:47.795Z","application":"booking-benchmark","reqId":"40930dd6-7686-4fbe-a559-ec26f8f7fd22","service":"booking","bookingId":"BK-000193","customerId":"CUS-953289","hotelId":"HTL-001","event":"payment_completed","msg":"Payment completed"}
{"level":30,"time":"2026-07-29T10:59:47.795Z","application":"booking-benchmark","reqId":"40930dd6-7686-4fbe-a559-ec26f8f7fd22","service":"booking","bookingId":"BK-000193","customerId":"CUS-953289","hotelId":"HTL-001","event":"booking_created","msg":"Booking created"}
{"level":30,"time":"2026-07-29T10:59:47.795Z","application":"booking-benchmark","reqId":"40930dd6-7686-4fbe-a559-ec26f8f7fd22","service":"booking","bookingId":"BK-000193","customerId":"CUS-953289","hotelId":"HTL-001","component":"notification","event":"confirmation_sent","msg":"Booking confirmation sent"}
{"level":30,"time":"2026-07-29T10:59:47.795Z","application":"booking-benchmark","reqId":"40930dd6-7686-4fbe-a559-ec26f8f7fd22","service":"booking","bookingId":"BK-000193","customerId":"CUS-953289","hotelId":"HTL-001","event":"booking_workflow_completed","msg":"Booking workflow completed"}
{"level":30,"time":"2026-07-29T10:59:47.796Z","application":"booking-benchmark","reqId":"40930dd6-7686-4fbe-a559-ec26f8f7fd22","event":"http_request_completed","method":"POST","url":"/bookings","statusCode":201,"durationMs":1,"msg":"Request completed"}
{"level":30,"time":"2026-07-29T10:59:48.001Z","application":"booking-benchmark","reqId":"ce996e2f-40d9-4f52-944d-acfe98af4a92","event":"http_request_started","method":"POST","url":"/bookings","msg":"Incoming request"}
{"level":30,"time":"2026-07-29T10:59:48.001Z","application":"booking-benchmark","reqId":"ce996e2f-40d9-4f52-944d-acfe98af4a92","service":"booking","bookingId":"BK-000194","customerId":"CUS-093525","hotelId":"HTL-002","event":"booking_workflow_started","nights":3,"msg":"Booking workflow started"}
{"level":30,"time":"2026-07-29T10:59:48.001Z","application":"booking-benchmark","reqId":"ce996e2f-40d9-4f52-944d-acfe98af4a92","service":"booking","bookingId":"BK-000194","customerId":"CUS-093525","hotelId":"HTL-002","component":"hotel","event":"availability_check_started","hotelId":"HTL-002","msg":"Checking hotel availability"}
{"level":30,"time":"2026-07-29T10:59:48.001Z","application":"booking-benchmark","reqId":"ce996e2f-40d9-4f52-944d-acfe98af4a92","service":"booking","bookingId":"BK-000194","customerId":"CUS-093525","hotelId":"HTL-002","component":"hotel","event":"availability_confirmed","hotelId":"HTL-002","availableRooms":8,"msg":"Hotel availability confirmed"}
{"level":30,"time":"2026-07-29T10:59:48.001Z","application":"booking-benchmark","reqId":"ce996e2f-40d9-4f52-944d-acfe98af4a92","service":"booking","bookingId":"BK-000194","customerId":"CUS-093525","hotelId":"HTL-002","event":"hotel_validated","msg":"Hotel availability validated"}
{"level":30,"time":"2026-07-29T10:59:48.001Z","application":"booking-benchmark","reqId":"ce996e2f-40d9-4f52-944d-acfe98af4a92","service":"booking","bookingId":"BK-000194","customerId":"CUS-093525","hotelId":"HTL-002","component":"payment","event":"payment_started","msg":"Authorizing payment"}
{"level":30,"time":"2026-07-29T10:59:48.001Z","application":"booking-benchmark","reqId":"ce996e2f-40d9-4f52-944d-acfe98af4a92","service":"booking","bookingId":"BK-000194","customerId":"CUS-093525","hotelId":"HTL-002","component":"payment","event":"payment_authorized","msg":"Payment authorized"}
{"level":30,"time":"2026-07-29T10:59:48.001Z","application":"booking-benchmark","reqId":"ce996e2f-40d9-4f52-944d-acfe98af4a92","service":"booking","bookingId":"BK-000194","customerId":"CUS-093525","hotelId":"HTL-002","event":"payment_completed","msg":"Payment completed"}
{"level":30,"time":"2026-07-29T10:59:48.001Z","application":"booking-benchmark","reqId":"ce996e2f-40d9-4f52-944d-acfe98af4a92","service":"booking","bookingId":"BK-000194","customerId":"CUS-093525","hotelId":"HTL-002","event":"booking_created","msg":"Booking created"}
{"level":30,"time":"2026-07-29T10:59:48.001Z","application":"booking-benchmark","reqId":"ce996e2f-40d9-4f52-944d-acfe98af4a92","service":"booking","bookingId":"BK-000194","customerId":"CUS-093525","hotelId":"HTL-002","component":"notification","event":"confirmation_sent","msg":"Booking confirmation sent"}
{"level":30,"time":"2026-07-29T10:59:48.001Z","application":"booking-benchmark","reqId":"ce996e2f-40d9-4f52-944d-acfe98af4a92","service":"booking","bookingId":"BK-000194","customerId":"CUS-093525","hotelId":"HTL-002","event":"booking_workflow_completed","msg":"Booking workflow completed"}
{"level":30,"time":"2026-07-29T10:59:48.001Z","application":"booking-benchmark","reqId":"ce996e2f-40d9-4f52-944d-acfe98af4a92","event":"http_request_completed","method":"POST","url":"/bookings","statusCode":201,"durationMs":0,"msg":"Request completed"}
{"level":30,"time":"2026-07-29T10:59:48.142Z","application":"booking-benchmark","reqId":"18aad864-76f8-4be9-bc0e-43dc3a51ac53","event":"http_request_started","method":"POST","url":"/bookings","msg":"Incoming request"}
{"level":30,"time":"2026-07-29T10:59:48.142Z","application":"booking-benchmark","reqId":"18aad864-76f8-4be9-bc0e-43dc3a51ac53","service":"booking","bookingId":"BK-000195","customerId":"CUS-531048","hotelId":"HTL-005","event":"booking_workflow_started","nights":2,"msg":"Booking workflow started"}
{"level":30,"time":"2026-07-29T10:59:48.142Z","application":"booking-benchmark","reqId":"18aad864-76f8-4be9-bc0e-43dc3a51ac53","service":"booking","bookingId":"BK-000195","customerId":"CUS-531048","hotelId":"HTL-005","component":"hotel","event":"availability_check_started","hotelId":"HTL-005","msg":"Checking hotel availability"}
{"level":30,"time":"2026-07-29T10:59:48.142Z","application":"booking-benchmark","reqId":"18aad864-76f8-4be9-bc0e-43dc3a51ac53","service":"booking","bookingId":"BK-000195","customerId":"CUS-531048","hotelId":"HTL-005","component":"hotel","event":"availability_confirmed","hotelId":"HTL-005","availableRooms":10,"msg":"Hotel availability confirmed"}
{"level":30,"time":"2026-07-29T10:59:48.142Z","application":"booking-benchmark","reqId":"18aad864-76f8-4be9-bc0e-43dc3a51ac53","service":"booking","bookingId":"BK-000195","customerId":"CUS-531048","hotelId":"HTL-005","event":"hotel_validated","msg":"Hotel availability validated"}
{"level":30,"time":"2026-07-29T10:59:48.142Z","application":"booking-benchmark","reqId":"18aad864-76f8-4be9-bc0e-43dc3a51ac53","service":"booking","bookingId":"BK-000195","customerId":"CUS-531048","hotelId":"HTL-005","component":"payment","event":"payment_started","msg":"Authorizing payment"}
{"level":30,"time":"2026-07-29T10:59:48.142Z","application":"booking-benchmark","reqId":"18aad864-76f8-4be9-bc0e-43dc3a51ac53","service":"booking","bookingId":"BK-000195","customerId":"CUS-531048","hotelId":"HTL-005","component":"payment","event":"payment_authorized","msg":"Payment authorized"}
{"level":30,"time":"2026-07-29T10:59:48.142Z","application":"booking-benchmark","reqId":"18aad864-76f8-4be9-bc0e-43dc3a51ac53","service":"booking","bookingId":"BK-000195","customerId":"CUS-531048","hotelId":"HTL-005","event":"payment_completed","msg":"Payment completed"}
{"level":30,"time":"2026-07-29T10:59:48.142Z","application":"booking-benchmark","reqId":"18aad864-76f8-4be9-bc0e-43dc3a51ac53","service":"booking","bookingId":"BK-000195","customerId":"CUS-531048","hotelId":"HTL-005","event":"booking_created","msg":"Booking created"}
{"level":30,"time":"2026-07-29T10:59:48.142Z","application":"booking-benchmark","reqId":"18aad864-76f8-4be9-bc0e-43dc3a51ac53","service":"booking","bookingId":"BK-000195","customerId":"CUS-531048","hotelId":"HTL-005","component":"notification","event":"confirmation_sent","msg":"Booking confirmation sent"}
{"level":30,"time":"2026-07-29T10:59:48.142Z","application":"booking-benchmark","reqId":"18aad864-76f8-4be9-bc0e-43dc3a51ac53","service":"booking","bookingId":"BK-000195","customerId":"CUS-531048","hotelId":"HTL-005","event":"booking_workflow_completed","msg":"Booking workflow completed"}
{"level":30,"time":"2026-07-29T10:59:48.143Z","application":"booking-benchmark","reqId":"18aad864-76f8-4be9-bc0e-43dc3a51ac53","event":"http_request_completed","method":"POST","url":"/bookings","statusCode":201,"durationMs":1,"msg":"Request completed"}
{"level":30,"time":"2026-07-29T10:59:48.347Z","application":"booking-benchmark","reqId":"3553ebb0-c536-4634-992f-b53f677c06f5","event":"http_request_started","method":"POST","url":"/bookings","msg":"Incoming request"}
{"level":30,"time":"2026-07-29T10:59:48.347Z","application":"booking-benchmark","reqId":"3553ebb0-c536-4634-992f-b53f677c06f5","service":"booking","bookingId":"BK-000196","customerId":"CUS-390864","hotelId":"HTL-004","event":"booking_workflow_started","nights":4,"msg":"Booking workflow started"}
{"level":30,"time":"2026-07-29T10:59:48.347Z","application":"booking-benchmark","reqId":"3553ebb0-c536-4634-992f-b53f677c06f5","service":"booking","bookingId":"BK-000196","customerId":"CUS-390864","hotelId":"HTL-004","component":"hotel","event":"availability_check_started","hotelId":"HTL-004","msg":"Checking hotel availability"}
{"level":30,"time":"2026-07-29T10:59:48.347Z","application":"booking-benchmark","reqId":"3553ebb0-c536-4634-992f-b53f677c06f5","service":"booking","bookingId":"BK-000196","customerId":"CUS-390864","hotelId":"HTL-004","component":"hotel","event":"availability_confirmed","hotelId":"HTL-004","availableRooms":20,"msg":"Hotel availability confirmed"}
{"level":30,"time":"2026-07-29T10:59:48.347Z","application":"booking-benchmark","reqId":"3553ebb0-c536-4634-992f-b53f677c06f5","service":"booking","bookingId":"BK-000196","customerId":"CUS-390864","hotelId":"HTL-004","event":"hotel_validated","msg":"Hotel availability validated"}
{"level":30,"time":"2026-07-29T10:59:48.347Z","application":"booking-benchmark","reqId":"3553ebb0-c536-4634-992f-b53f677c06f5","service":"booking","bookingId":"BK-000196","customerId":"CUS-390864","hotelId":"HTL-004","component":"payment","event":"payment_started","msg":"Authorizing payment"}
{"level":30,"time":"2026-07-29T10:59:48.347Z","application":"booking-benchmark","reqId":"3553ebb0-c536-4634-992f-b53f677c06f5","service":"booking","bookingId":"BK-000196","customerId":"CUS-390864","hotelId":"HTL-004","component":"payment","event":"payment_authorized","msg":"Payment authorized"}
{"level":30,"time":"2026-07-29T10:59:48.347Z","application":"booking-benchmark","reqId":"3553ebb0-c536-4634-992f-b53f677c06f5","service":"booking","bookingId":"BK-000196","customerId":"CUS-390864","hotelId":"HTL-004","event":"payment_completed","msg":"Payment completed"}
{"level":30,"time":"2026-07-29T10:59:48.347Z","application":"booking-benchmark","reqId":"3553ebb0-c536-4634-992f-b53f677c06f5","service":"booking","bookingId":"BK-000196","customerId":"CUS-390864","hotelId":"HTL-004","event":"booking_created","msg":"Booking created"}
{"level":30,"time":"2026-07-29T10:59:48.347Z","application":"booking-benchmark","reqId":"3553ebb0-c536-4634-992f-b53f677c06f5","service":"booking","bookingId":"BK-000196","customerId":"CUS-390864","hotelId":"HTL-004","component":"notification","event":"confirmation_sent","msg":"Booking confirmation sent"}
{"level":30,"time":"2026-07-29T10:59:48.347Z","application":"booking-benchmark","reqId":"3553ebb0-c536-4634-992f-b53f677c06f5","service":"booking","bookingId":"BK-000196","customerId":"CUS-390864","hotelId":"HTL-004","event":"booking_workflow_completed","msg":"Booking workflow completed"}
{"level":30,"time":"2026-07-29T10:59:48.348Z","application":"booking-benchmark","reqId":"3553ebb0-c536-4634-992f-b53f677c06f5","event":"http_request_completed","method":"POST","url":"/bookings","statusCode":201,"durationMs":1,"msg":"Request completed"}
{"level":30,"time":"2026-07-29T10:59:48.455Z","application":"booking-benchmark","reqId":"d88b8ad1-d69d-4596-a5ff-2944b75c965c","event":"http_request_started","method":"POST","url":"/bookings","msg":"Incoming request"}
{"level":30,"time":"2026-07-29T10:59:48.456Z","application":"booking-benchmark","reqId":"d88b8ad1-d69d-4596-a5ff-2944b75c965c","service":"booking","bookingId":"BK-000197","customerId":"CUS-194916","hotelId":"HTL-005","event":"booking_workflow_started","nights":3,"msg":"Booking workflow started"}
{"level":30,"time":"2026-07-29T10:59:48.456Z","application":"booking-benchmark","reqId":"d88b8ad1-d69d-4596-a5ff-2944b75c965c","service":"booking","bookingId":"BK-000197","customerId":"CUS-194916","hotelId":"HTL-005","component":"hotel","event":"availability_check_started","hotelId":"HTL-005","msg":"Checking hotel availability"}
{"level":30,"time":"2026-07-29T10:59:48.456Z","application":"booking-benchmark","reqId":"d88b8ad1-d69d-4596-a5ff-2944b75c965c","service":"booking","bookingId":"BK-000197","customerId":"CUS-194916","hotelId":"HTL-005","component":"hotel","event":"availability_confirmed","hotelId":"HTL-005","availableRooms":10,"msg":"Hotel availability confirmed"}
{"level":30,"time":"2026-07-29T10:59:48.456Z","application":"booking-benchmark","reqId":"d88b8ad1-d69d-4596-a5ff-2944b75c965c","service":"booking","bookingId":"BK-000197","customerId":"CUS-194916","hotelId":"HTL-005","event":"hotel_validated","msg":"Hotel availability validated"}
{"level":30,"time":"2026-07-29T10:59:48.456Z","application":"booking-benchmark","reqId":"d88b8ad1-d69d-4596-a5ff-2944b75c965c","service":"booking","bookingId":"BK-000197","customerId":"CUS-194916","hotelId":"HTL-005","component":"payment","event":"payment_started","msg":"Authorizing payment"}
{"level":30,"time":"2026-07-29T10:59:48.456Z","application":"booking-benchmark","reqId":"d88b8ad1-d69d-4596-a5ff-2944b75c965c","service":"booking","bookingId":"BK-000197","customerId":"CUS-194916","hotelId":"HTL-005","component":"payment","event":"payment_authorized","msg":"Payment authorized"}
{"level":30,"time":"2026-07-29T10:59:48.456Z","application":"booking-benchmark","reqId":"d88b8ad1-d69d-4596-a5ff-2944b75c965c","service":"booking","bookingId":"BK-000197","customerId":"CUS-194916","hotelId":"HTL-005","event":"payment_completed","msg":"Payment completed"}
{"level":30,"time":"2026-07-29T10:59:48.456Z","application":"booking-benchmark","reqId":"d88b8ad1-d69d-4596-a5ff-2944b75c965c","service":"booking","bookingId":"BK-000197","customerId":"CUS-194916","hotelId":"HTL-005","event":"booking_created","msg":"Booking created"}
{"level":30,"time":"2026-07-29T10:59:48.456Z","application":"booking-benchmark","reqId":"d88b8ad1-d69d-4596-a5ff-2944b75c965c","service":"booking","bookingId":"BK-000197","customerId":"CUS-194916","hotelId":"HTL-005","component":"notification","event":"confirmation_sent","msg":"Booking confirmation sent"}
{"level":30,"time":"2026-07-29T10:59:48.456Z","application":"booking-benchmark","reqId":"d88b8ad1-d69d-4596-a5ff-2944b75c965c","service":"booking","bookingId":"BK-000197","customerId":"CUS-194916","hotelId":"HTL-005","event":"booking_workflow_completed","msg":"Booking workflow completed"}
{"level":30,"time":"2026-07-29T10:59:48.456Z","application":"booking-benchmark","reqId":"d88b8ad1-d69d-4596-a5ff-2944b75c965c","event":"http_request_completed","method":"POST","url":"/bookings","statusCode":201,"durationMs":1,"msg":"Request completed"}
{"level":30,"time":"2026-07-29T10:59:48.555Z","application":"booking-benchmark","reqId":"33af2fa5-712b-485a-bc5a-db5036723006","event":"http_request_started","method":"POST","url":"/bookings","msg":"Incoming request"}
{"level":30,"time":"2026-07-29T10:59:48.555Z","application":"booking-benchmark","reqId":"33af2fa5-712b-485a-bc5a-db5036723006","service":"booking","bookingId":"BK-000198","customerId":"CUS-643562","hotelId":"HTL-001","event":"booking_workflow_started","nights":6,"msg":"Booking workflow started"}
{"level":30,"time":"2026-07-29T10:59:48.555Z","application":"booking-benchmark","reqId":"33af2fa5-712b-485a-bc5a-db5036723006","service":"booking","bookingId":"BK-000198","customerId":"CUS-643562","hotelId":"HTL-001","component":"hotel","event":"availability_check_started","hotelId":"HTL-001","msg":"Checking hotel availability"}
{"level":30,"time":"2026-07-29T10:59:48.555Z","application":"booking-benchmark","reqId":"33af2fa5-712b-485a-bc5a-db5036723006","service":"booking","bookingId":"BK-000198","customerId":"CUS-643562","hotelId":"HTL-001","component":"hotel","event":"availability_confirmed","hotelId":"HTL-001","availableRooms":15,"msg":"Hotel availability confirmed"}
{"level":30,"time":"2026-07-29T10:59:48.555Z","application":"booking-benchmark","reqId":"33af2fa5-712b-485a-bc5a-db5036723006","service":"booking","bookingId":"BK-000198","customerId":"CUS-643562","hotelId":"HTL-001","event":"hotel_validated","msg":"Hotel availability validated"}
{"level":30,"time":"2026-07-29T10:59:48.556Z","application":"booking-benchmark","reqId":"33af2fa5-712b-485a-bc5a-db5036723006","service":"booking","bookingId":"BK-000198","customerId":"CUS-643562","hotelId":"HTL-001","component":"payment","event":"payment_started","msg":"Authorizing payment"}
{"level":30,"time":"2026-07-29T10:59:48.556Z","application":"booking-benchmark","reqId":"33af2fa5-712b-485a-bc5a-db5036723006","service":"booking","bookingId":"BK-000198","customerId":"CUS-643562","hotelId":"HTL-001","component":"payment","event":"payment_authorized","msg":"Payment authorized"}
{"level":30,"time":"2026-07-29T10:59:48.556Z","application":"booking-benchmark","reqId":"33af2fa5-712b-485a-bc5a-db5036723006","service":"booking","bookingId":"BK-000198","customerId":"CUS-643562","hotelId":"HTL-001","event":"payment_completed","msg":"Payment completed"}
{"level":30,"time":"2026-07-29T10:59:48.556Z","application":"booking-benchmark","reqId":"33af2fa5-712b-485a-bc5a-db5036723006","service":"booking","bookingId":"BK-000198","customerId":"CUS-643562","hotelId":"HTL-001","event":"booking_created","msg":"Booking created"}
{"level":30,"time":"2026-07-29T10:59:48.556Z","application":"booking-benchmark","reqId":"33af2fa5-712b-485a-bc5a-db5036723006","service":"booking","bookingId":"BK-000198","customerId":"CUS-643562","hotelId":"HTL-001","component":"notification","event":"confirmation_sent","msg":"Booking confirmation sent"}
{"level":30,"time":"2026-07-29T10:59:48.556Z","application":"booking-benchmark","reqId":"33af2fa5-712b-485a-bc5a-db5036723006","service":"booking","bookingId":"BK-000198","customerId":"CUS-643562","hotelId":"HTL-001","event":"booking_workflow_completed","msg":"Booking workflow completed"}
{"level":30,"time":"2026-07-29T10:59:48.556Z","application":"booking-benchmark","reqId":"33af2fa5-712b-485a-bc5a-db5036723006","event":"http_request_completed","method":"POST","url":"/bookings","statusCode":201,"durationMs":1,"msg":"Request completed"}
{"level":30,"time":"2026-07-29T10:59:48.693Z","application":"booking-benchmark","reqId":"d6c60208-edd9-4ac0-8f08-8206473b093d","event":"http_request_started","method":"POST","url":"/bookings","msg":"Incoming request"}
{"level":30,"time":"2026-07-29T10:59:48.693Z","application":"booking-benchmark","reqId":"d6c60208-edd9-4ac0-8f08-8206473b093d","service":"booking","bookingId":"BK-000199","customerId":"CUS-859746","hotelId":"HTL-003","event":"booking_workflow_started","nights":4,"msg":"Booking workflow started"}
{"level":30,"time":"2026-07-29T10:59:48.693Z","application":"booking-benchmark","reqId":"d6c60208-edd9-4ac0-8f08-8206473b093d","service":"booking","bookingId":"BK-000199","customerId":"CUS-859746","hotelId":"HTL-003","component":"hotel","event":"availability_check_started","hotelId":"HTL-003","msg":"Checking hotel availability"}
{"level":30,"time":"2026-07-29T10:59:48.693Z","application":"booking-benchmark","reqId":"d6c60208-edd9-4ac0-8f08-8206473b093d","service":"booking","bookingId":"BK-000199","customerId":"CUS-859746","hotelId":"HTL-003","component":"hotel","event":"availability_confirmed","hotelId":"HTL-003","availableRooms":12,"msg":"Hotel availability confirmed"}
{"level":30,"time":"2026-07-29T10:59:48.693Z","application":"booking-benchmark","reqId":"d6c60208-edd9-4ac0-8f08-8206473b093d","service":"booking","bookingId":"BK-000199","customerId":"CUS-859746","hotelId":"HTL-003","event":"hotel_validated","msg":"Hotel availability validated"}
{"level":30,"time":"2026-07-29T10:59:48.693Z","application":"booking-benchmark","reqId":"d6c60208-edd9-4ac0-8f08-8206473b093d","service":"booking","bookingId":"BK-000199","customerId":"CUS-859746","hotelId":"HTL-003","component":"payment","event":"payment_started","msg":"Authorizing payment"}
{"level":30,"time":"2026-07-29T10:59:48.693Z","application":"booking-benchmark","reqId":"d6c60208-edd9-4ac0-8f08-8206473b093d","service":"booking","bookingId":"BK-000199","customerId":"CUS-859746","hotelId":"HTL-003","component":"payment","event":"payment_authorized","msg":"Payment authorized"}
{"level":30,"time":"2026-07-29T10:59:48.693Z","application":"booking-benchmark","reqId":"d6c60208-edd9-4ac0-8f08-8206473b093d","service":"booking","bookingId":"BK-000199","customerId":"CUS-859746","hotelId":"HTL-003","event":"payment_completed","msg":"Payment completed"}
{"level":30,"time":"2026-07-29T10:59:48.693Z","application":"booking-benchmark","reqId":"d6c60208-edd9-4ac0-8f08-8206473b093d","service":"booking","bookingId":"BK-000199","customerId":"CUS-859746","hotelId":"HTL-003","event":"booking_created","msg":"Booking created"}
{"level":30,"time":"2026-07-29T10:59:48.693Z","application":"booking-benchmark","reqId":"d6c60208-edd9-4ac0-8f08-8206473b093d","service":"booking","bookingId":"BK-000199","customerId":"CUS-859746","hotelId":"HTL-003","component":"notification","event":"confirmation_sent","msg":"Booking confirmation sent"}
{"level":30,"time":"2026-07-29T10:59:48.693Z","application":"booking-benchmark","reqId":"d6c60208-edd9-4ac0-8f08-8206473b093d","service":"booking","bookingId":"BK-000199","customerId":"CUS-859746","hotelId":"HTL-003","event":"booking_workflow_completed","msg":"Booking workflow completed"}
{"level":30,"time":"2026-07-29T10:59:48.694Z","application":"booking-benchmark","reqId":"d6c60208-edd9-4ac0-8f08-8206473b093d","event":"http_request_completed","method":"POST","url":"/bookings","statusCode":201,"durationMs":1,"msg":"Request completed"}
{"level":30,"time":"2026-07-29T10:59:48.757Z","application":"booking-benchmark","reqId":"8950aa7f-df02-435b-b9e7-d03179fef74a","event":"http_request_started","method":"POST","url":"/bookings","msg":"Incoming request"}
{"level":30,"time":"2026-07-29T10:59:48.757Z","application":"booking-benchmark","reqId":"8950aa7f-df02-435b-b9e7-d03179fef74a","service":"booking","bookingId":"BK-000200","customerId":"CUS-083494","hotelId":"HTL-003","event":"booking_workflow_started","nights":3,"msg":"Booking workflow started"}
{"level":30,"time":"2026-07-29T10:59:48.758Z","application":"booking-benchmark","reqId":"8950aa7f-df02-435b-b9e7-d03179fef74a","service":"booking","bookingId":"BK-000200","customerId":"CUS-083494","hotelId":"HTL-003","component":"hotel","event":"availability_check_started","hotelId":"HTL-003","msg":"Checking hotel availability"}
{"level":30,"time":"2026-07-29T10:59:48.758Z","application":"booking-benchmark","reqId":"8950aa7f-df02-435b-b9e7-d03179fef74a","service":"booking","bookingId":"BK-000200","customerId":"CUS-083494","hotelId":"HTL-003","component":"hotel","event":"availability_confirmed","hotelId":"HTL-003","availableRooms":12,"msg":"Hotel availability confirmed"}
{"level":30,"time":"2026-07-29T10:59:48.758Z","application":"booking-benchmark","reqId":"8950aa7f-df02-435b-b9e7-d03179fef74a","service":"booking","bookingId":"BK-000200","customerId":"CUS-083494","hotelId":"HTL-003","event":"hotel_validated","msg":"Hotel availability validated"}
{"level":30,"time":"2026-07-29T10:59:48.758Z","application":"booking-benchmark","reqId":"8950aa7f-df02-435b-b9e7-d03179fef74a","service":"booking","bookingId":"BK-000200","customerId":"CUS-083494","hotelId":"HTL-003","component":"payment","event":"payment_started","msg":"Authorizing payment"}
{"level":30,"time":"2026-07-29T10:59:48.758Z","application":"booking-benchmark","reqId":"8950aa7f-df02-435b-b9e7-d03179fef74a","service":"booking","bookingId":"BK-000200","customerId":"CUS-083494","hotelId":"HTL-003","component":"payment","event":"payment_authorized","msg":"Payment authorized"}
{"level":30,"time":"2026-07-29T10:59:48.758Z","application":"booking-benchmark","reqId":"8950aa7f-df02-435b-b9e7-d03179fef74a","service":"booking","bookingId":"BK-000200","customerId":"CUS-083494","hotelId":"HTL-003","event":"payment_completed","msg":"Payment completed"}
{"level":30,"time":"2026-07-29T10:59:48.758Z","application":"booking-benchmark","reqId":"8950aa7f-df02-435b-b9e7-d03179fef74a","service":"booking","bookingId":"BK-000200","customerId":"CUS-083494","hotelId":"HTL-003","event":"booking_created","msg":"Booking created"}
{"level":30,"time":"2026-07-29T10:59:48.758Z","application":"booking-benchmark","reqId":"8950aa7f-df02-435b-b9e7-d03179fef74a","service":"booking","bookingId":"BK-000200","customerId":"CUS-083494","hotelId":"HTL-003","component":"notification","event":"confirmation_sent","msg":"Booking confirmation sent"}
{"level":30,"time":"2026-07-29T10:59:48.758Z","application":"booking-benchmark","reqId":"8950aa7f-df02-435b-b9e7-d03179fef74a","service":"booking","bookingId":"BK-000200","customerId":"CUS-083494","hotelId":"HTL-003","event":"booking_workflow_completed","msg":"Booking workflow completed"}
{"level":30,"time":"2026-07-29T10:59:48.758Z","application":"booking-benchmark","reqId":"8950aa7f-df02-435b-b9e7-d03179fef74a","event":"http_request_completed","method":"POST","url":"/bookings","statusCode":201,"durationMs":1,"msg":"Request completed"}
{"level":30,"time":"2026-07-29T10:59:48.839Z","application":"booking-benchmark","reqId":"eafdceb7-f2d9-489b-9c88-2c6eeb2ef300","event":"http_request_started","method":"POST","url":"/bookings","msg":"Incoming request"}
{"level":30,"time":"2026-07-29T10:59:48.839Z","application":"booking-benchmark","reqId":"eafdceb7-f2d9-489b-9c88-2c6eeb2ef300","service":"booking","bookingId":"BK-000201","customerId":"CUS-273688","hotelId":"HTL-002","event":"booking_workflow_started","nights":7,"msg":"Booking workflow started"}
{"level":30,"time":"2026-07-29T10:59:48.839Z","application":"booking-benchmark","reqId":"eafdceb7-f2d9-489b-9c88-2c6eeb2ef300","service":"booking","bookingId":"BK-000201","customerId":"CUS-273688","hotelId":"HTL-002","component":"hotel","event":"availability_check_started","hotelId":"HTL-002","msg":"Checking hotel availability"}
{"level":30,"time":"2026-07-29T10:59:48.839Z","application":"booking-benchmark","reqId":"eafdceb7-f2d9-489b-9c88-2c6eeb2ef300","service":"booking","bookingId":"BK-000201","customerId":"CUS-273688","hotelId":"HTL-002","component":"hotel","event":"availability_confirmed","hotelId":"HTL-002","availableRooms":8,"msg":"Hotel availability confirmed"}
{"level":30,"time":"2026-07-29T10:59:48.839Z","application":"booking-benchmark","reqId":"eafdceb7-f2d9-489b-9c88-2c6eeb2ef300","service":"booking","bookingId":"BK-000201","customerId":"CUS-273688","hotelId":"HTL-002","event":"hotel_validated","msg":"Hotel availability validated"}
{"level":30,"time":"2026-07-29T10:59:48.839Z","application":"booking-benchmark","reqId":"eafdceb7-f2d9-489b-9c88-2c6eeb2ef300","service":"booking","bookingId":"BK-000201","customerId":"CUS-273688","hotelId":"HTL-002","component":"payment","event":"payment_started","msg":"Authorizing payment"}
{"level":30,"time":"2026-07-29T10:59:48.839Z","application":"booking-benchmark","reqId":"eafdceb7-f2d9-489b-9c88-2c6eeb2ef300","service":"booking","bookingId":"BK-000201","customerId":"CUS-273688","hotelId":"HTL-002","component":"payment","event":"payment_authorized","msg":"Payment authorized"}
{"level":30,"time":"2026-07-29T10:59:48.839Z","application":"booking-benchmark","reqId":"eafdceb7-f2d9-489b-9c88-2c6eeb2ef300","service":"booking","bookingId":"BK-000201","customerId":"CUS-273688","hotelId":"HTL-002","event":"payment_completed","msg":"Payment completed"}
{"level":30,"time":"2026-07-29T10:59:48.839Z","application":"booking-benchmark","reqId":"eafdceb7-f2d9-489b-9c88-2c6eeb2ef300","service":"booking","bookingId":"BK-000201","customerId":"CUS-273688","hotelId":"HTL-002","event":"booking_created","msg":"Booking created"}
{"level":30,"time":"2026-07-29T10:59:48.839Z","application":"booking-benchmark","reqId":"eafdceb7-f2d9-489b-9c88-2c6eeb2ef300","service":"booking","bookingId":"BK-000201","customerId":"CUS-273688","hotelId":"HTL-002","component":"notification","event":"confirmation_sent","msg":"Booking confirmation sent"}
{"level":30,"time":"2026-07-29T10:59:48.839Z","application":"booking-benchmark","reqId":"eafdceb7-f2d9-489b-9c88-2c6eeb2ef300","service":"booking","bookingId":"BK-000201","customerId":"CUS-273688","hotelId":"HTL-002","event":"booking_workflow_completed","msg":"Booking workflow completed"}
{"level":30,"time":"2026-07-29T10:59:48.839Z","application":"booking-benchmark","reqId":"eafdceb7-f2d9-489b-9c88-2c6eeb2ef300","event":"http_request_completed","method":"POST","url":"/bookings","statusCode":201,"durationMs":0,"msg":"Request completed"}
{"level":30,"time":"2026-07-29T10:59:49.046Z","application":"booking-benchmark","reqId":"96eab0f5-c7f3-4fe0-91b1-bf2cc19d719e","event":"http_request_started","method":"POST","url":"/bookings","msg":"Incoming request"}
{"level":30,"time":"2026-07-29T10:59:49.046Z","application":"booking-benchmark","reqId":"96eab0f5-c7f3-4fe0-91b1-bf2cc19d719e","service":"booking","bookingId":"BK-000202","customerId":"CUS-834627","hotelId":"HTL-004","event":"booking_workflow_started","nights":4,"msg":"Booking workflow started"}
{"level":30,"time":"2026-07-29T10:59:49.046Z","application":"booking-benchmark","reqId":"96eab0f5-c7f3-4fe0-91b1-bf2cc19d719e","service":"booking","bookingId":"BK-000202","customerId":"CUS-834627","hotelId":"HTL-004","component":"hotel","event":"availability_check_started","hotelId":"HTL-004","msg":"Checking hotel availability"}
{"level":30,"time":"2026-07-29T10:59:49.046Z","application":"booking-benchmark","reqId":"96eab0f5-c7f3-4fe0-91b1-bf2cc19d719e","service":"booking","bookingId":"BK-000202","customerId":"CUS-834627","hotelId":"HTL-004","component":"hotel","event":"availability_confirmed","hotelId":"HTL-004","availableRooms":20,"msg":"Hotel availability confirmed"}
{"level":30,"time":"2026-07-29T10:59:49.046Z","application":"booking-benchmark","reqId":"96eab0f5-c7f3-4fe0-91b1-bf2cc19d719e","service":"booking","bookingId":"BK-000202","customerId":"CUS-834627","hotelId":"HTL-004","event":"hotel_validated","msg":"Hotel availability validated"}
{"level":30,"time":"2026-07-29T10:59:49.046Z","application":"booking-benchmark","reqId":"96eab0f5-c7f3-4fe0-91b1-bf2cc19d719e","service":"booking","bookingId":"BK-000202","customerId":"CUS-834627","hotelId":"HTL-004","component":"payment","event":"payment_started","msg":"Authorizing payment"}
{"level":30,"time":"2026-07-29T10:59:49.046Z","application":"booking-benchmark","reqId":"96eab0f5-c7f3-4fe0-91b1-bf2cc19d719e","service":"booking","bookingId":"BK-000202","customerId":"CUS-834627","hotelId":"HTL-004","component":"payment","event":"payment_authorized","msg":"Payment authorized"}
{"level":30,"time":"2026-07-29T10:59:49.046Z","application":"booking-benchmark","reqId":"96eab0f5-c7f3-4fe0-91b1-bf2cc19d719e","service":"booking","bookingId":"BK-000202","customerId":"CUS-834627","hotelId":"HTL-004","event":"payment_completed","msg":"Payment completed"}
{"level":30,"time":"2026-07-29T10:59:49.046Z","application":"booking-benchmark","reqId":"96eab0f5-c7f3-4fe0-91b1-bf2cc19d719e","service":"booking","bookingId":"BK-000202","customerId":"CUS-834627","hotelId":"HTL-004","event":"booking_created","msg":"Booking created"}
{"level":30,"time":"2026-07-29T10:59:49.046Z","application":"booking-benchmark","reqId":"96eab0f5-c7f3-4fe0-91b1-bf2cc19d719e","service":"booking","bookingId":"BK-000202","customerId":"CUS-834627","hotelId":"HTL-004","component":"notification","event":"confirmation_sent","msg":"Booking confirmation sent"}
{"level":30,"time":"2026-07-29T10:59:49.047Z","application":"booking-benchmark","reqId":"96eab0f5-c7f3-4fe0-91b1-bf2cc19d719e","service":"booking","bookingId":"BK-000202","customerId":"CUS-834627","hotelId":"HTL-004","event":"booking_workflow_completed","msg":"Booking workflow completed"}
{"level":30,"time":"2026-07-29T10:59:49.047Z","application":"booking-benchmark","reqId":"96eab0f5-c7f3-4fe0-91b1-bf2cc19d719e","event":"http_request_completed","method":"POST","url":"/bookings","statusCode":201,"durationMs":1,"msg":"Request completed"}
{"level":30,"time":"2026-07-29T10:59:49.197Z","application":"booking-benchmark","reqId":"11e7c01c-e7b6-48a7-9b5c-b3b9526afd4c","event":"http_request_started","method":"POST","url":"/bookings","msg":"Incoming request"}
{"level":30,"time":"2026-07-29T10:59:49.198Z","application":"booking-benchmark","reqId":"11e7c01c-e7b6-48a7-9b5c-b3b9526afd4c","service":"booking","bookingId":"BK-000203","customerId":"CUS-289949","hotelId":"HTL-001","event":"booking_workflow_started","nights":1,"msg":"Booking workflow started"}
{"level":30,"time":"2026-07-29T10:59:49.198Z","application":"booking-benchmark","reqId":"11e7c01c-e7b6-48a7-9b5c-b3b9526afd4c","service":"booking","bookingId":"BK-000203","customerId":"CUS-289949","hotelId":"HTL-001","component":"hotel","event":"availability_check_started","hotelId":"HTL-001","msg":"Checking hotel availability"}
{"level":30,"time":"2026-07-29T10:59:49.198Z","application":"booking-benchmark","reqId":"11e7c01c-e7b6-48a7-9b5c-b3b9526afd4c","service":"booking","bookingId":"BK-000203","customerId":"CUS-289949","hotelId":"HTL-001","component":"hotel","event":"availability_confirmed","hotelId":"HTL-001","availableRooms":15,"msg":"Hotel availability confirmed"}
{"level":30,"time":"2026-07-29T10:59:49.198Z","application":"booking-benchmark","reqId":"11e7c01c-e7b6-48a7-9b5c-b3b9526afd4c","service":"booking","bookingId":"BK-000203","customerId":"CUS-289949","hotelId":"HTL-001","event":"hotel_validated","msg":"Hotel availability validated"}
{"level":30,"time":"2026-07-29T10:59:49.198Z","application":"booking-benchmark","reqId":"11e7c01c-e7b6-48a7-9b5c-b3b9526afd4c","service":"booking","bookingId":"BK-000203","customerId":"CUS-289949","hotelId":"HTL-001","component":"payment","event":"payment_started","msg":"Authorizing payment"}
{"level":30,"time":"2026-07-29T10:59:49.198Z","application":"booking-benchmark","reqId":"11e7c01c-e7b6-48a7-9b5c-b3b9526afd4c","service":"booking","bookingId":"BK-000203","customerId":"CUS-289949","hotelId":"HTL-001","component":"payment","event":"payment_authorized","msg":"Payment authorized"}
{"level":30,"time":"2026-07-29T10:59:49.198Z","application":"booking-benchmark","reqId":"11e7c01c-e7b6-48a7-9b5c-b3b9526afd4c","service":"booking","bookingId":"BK-000203","customerId":"CUS-289949","hotelId":"HTL-001","event":"payment_completed","msg":"Payment completed"}
{"level":30,"time":"2026-07-29T10:59:49.198Z","application":"booking-benchmark","reqId":"11e7c01c-e7b6-48a7-9b5c-b3b9526afd4c","service":"booking","bookingId":"BK-000203","customerId":"CUS-289949","hotelId":"HTL-001","event":"booking_created","msg":"Booking created"}
{"level":30,"time":"2026-07-29T10:59:49.198Z","application":"booking-benchmark","reqId":"11e7c01c-e7b6-48a7-9b5c-b3b9526afd4c","service":"booking","bookingId":"BK-000203","customerId":"CUS-289949","hotelId":"HTL-001","component":"notification","event":"confirmation_sent","msg":"Booking confirmation sent"}
{"level":30,"time":"2026-07-29T10:59:49.198Z","application":"booking-benchmark","reqId":"11e7c01c-e7b6-48a7-9b5c-b3b9526afd4c","service":"booking","bookingId":"BK-000203","customerId":"CUS-289949","hotelId":"HTL-001","event":"booking_workflow_completed","msg":"Booking workflow completed"}
{"level":30,"time":"2026-07-29T10:59:49.198Z","application":"booking-benchmark","reqId":"11e7c01c-e7b6-48a7-9b5c-b3b9526afd4c","event":"http_request_completed","method":"POST","url":"/bookings","statusCode":201,"durationMs":1,"msg":"Request completed"}
{"level":30,"time":"2026-07-29T10:59:49.313Z","application":"booking-benchmark","reqId":"e0ee9390-8882-4d60-a523-60e5d2746832","event":"http_request_started","method":"POST","url":"/bookings","msg":"Incoming request"}
{"level":30,"time":"2026-07-29T10:59:49.313Z","application":"booking-benchmark","reqId":"e0ee9390-8882-4d60-a523-60e5d2746832","service":"booking","bookingId":"BK-000204","customerId":"CUS-276612","hotelId":"HTL-001","event":"booking_workflow_started","nights":3,"msg":"Booking workflow started"}
{"level":30,"time":"2026-07-29T10:59:49.313Z","application":"booking-benchmark","reqId":"e0ee9390-8882-4d60-a523-60e5d2746832","service":"booking","bookingId":"BK-000204","customerId":"CUS-276612","hotelId":"HTL-001","component":"hotel","event":"availability_check_started","hotelId":"HTL-001","msg":"Checking hotel availability"}
{"level":30,"time":"2026-07-29T10:59:49.313Z","application":"booking-benchmark","reqId":"e0ee9390-8882-4d60-a523-60e5d2746832","service":"booking","bookingId":"BK-000204","customerId":"CUS-276612","hotelId":"HTL-001","component":"hotel","event":"availability_confirmed","hotelId":"HTL-001","availableRooms":15,"msg":"Hotel availability confirmed"}
{"level":30,"time":"2026-07-29T10:59:49.313Z","application":"booking-benchmark","reqId":"e0ee9390-8882-4d60-a523-60e5d2746832","service":"booking","bookingId":"BK-000204","customerId":"CUS-276612","hotelId":"HTL-001","event":"hotel_validated","msg":"Hotel availability validated"}
{"level":30,"time":"2026-07-29T10:59:49.313Z","application":"booking-benchmark","reqId":"e0ee9390-8882-4d60-a523-60e5d2746832","service":"booking","bookingId":"BK-000204","customerId":"CUS-276612","hotelId":"HTL-001","component":"payment","event":"payment_started","msg":"Authorizing payment"}
{"level":30,"time":"2026-07-29T10:59:49.313Z","application":"booking-benchmark","reqId":"e0ee9390-8882-4d60-a523-60e5d2746832","service":"booking","bookingId":"BK-000204","customerId":"CUS-276612","hotelId":"HTL-001","component":"payment","event":"payment_authorized","msg":"Payment authorized"}
{"level":30,"time":"2026-07-29T10:59:49.313Z","application":"booking-benchmark","reqId":"e0ee9390-8882-4d60-a523-60e5d2746832","service":"booking","bookingId":"BK-000204","customerId":"CUS-276612","hotelId":"HTL-001","event":"payment_completed","msg":"Payment completed"}
{"level":30,"time":"2026-07-29T10:59:49.313Z","application":"booking-benchmark","reqId":"e0ee9390-8882-4d60-a523-60e5d2746832","service":"booking","bookingId":"BK-000204","customerId":"CUS-276612","hotelId":"HTL-001","event":"booking_created","msg":"Booking created"}
{"level":30,"time":"2026-07-29T10:59:49.313Z","application":"booking-benchmark","reqId":"e0ee9390-8882-4d60-a523-60e5d2746832","service":"booking","bookingId":"BK-000204","customerId":"CUS-276612","hotelId":"HTL-001","component":"notification","event":"confirmation_sent","msg":"Booking confirmation sent"}
{"level":30,"time":"2026-07-29T10:59:49.313Z","application":"booking-benchmark","reqId":"e0ee9390-8882-4d60-a523-60e5d2746832","service":"booking","bookingId":"BK-000204","customerId":"CUS-276612","hotelId":"HTL-001","event":"booking_workflow_completed","msg":"Booking workflow completed"}
{"level":30,"time":"2026-07-29T10:59:49.314Z","application":"booking-benchmark","reqId":"e0ee9390-8882-4d60-a523-60e5d2746832","event":"http_request_completed","method":"POST","url":"/bookings","statusCode":201,"durationMs":1,"msg":"Request completed"}
{"level":30,"time":"2026-07-29T10:59:49.508Z","application":"booking-benchmark","reqId":"80178939-93f0-4072-990e-9ce8b8d71895","event":"http_request_started","method":"POST","url":"/bookings","msg":"Incoming request"}
{"level":30,"time":"2026-07-29T10:59:49.508Z","application":"booking-benchmark","reqId":"80178939-93f0-4072-990e-9ce8b8d71895","service":"booking","bookingId":"BK-000205","customerId":"CUS-122069","hotelId":"HTL-002","event":"booking_workflow_started","nights":1,"msg":"Booking workflow started"}
{"level":30,"time":"2026-07-29T10:59:49.508Z","application":"booking-benchmark","reqId":"80178939-93f0-4072-990e-9ce8b8d71895","service":"booking","bookingId":"BK-000205","customerId":"CUS-122069","hotelId":"HTL-002","component":"hotel","event":"availability_check_started","hotelId":"HTL-002","msg":"Checking hotel availability"}
{"level":30,"time":"2026-07-29T10:59:49.508Z","application":"booking-benchmark","reqId":"80178939-93f0-4072-990e-9ce8b8d71895","service":"booking","bookingId":"BK-000205","customerId":"CUS-122069","hotelId":"HTL-002","component":"hotel","event":"availability_confirmed","hotelId":"HTL-002","availableRooms":8,"msg":"Hotel availability confirmed"}
{"level":30,"time":"2026-07-29T10:59:49.508Z","application":"booking-benchmark","reqId":"80178939-93f0-4072-990e-9ce8b8d71895","service":"booking","bookingId":"BK-000205","customerId":"CUS-122069","hotelId":"HTL-002","event":"hotel_validated","msg":"Hotel availability validated"}
{"level":30,"time":"2026-07-29T10:59:49.508Z","application":"booking-benchmark","reqId":"80178939-93f0-4072-990e-9ce8b8d71895","service":"booking","bookingId":"BK-000205","customerId":"CUS-122069","hotelId":"HTL-002","component":"payment","event":"payment_started","msg":"Authorizing payment"}
{"level":30,"time":"2026-07-29T10:59:49.508Z","application":"booking-benchmark","reqId":"80178939-93f0-4072-990e-9ce8b8d71895","service":"booking","bookingId":"BK-000205","customerId":"CUS-122069","hotelId":"HTL-002","component":"payment","event":"payment_authorized","msg":"Payment authorized"}
{"level":30,"time":"2026-07-29T10:59:49.508Z","application":"booking-benchmark","reqId":"80178939-93f0-4072-990e-9ce8b8d71895","service":"booking","bookingId":"BK-000205","customerId":"CUS-122069","hotelId":"HTL-002","event":"payment_completed","msg":"Payment completed"}
{"level":30,"time":"2026-07-29T10:59:49.508Z","application":"booking-benchmark","reqId":"80178939-93f0-4072-990e-9ce8b8d71895","service":"booking","bookingId":"BK-000205","customerId":"CUS-122069","hotelId":"HTL-002","event":"booking_created","msg":"Booking created"}
{"level":30,"time":"2026-07-29T10:59:49.508Z","application":"booking-benchmark","reqId":"80178939-93f0-4072-990e-9ce8b8d71895","service":"booking","bookingId":"BK-000205","customerId":"CUS-122069","hotelId":"HTL-002","component":"notification","event":"confirmation_sent","msg":"Booking confirmation sent"}
{"level":30,"time":"2026-07-29T10:59:49.508Z","application":"booking-benchmark","reqId":"80178939-93f0-4072-990e-9ce8b8d71895","service":"booking","bookingId":"BK-000205","customerId":"CUS-122069","hotelId":"HTL-002","event":"booking_workflow_completed","msg":"Booking workflow completed"}
{"level":30,"time":"2026-07-29T10:59:49.509Z","application":"booking-benchmark","reqId":"80178939-93f0-4072-990e-9ce8b8d71895","event":"http_request_completed","method":"POST","url":"/bookings","statusCode":201,"durationMs":1,"msg":"Request completed"}
{"level":30,"time":"2026-07-29T10:59:49.632Z","application":"booking-benchmark","reqId":"cd4db645-0785-4793-bbcc-978cbc8c6672","event":"http_request_started","method":"POST","url":"/bookings","msg":"Incoming request"}
{"level":30,"time":"2026-07-29T10:59:49.632Z","application":"booking-benchmark","reqId":"cd4db645-0785-4793-bbcc-978cbc8c6672","service":"booking","bookingId":"BK-000206","customerId":"CUS-276743","hotelId":"HTL-002","event":"booking_workflow_started","nights":6,"msg":"Booking workflow started"}
{"level":30,"time":"2026-07-29T10:59:49.632Z","application":"booking-benchmark","reqId":"cd4db645-0785-4793-bbcc-978cbc8c6672","service":"booking","bookingId":"BK-000206","customerId":"CUS-276743","hotelId":"HTL-002","component":"hotel","event":"availability_check_started","hotelId":"HTL-002","msg":"Checking hotel availability"}
{"level":30,"time":"2026-07-29T10:59:49.632Z","application":"booking-benchmark","reqId":"cd4db645-0785-4793-bbcc-978cbc8c6672","service":"booking","bookingId":"BK-000206","customerId":"CUS-276743","hotelId":"HTL-002","component":"hotel","event":"availability_confirmed","hotelId":"HTL-002","availableRooms":8,"msg":"Hotel availability confirmed"}
{"level":30,"time":"2026-07-29T10:59:49.632Z","application":"booking-benchmark","reqId":"cd4db645-0785-4793-bbcc-978cbc8c6672","service":"booking","bookingId":"BK-000206","customerId":"CUS-276743","hotelId":"HTL-002","event":"hotel_validated","msg":"Hotel availability validated"}
{"level":30,"time":"2026-07-29T10:59:49.632Z","application":"booking-benchmark","reqId":"cd4db645-0785-4793-bbcc-978cbc8c6672","service":"booking","bookingId":"BK-000206","customerId":"CUS-276743","hotelId":"HTL-002","component":"payment","event":"payment_started","msg":"Authorizing payment"}
{"level":30,"time":"2026-07-29T10:59:49.632Z","application":"booking-benchmark","reqId":"cd4db645-0785-4793-bbcc-978cbc8c6672","service":"booking","bookingId":"BK-000206","customerId":"CUS-276743","hotelId":"HTL-002","component":"payment","event":"payment_authorized","msg":"Payment authorized"}
{"level":30,"time":"2026-07-29T10:59:49.632Z","application":"booking-benchmark","reqId":"cd4db645-0785-4793-bbcc-978cbc8c6672","service":"booking","bookingId":"BK-000206","customerId":"CUS-276743","hotelId":"HTL-002","event":"payment_completed","msg":"Payment completed"}
{"level":30,"time":"2026-07-29T10:59:49.632Z","application":"booking-benchmark","reqId":"cd4db645-0785-4793-bbcc-978cbc8c6672","service":"booking","bookingId":"BK-000206","customerId":"CUS-276743","hotelId":"HTL-002","event":"booking_created","msg":"Booking created"}
{"level":30,"time":"2026-07-29T10:59:49.632Z","application":"booking-benchmark","reqId":"cd4db645-0785-4793-bbcc-978cbc8c6672","service":"booking","bookingId":"BK-000206","customerId":"CUS-276743","hotelId":"HTL-002","component":"notification","event":"confirmation_sent","msg":"Booking confirmation sent"}
{"level":30,"time":"2026-07-29T10:59:49.632Z","application":"booking-benchmark","reqId":"cd4db645-0785-4793-bbcc-978cbc8c6672","service":"booking","bookingId":"BK-000206","customerId":"CUS-276743","hotelId":"HTL-002","event":"booking_workflow_completed","msg":"Booking workflow completed"}
{"level":30,"time":"2026-07-29T10:59:49.633Z","application":"booking-benchmark","reqId":"cd4db645-0785-4793-bbcc-978cbc8c6672","event":"http_request_completed","method":"POST","url":"/bookings","statusCode":201,"durationMs":1,"msg":"Request completed"}
{"level":30,"time":"2026-07-29T10:59:49.704Z","application":"booking-benchmark","reqId":"14b6f064-26da-44d7-a871-3e8982109ad1","event":"http_request_started","method":"POST","url":"/bookings","msg":"Incoming request"}
{"level":30,"time":"2026-07-29T10:59:49.705Z","application":"booking-benchmark","reqId":"14b6f064-26da-44d7-a871-3e8982109ad1","service":"booking","bookingId":"BK-000207","customerId":"CUS-848494","hotelId":"HTL-002","event":"booking_workflow_started","nights":4,"msg":"Booking workflow started"}
{"level":30,"time":"2026-07-29T10:59:49.705Z","application":"booking-benchmark","reqId":"14b6f064-26da-44d7-a871-3e8982109ad1","service":"booking","bookingId":"BK-000207","customerId":"CUS-848494","hotelId":"HTL-002","component":"hotel","event":"availability_check_started","hotelId":"HTL-002","msg":"Checking hotel availability"}
{"level":30,"time":"2026-07-29T10:59:49.705Z","application":"booking-benchmark","reqId":"14b6f064-26da-44d7-a871-3e8982109ad1","service":"booking","bookingId":"BK-000207","customerId":"CUS-848494","hotelId":"HTL-002","component":"hotel","event":"availability_confirmed","hotelId":"HTL-002","availableRooms":8,"msg":"Hotel availability confirmed"}
{"level":30,"time":"2026-07-29T10:59:49.705Z","application":"booking-benchmark","reqId":"14b6f064-26da-44d7-a871-3e8982109ad1","service":"booking","bookingId":"BK-000207","customerId":"CUS-848494","hotelId":"HTL-002","event":"hotel_validated","msg":"Hotel availability validated"}
{"level":30,"time":"2026-07-29T10:59:49.705Z","application":"booking-benchmark","reqId":"14b6f064-26da-44d7-a871-3e8982109ad1","service":"booking","bookingId":"BK-000207","customerId":"CUS-848494","hotelId":"HTL-002","component":"payment","event":"payment_started","msg":"Authorizing payment"}
{"level":30,"time":"2026-07-29T10:59:49.705Z","application":"booking-benchmark","reqId":"14b6f064-26da-44d7-a871-3e8982109ad1","service":"booking","bookingId":"BK-000207","customerId":"CUS-848494","hotelId":"HTL-002","component":"payment","event":"payment_authorized","msg":"Payment authorized"}
{"level":30,"time":"2026-07-29T10:59:49.705Z","application":"booking-benchmark","reqId":"14b6f064-26da-44d7-a871-3e8982109ad1","service":"booking","bookingId":"BK-000207","customerId":"CUS-848494","hotelId":"HTL-002","event":"payment_completed","msg":"Payment completed"}
{"level":30,"time":"2026-07-29T10:59:49.705Z","application":"booking-benchmark","reqId":"14b6f064-26da-44d7-a871-3e8982109ad1","service":"booking","bookingId":"BK-000207","customerId":"CUS-848494","hotelId":"HTL-002","event":"booking_created","msg":"Booking created"}
{"level":30,"time":"2026-07-29T10:59:49.705Z","application":"booking-benchmark","reqId":"14b6f064-26da-44d7-a871-3e8982109ad1","service":"booking","bookingId":"BK-000207","customerId":"CUS-848494","hotelId":"HTL-002","component":"notification","event":"confirmation_sent","msg":"Booking confirmation sent"}
{"level":30,"time":"2026-07-29T10:59:49.705Z","application":"booking-benchmark","reqId":"14b6f064-26da-44d7-a871-3e8982109ad1","service":"booking","bookingId":"BK-000207","customerId":"CUS-848494","hotelId":"HTL-002","event":"booking_workflow_completed","msg":"Booking workflow completed"}
{"level":30,"time":"2026-07-29T10:59:49.706Z","application":"booking-benchmark","reqId":"14b6f064-26da-44d7-a871-3e8982109ad1","event":"http_request_completed","method":"POST","url":"/bookings","statusCode":201,"durationMs":2,"msg":"Request completed"}
{"level":30,"time":"2026-07-29T10:59:49.834Z","application":"booking-benchmark","reqId":"c76f0766-799d-49e6-be6a-11150d61d168","event":"http_request_started","method":"POST","url":"/bookings","msg":"Incoming request"}
{"level":30,"time":"2026-07-29T10:59:49.835Z","application":"booking-benchmark","reqId":"c76f0766-799d-49e6-be6a-11150d61d168","service":"booking","bookingId":"BK-000208","customerId":"CUS-444481","hotelId":"HTL-002","event":"booking_workflow_started","nights":4,"msg":"Booking workflow started"}
{"level":30,"time":"2026-07-29T10:59:49.835Z","application":"booking-benchmark","reqId":"c76f0766-799d-49e6-be6a-11150d61d168","service":"booking","bookingId":"BK-000208","customerId":"CUS-444481","hotelId":"HTL-002","component":"hotel","event":"availability_check_started","hotelId":"HTL-002","msg":"Checking hotel availability"}
{"level":30,"time":"2026-07-29T10:59:49.835Z","application":"booking-benchmark","reqId":"c76f0766-799d-49e6-be6a-11150d61d168","service":"booking","bookingId":"BK-000208","customerId":"CUS-444481","hotelId":"HTL-002","component":"hotel","event":"availability_confirmed","hotelId":"HTL-002","availableRooms":8,"msg":"Hotel availability confirmed"}
{"level":30,"time":"2026-07-29T10:59:49.835Z","application":"booking-benchmark","reqId":"c76f0766-799d-49e6-be6a-11150d61d168","service":"booking","bookingId":"BK-000208","customerId":"CUS-444481","hotelId":"HTL-002","event":"hotel_validated","msg":"Hotel availability validated"}
{"level":30,"time":"2026-07-29T10:59:49.835Z","application":"booking-benchmark","reqId":"c76f0766-799d-49e6-be6a-11150d61d168","service":"booking","bookingId":"BK-000208","customerId":"CUS-444481","hotelId":"HTL-002","component":"payment","event":"payment_started","msg":"Authorizing payment"}
{"level":30,"time":"2026-07-29T10:59:49.835Z","application":"booking-benchmark","reqId":"c76f0766-799d-49e6-be6a-11150d61d168","service":"booking","bookingId":"BK-000208","customerId":"CUS-444481","hotelId":"HTL-002","component":"payment","event":"payment_authorized","msg":"Payment authorized"}
{"level":30,"time":"2026-07-29T10:59:49.835Z","application":"booking-benchmark","reqId":"c76f0766-799d-49e6-be6a-11150d61d168","service":"booking","bookingId":"BK-000208","customerId":"CUS-444481","hotelId":"HTL-002","event":"payment_completed","msg":"Payment completed"}
{"level":30,"time":"2026-07-29T10:59:49.835Z","application":"booking-benchmark","reqId":"c76f0766-799d-49e6-be6a-11150d61d168","service":"booking","bookingId":"BK-000208","customerId":"CUS-444481","hotelId":"HTL-002","event":"booking_created","msg":"Booking created"}
{"level":30,"time":"2026-07-29T10:59:49.835Z","application":"booking-benchmark","reqId":"c76f0766-799d-49e6-be6a-11150d61d168","service":"booking","bookingId":"BK-000208","customerId":"CUS-444481","hotelId":"HTL-002","component":"notification","event":"confirmation_sent","msg":"Booking confirmation sent"}
{"level":30,"time":"2026-07-29T10:59:49.835Z","application":"booking-benchmark","reqId":"c76f0766-799d-49e6-be6a-11150d61d168","service":"booking","bookingId":"BK-000208","customerId":"CUS-444481","hotelId":"HTL-002","event":"booking_workflow_completed","msg":"Booking workflow completed"}
{"level":30,"time":"2026-07-29T10:59:49.836Z","application":"booking-benchmark","reqId":"c76f0766-799d-49e6-be6a-11150d61d168","event":"http_request_completed","method":"POST","url":"/bookings","statusCode":201,"durationMs":1,"msg":"Request completed"}
{"level":30,"time":"2026-07-29T10:59:50.022Z","application":"booking-benchmark","reqId":"4264899a-ae13-4a9c-a317-662df44233a8","event":"http_request_started","method":"POST","url":"/bookings","msg":"Incoming request"}
{"level":30,"time":"2026-07-29T10:59:50.022Z","application":"booking-benchmark","reqId":"4264899a-ae13-4a9c-a317-662df44233a8","service":"booking","bookingId":"BK-000209","customerId":"CUS-287594","hotelId":"HTL-003","event":"booking_workflow_started","nights":5,"msg":"Booking workflow started"}
{"level":30,"time":"2026-07-29T10:59:50.022Z","application":"booking-benchmark","reqId":"4264899a-ae13-4a9c-a317-662df44233a8","service":"booking","bookingId":"BK-000209","customerId":"CUS-287594","hotelId":"HTL-003","component":"hotel","event":"availability_check_started","hotelId":"HTL-003","msg":"Checking hotel availability"}
{"level":30,"time":"2026-07-29T10:59:50.022Z","application":"booking-benchmark","reqId":"4264899a-ae13-4a9c-a317-662df44233a8","service":"booking","bookingId":"BK-000209","customerId":"CUS-287594","hotelId":"HTL-003","component":"hotel","event":"availability_confirmed","hotelId":"HTL-003","availableRooms":12,"msg":"Hotel availability confirmed"}
{"level":30,"time":"2026-07-29T10:59:50.022Z","application":"booking-benchmark","reqId":"4264899a-ae13-4a9c-a317-662df44233a8","service":"booking","bookingId":"BK-000209","customerId":"CUS-287594","hotelId":"HTL-003","event":"hotel_validated","msg":"Hotel availability validated"}
{"level":30,"time":"2026-07-29T10:59:50.022Z","application":"booking-benchmark","reqId":"4264899a-ae13-4a9c-a317-662df44233a8","service":"booking","bookingId":"BK-000209","customerId":"CUS-287594","hotelId":"HTL-003","component":"payment","event":"payment_started","msg":"Authorizing payment"}
{"level":30,"time":"2026-07-29T10:59:50.022Z","application":"booking-benchmark","reqId":"4264899a-ae13-4a9c-a317-662df44233a8","service":"booking","bookingId":"BK-000209","customerId":"CUS-287594","hotelId":"HTL-003","component":"payment","event":"payment_authorized","msg":"Payment authorized"}
{"level":30,"time":"2026-07-29T10:59:50.022Z","application":"booking-benchmark","reqId":"4264899a-ae13-4a9c-a317-662df44233a8","service":"booking","bookingId":"BK-000209","customerId":"CUS-287594","hotelId":"HTL-003","event":"payment_completed","msg":"Payment completed"}
{"level":30,"time":"2026-07-29T10:59:50.022Z","application":"booking-benchmark","reqId":"4264899a-ae13-4a9c-a317-662df44233a8","service":"booking","bookingId":"BK-000209","customerId":"CUS-287594","hotelId":"HTL-003","event":"booking_created","msg":"Booking created"}
{"level":30,"time":"2026-07-29T10:59:50.022Z","application":"booking-benchmark","reqId":"4264899a-ae13-4a9c-a317-662df44233a8","service":"booking","bookingId":"BK-000209","customerId":"CUS-287594","hotelId":"HTL-003","component":"notification","event":"confirmation_sent","msg":"Booking confirmation sent"}
{"level":30,"time":"2026-07-29T10:59:50.022Z","application":"booking-benchmark","reqId":"4264899a-ae13-4a9c-a317-662df44233a8","service":"booking","bookingId":"BK-000209","customerId":"CUS-287594","hotelId":"HTL-003","event":"booking_workflow_completed","msg":"Booking workflow completed"}
{"level":30,"time":"2026-07-29T10:59:50.023Z","application":"booking-benchmark","reqId":"4264899a-ae13-4a9c-a317-662df44233a8","event":"http_request_completed","method":"POST","url":"/bookings","statusCode":201,"durationMs":1,"msg":"Request completed"}
{"level":30,"time":"2026-07-29T10:59:50.119Z","application":"booking-benchmark","reqId":"50e2620e-14c7-43c8-b4f5-3ce5452807ed","event":"http_request_started","method":"POST","url":"/bookings","msg":"Incoming request"}
{"level":30,"time":"2026-07-29T10:59:50.119Z","application":"booking-benchmark","reqId":"50e2620e-14c7-43c8-b4f5-3ce5452807ed","service":"booking","bookingId":"BK-000210","customerId":"CUS-397647","hotelId":"HTL-001","event":"booking_workflow_started","nights":3,"msg":"Booking workflow started"}
{"level":30,"time":"2026-07-29T10:59:50.120Z","application":"booking-benchmark","reqId":"50e2620e-14c7-43c8-b4f5-3ce5452807ed","service":"booking","bookingId":"BK-000210","customerId":"CUS-397647","hotelId":"HTL-001","component":"hotel","event":"availability_check_started","hotelId":"HTL-001","msg":"Checking hotel availability"}
{"level":30,"time":"2026-07-29T10:59:50.120Z","application":"booking-benchmark","reqId":"50e2620e-14c7-43c8-b4f5-3ce5452807ed","service":"booking","bookingId":"BK-000210","customerId":"CUS-397647","hotelId":"HTL-001","component":"hotel","event":"availability_confirmed","hotelId":"HTL-001","availableRooms":15,"msg":"Hotel availability confirmed"}
{"level":30,"time":"2026-07-29T10:59:50.120Z","application":"booking-benchmark","reqId":"50e2620e-14c7-43c8-b4f5-3ce5452807ed","service":"booking","bookingId":"BK-000210","customerId":"CUS-397647","hotelId":"HTL-001","event":"hotel_validated","msg":"Hotel availability validated"}
{"level":30,"time":"2026-07-29T10:59:50.120Z","application":"booking-benchmark","reqId":"50e2620e-14c7-43c8-b4f5-3ce5452807ed","service":"booking","bookingId":"BK-000210","customerId":"CUS-397647","hotelId":"HTL-001","component":"payment","event":"payment_started","msg":"Authorizing payment"}
{"level":30,"time":"2026-07-29T10:59:50.120Z","application":"booking-benchmark","reqId":"50e2620e-14c7-43c8-b4f5-3ce5452807ed","service":"booking","bookingId":"BK-000210","customerId":"CUS-397647","hotelId":"HTL-001","component":"payment","event":"payment_authorized","msg":"Payment authorized"}
{"level":30,"time":"2026-07-29T10:59:50.120Z","application":"booking-benchmark","reqId":"50e2620e-14c7-43c8-b4f5-3ce5452807ed","service":"booking","bookingId":"BK-000210","customerId":"CUS-397647","hotelId":"HTL-001","event":"payment_completed","msg":"Payment completed"}
{"level":30,"time":"2026-07-29T10:59:50.120Z","application":"booking-benchmark","reqId":"50e2620e-14c7-43c8-b4f5-3ce5452807ed","service":"booking","bookingId":"BK-000210","customerId":"CUS-397647","hotelId":"HTL-001","event":"booking_created","msg":"Booking created"}
{"level":30,"time":"2026-07-29T10:59:50.120Z","application":"booking-benchmark","reqId":"50e2620e-14c7-43c8-b4f5-3ce5452807ed","service":"booking","bookingId":"BK-000210","customerId":"CUS-397647","hotelId":"HTL-001","component":"notification","event":"confirmation_sent","msg":"Booking confirmation sent"}
{"level":30,"time":"2026-07-29T10:59:50.120Z","application":"booking-benchmark","reqId":"50e2620e-14c7-43c8-b4f5-3ce5452807ed","service":"booking","bookingId":"BK-000210","customerId":"CUS-397647","hotelId":"HTL-001","event":"booking_workflow_completed","msg":"Booking workflow completed"}
{"level":30,"time":"2026-07-29T10:59:50.120Z","application":"booking-benchmark","reqId":"50e2620e-14c7-43c8-b4f5-3ce5452807ed","event":"http_request_completed","method":"POST","url":"/bookings","statusCode":201,"durationMs":1,"msg":"Request completed"}
{"level":30,"time":"2026-07-29T10:59:50.238Z","application":"booking-benchmark","reqId":"1e057a19-e1e2-41ea-afe5-5fdba80f6ba6","event":"http_request_started","method":"POST","url":"/bookings","msg":"Incoming request"}
{"level":30,"time":"2026-07-29T10:59:50.239Z","application":"booking-benchmark","reqId":"1e057a19-e1e2-41ea-afe5-5fdba80f6ba6","service":"booking","bookingId":"BK-000211","customerId":"CUS-230416","hotelId":"HTL-003","event":"booking_workflow_started","nights":4,"msg":"Booking workflow started"}
{"level":30,"time":"2026-07-29T10:59:50.239Z","application":"booking-benchmark","reqId":"1e057a19-e1e2-41ea-afe5-5fdba80f6ba6","service":"booking","bookingId":"BK-000211","customerId":"CUS-230416","hotelId":"HTL-003","component":"hotel","event":"availability_check_started","hotelId":"HTL-003","msg":"Checking hotel availability"}
{"level":30,"time":"2026-07-29T10:59:50.239Z","application":"booking-benchmark","reqId":"1e057a19-e1e2-41ea-afe5-5fdba80f6ba6","service":"booking","bookingId":"BK-000211","customerId":"CUS-230416","hotelId":"HTL-003","component":"hotel","event":"availability_confirmed","hotelId":"HTL-003","availableRooms":12,"msg":"Hotel availability confirmed"}
{"level":30,"time":"2026-07-29T10:59:50.239Z","application":"booking-benchmark","reqId":"1e057a19-e1e2-41ea-afe5-5fdba80f6ba6","service":"booking","bookingId":"BK-000211","customerId":"CUS-230416","hotelId":"HTL-003","event":"hotel_validated","msg":"Hotel availability validated"}
{"level":30,"time":"2026-07-29T10:59:50.239Z","application":"booking-benchmark","reqId":"1e057a19-e1e2-41ea-afe5-5fdba80f6ba6","service":"booking","bookingId":"BK-000211","customerId":"CUS-230416","hotelId":"HTL-003","component":"payment","event":"payment_started","msg":"Authorizing payment"}
{"level":30,"time":"2026-07-29T10:59:50.239Z","application":"booking-benchmark","reqId":"1e057a19-e1e2-41ea-afe5-5fdba80f6ba6","service":"booking","bookingId":"BK-000211","customerId":"CUS-230416","hotelId":"HTL-003","component":"payment","event":"payment_authorized","msg":"Payment authorized"}
{"level":30,"time":"2026-07-29T10:59:50.239Z","application":"booking-benchmark","reqId":"1e057a19-e1e2-41ea-afe5-5fdba80f6ba6","service":"booking","bookingId":"BK-000211","customerId":"CUS-230416","hotelId":"HTL-003","event":"payment_completed","msg":"Payment completed"}
{"level":30,"time":"2026-07-29T10:59:50.239Z","application":"booking-benchmark","reqId":"1e057a19-e1e2-41ea-afe5-5fdba80f6ba6","service":"booking","bookingId":"BK-000211","customerId":"CUS-230416","hotelId":"HTL-003","event":"booking_created","msg":"Booking created"}
{"level":30,"time":"2026-07-29T10:59:50.239Z","application":"booking-benchmark","reqId":"1e057a19-e1e2-41ea-afe5-5fdba80f6ba6","service":"booking","bookingId":"BK-000211","customerId":"CUS-230416","hotelId":"HTL-003","component":"notification","event":"confirmation_sent","msg":"Booking confirmation sent"}
{"level":30,"time":"2026-07-29T10:59:50.239Z","application":"booking-benchmark","reqId":"1e057a19-e1e2-41ea-afe5-5fdba80f6ba6","service":"booking","bookingId":"BK-000211","customerId":"CUS-230416","hotelId":"HTL-003","event":"booking_workflow_completed","msg":"Booking workflow completed"}
{"level":30,"time":"2026-07-29T10:59:50.239Z","application":"booking-benchmark","reqId":"1e057a19-e1e2-41ea-afe5-5fdba80f6ba6","event":"http_request_completed","method":"POST","url":"/bookings","statusCode":201,"durationMs":1,"msg":"Request completed"}
{"level":30,"time":"2026-07-29T10:59:50.407Z","application":"booking-benchmark","reqId":"331c13f5-9631-4af2-b3e4-a8d2a4ceb103","event":"http_request_started","method":"POST","url":"/bookings","msg":"Incoming request"}
{"level":30,"time":"2026-07-29T10:59:50.407Z","application":"booking-benchmark","reqId":"331c13f5-9631-4af2-b3e4-a8d2a4ceb103","service":"booking","bookingId":"BK-000212","customerId":"CUS-483989","hotelId":"HTL-005","event":"booking_workflow_started","nights":6,"msg":"Booking workflow started"}
{"level":30,"time":"2026-07-29T10:59:50.408Z","application":"booking-benchmark","reqId":"331c13f5-9631-4af2-b3e4-a8d2a4ceb103","service":"booking","bookingId":"BK-000212","customerId":"CUS-483989","hotelId":"HTL-005","component":"hotel","event":"availability_check_started","hotelId":"HTL-005","msg":"Checking hotel availability"}
{"level":30,"time":"2026-07-29T10:59:50.408Z","application":"booking-benchmark","reqId":"331c13f5-9631-4af2-b3e4-a8d2a4ceb103","service":"booking","bookingId":"BK-000212","customerId":"CUS-483989","hotelId":"HTL-005","component":"hotel","event":"availability_confirmed","hotelId":"HTL-005","availableRooms":10,"msg":"Hotel availability confirmed"}
{"level":30,"time":"2026-07-29T10:59:50.408Z","application":"booking-benchmark","reqId":"331c13f5-9631-4af2-b3e4-a8d2a4ceb103","service":"booking","bookingId":"BK-000212","customerId":"CUS-483989","hotelId":"HTL-005","event":"hotel_validated","msg":"Hotel availability validated"}
{"level":30,"time":"2026-07-29T10:59:50.408Z","application":"booking-benchmark","reqId":"331c13f5-9631-4af2-b3e4-a8d2a4ceb103","service":"booking","bookingId":"BK-000212","customerId":"CUS-483989","hotelId":"HTL-005","component":"payment","event":"payment_started","msg":"Authorizing payment"}
{"level":30,"time":"2026-07-29T10:59:50.408Z","application":"booking-benchmark","reqId":"331c13f5-9631-4af2-b3e4-a8d2a4ceb103","service":"booking","bookingId":"BK-000212","customerId":"CUS-483989","hotelId":"HTL-005","component":"payment","event":"payment_authorized","msg":"Payment authorized"}
{"level":30,"time":"2026-07-29T10:59:50.408Z","application":"booking-benchmark","reqId":"331c13f5-9631-4af2-b3e4-a8d2a4ceb103","service":"booking","bookingId":"BK-000212","customerId":"CUS-483989","hotelId":"HTL-005","event":"payment_completed","msg":"Payment completed"}
{"level":30,"time":"2026-07-29T10:59:50.408Z","application":"booking-benchmark","reqId":"331c13f5-9631-4af2-b3e4-a8d2a4ceb103","service":"booking","bookingId":"BK-000212","customerId":"CUS-483989","hotelId":"HTL-005","event":"booking_created","msg":"Booking created"}
{"level":30,"time":"2026-07-29T10:59:50.408Z","application":"booking-benchmark","reqId":"331c13f5-9631-4af2-b3e4-a8d2a4ceb103","service":"booking","bookingId":"BK-000212","customerId":"CUS-483989","hotelId":"HTL-005","component":"notification","event":"confirmation_sent","msg":"Booking confirmation sent"}
{"level":30,"time":"2026-07-29T10:59:50.408Z","application":"booking-benchmark","reqId":"331c13f5-9631-4af2-b3e4-a8d2a4ceb103","service":"booking","bookingId":"BK-000212","customerId":"CUS-483989","hotelId":"HTL-005","event":"booking_workflow_completed","msg":"Booking workflow completed"}
{"level":30,"time":"2026-07-29T10:59:50.408Z","application":"booking-benchmark","reqId":"331c13f5-9631-4af2-b3e4-a8d2a4ceb103","event":"http_request_completed","method":"POST","url":"/bookings","statusCode":201,"durationMs":1,"msg":"Request completed"}
{"level":30,"time":"2026-07-29T10:59:50.573Z","application":"booking-benchmark","reqId":"4af0e2d7-121e-4713-8b3f-918be321a902","event":"http_request_started","method":"POST","url":"/bookings","msg":"Incoming request"}
{"level":30,"time":"2026-07-29T10:59:50.573Z","application":"booking-benchmark","reqId":"4af0e2d7-121e-4713-8b3f-918be321a902","service":"booking","bookingId":"BK-000213","customerId":"CUS-796433","hotelId":"HTL-002","event":"booking_workflow_started","nights":7,"msg":"Booking workflow started"}
{"level":30,"time":"2026-07-29T10:59:50.574Z","application":"booking-benchmark","reqId":"4af0e2d7-121e-4713-8b3f-918be321a902","service":"booking","bookingId":"BK-000213","customerId":"CUS-796433","hotelId":"HTL-002","component":"hotel","event":"availability_check_started","hotelId":"HTL-002","msg":"Checking hotel availability"}
{"level":30,"time":"2026-07-29T10:59:50.574Z","application":"booking-benchmark","reqId":"4af0e2d7-121e-4713-8b3f-918be321a902","service":"booking","bookingId":"BK-000213","customerId":"CUS-796433","hotelId":"HTL-002","component":"hotel","event":"availability_confirmed","hotelId":"HTL-002","availableRooms":8,"msg":"Hotel availability confirmed"}
{"level":30,"time":"2026-07-29T10:59:50.574Z","application":"booking-benchmark","reqId":"4af0e2d7-121e-4713-8b3f-918be321a902","service":"booking","bookingId":"BK-000213","customerId":"CUS-796433","hotelId":"HTL-002","event":"hotel_validated","msg":"Hotel availability validated"}
{"level":30,"time":"2026-07-29T10:59:50.574Z","application":"booking-benchmark","reqId":"4af0e2d7-121e-4713-8b3f-918be321a902","service":"booking","bookingId":"BK-000213","customerId":"CUS-796433","hotelId":"HTL-002","component":"payment","event":"payment_started","msg":"Authorizing payment"}
{"level":30,"time":"2026-07-29T10:59:50.574Z","application":"booking-benchmark","reqId":"4af0e2d7-121e-4713-8b3f-918be321a902","service":"booking","bookingId":"BK-000213","customerId":"CUS-796433","hotelId":"HTL-002","component":"payment","event":"payment_authorized","msg":"Payment authorized"}
{"level":30,"time":"2026-07-29T10:59:50.574Z","application":"booking-benchmark","reqId":"4af0e2d7-121e-4713-8b3f-918be321a902","service":"booking","bookingId":"BK-000213","customerId":"CUS-796433","hotelId":"HTL-002","event":"payment_completed","msg":"Payment completed"}
{"level":30,"time":"2026-07-29T10:59:50.574Z","application":"booking-benchmark","reqId":"4af0e2d7-121e-4713-8b3f-918be321a902","service":"booking","bookingId":"BK-000213","customerId":"CUS-796433","hotelId":"HTL-002","event":"booking_created","msg":"Booking created"}
{"level":30,"time":"2026-07-29T10:59:50.574Z","application":"booking-benchmark","reqId":"4af0e2d7-121e-4713-8b3f-918be321a902","service":"booking","bookingId":"BK-000213","customerId":"CUS-796433","hotelId":"HTL-002","component":"notification","event":"confirmation_sent","msg":"Booking confirmation sent"}
{"level":30,"time":"2026-07-29T10:59:50.574Z","application":"booking-benchmark","reqId":"4af0e2d7-121e-4713-8b3f-918be321a902","service":"booking","bookingId":"BK-000213","customerId":"CUS-796433","hotelId":"HTL-002","event":"booking_workflow_completed","msg":"Booking workflow completed"}
{"level":30,"time":"2026-07-29T10:59:50.574Z","application":"booking-benchmark","reqId":"4af0e2d7-121e-4713-8b3f-918be321a902","event":"http_request_completed","method":"POST","url":"/bookings","statusCode":201,"durationMs":1,"msg":"Request completed"}
{"level":30,"time":"2026-07-29T10:59:50.741Z","application":"booking-benchmark","reqId":"7da7df9f-2f37-4642-adfa-ee4e9f9d5fff","event":"http_request_started","method":"POST","url":"/bookings","msg":"Incoming request"}
{"level":30,"time":"2026-07-29T10:59:50.741Z","application":"booking-benchmark","reqId":"7da7df9f-2f37-4642-adfa-ee4e9f9d5fff","service":"booking","bookingId":"BK-000214","customerId":"CUS-567584","hotelId":"HTL-005","event":"booking_workflow_started","nights":7,"msg":"Booking workflow started"}
{"level":30,"time":"2026-07-29T10:59:50.741Z","application":"booking-benchmark","reqId":"7da7df9f-2f37-4642-adfa-ee4e9f9d5fff","service":"booking","bookingId":"BK-000214","customerId":"CUS-567584","hotelId":"HTL-005","component":"hotel","event":"availability_check_started","hotelId":"HTL-005","msg":"Checking hotel availability"}
{"level":30,"time":"2026-07-29T10:59:50.741Z","application":"booking-benchmark","reqId":"7da7df9f-2f37-4642-adfa-ee4e9f9d5fff","service":"booking","bookingId":"BK-000214","customerId":"CUS-567584","hotelId":"HTL-005","component":"hotel","event":"availability_confirmed","hotelId":"HTL-005","availableRooms":10,"msg":"Hotel availability confirmed"}
{"level":30,"time":"2026-07-29T10:59:50.741Z","application":"booking-benchmark","reqId":"7da7df9f-2f37-4642-adfa-ee4e9f9d5fff","service":"booking","bookingId":"BK-000214","customerId":"CUS-567584","hotelId":"HTL-005","event":"hotel_validated","msg":"Hotel availability validated"}
{"level":30,"time":"2026-07-29T10:59:50.741Z","application":"booking-benchmark","reqId":"7da7df9f-2f37-4642-adfa-ee4e9f9d5fff","service":"booking","bookingId":"BK-000214","customerId":"CUS-567584","hotelId":"HTL-005","component":"payment","event":"payment_started","msg":"Authorizing payment"}
{"level":30,"time":"2026-07-29T10:59:50.741Z","application":"booking-benchmark","reqId":"7da7df9f-2f37-4642-adfa-ee4e9f9d5fff","service":"booking","bookingId":"BK-000214","customerId":"CUS-567584","hotelId":"HTL-005","component":"payment","event":"payment_authorized","msg":"Payment authorized"}
{"level":30,"time":"2026-07-29T10:59:50.741Z","application":"booking-benchmark","reqId":"7da7df9f-2f37-4642-adfa-ee4e9f9d5fff","service":"booking","bookingId":"BK-000214","customerId":"CUS-567584","hotelId":"HTL-005","event":"payment_completed","msg":"Payment completed"}
{"level":30,"time":"2026-07-29T10:59:50.741Z","application":"booking-benchmark","reqId":"7da7df9f-2f37-4642-adfa-ee4e9f9d5fff","service":"booking","bookingId":"BK-000214","customerId":"CUS-567584","hotelId":"HTL-005","event":"booking_created","msg":"Booking created"}
{"level":30,"time":"2026-07-29T10:59:50.741Z","application":"booking-benchmark","reqId":"7da7df9f-2f37-4642-adfa-ee4e9f9d5fff","service":"booking","bookingId":"BK-000214","customerId":"CUS-567584","hotelId":"HTL-005","component":"notification","event":"confirmation_sent","msg":"Booking confirmation sent"}
{"level":30,"time":"2026-07-29T10:59:50.741Z","application":"booking-benchmark","reqId":"7da7df9f-2f37-4642-adfa-ee4e9f9d5fff","service":"booking","bookingId":"BK-000214","customerId":"CUS-567584","hotelId":"HTL-005","event":"booking_workflow_completed","msg":"Booking workflow completed"}
{"level":30,"time":"2026-07-29T10:59:50.742Z","application":"booking-benchmark","reqId":"7da7df9f-2f37-4642-adfa-ee4e9f9d5fff","event":"http_request_completed","method":"POST","url":"/bookings","statusCode":201,"durationMs":1,"msg":"Request completed"}
{"level":30,"time":"2026-07-29T10:59:50.898Z","application":"booking-benchmark","reqId":"f07a17a9-e0bb-42ea-a58b-ecdabac44d24","event":"http_request_started","method":"POST","url":"/bookings","msg":"Incoming request"}
{"level":30,"time":"2026-07-29T10:59:50.899Z","application":"booking-benchmark","reqId":"f07a17a9-e0bb-42ea-a58b-ecdabac44d24","service":"booking","bookingId":"BK-000215","customerId":"CUS-499169","hotelId":"HTL-002","event":"booking_workflow_started","nights":7,"msg":"Booking workflow started"}
{"level":30,"time":"2026-07-29T10:59:50.899Z","application":"booking-benchmark","reqId":"f07a17a9-e0bb-42ea-a58b-ecdabac44d24","service":"booking","bookingId":"BK-000215","customerId":"CUS-499169","hotelId":"HTL-002","component":"hotel","event":"availability_check_started","hotelId":"HTL-002","msg":"Checking hotel availability"}
{"level":30,"time":"2026-07-29T10:59:50.899Z","application":"booking-benchmark","reqId":"f07a17a9-e0bb-42ea-a58b-ecdabac44d24","service":"booking","bookingId":"BK-000215","customerId":"CUS-499169","hotelId":"HTL-002","component":"hotel","event":"availability_confirmed","hotelId":"HTL-002","availableRooms":8,"msg":"Hotel availability confirmed"}
{"level":30,"time":"2026-07-29T10:59:50.899Z","application":"booking-benchmark","reqId":"f07a17a9-e0bb-42ea-a58b-ecdabac44d24","service":"booking","bookingId":"BK-000215","customerId":"CUS-499169","hotelId":"HTL-002","event":"hotel_validated","msg":"Hotel availability validated"}
{"level":30,"time":"2026-07-29T10:59:50.899Z","application":"booking-benchmark","reqId":"f07a17a9-e0bb-42ea-a58b-ecdabac44d24","service":"booking","bookingId":"BK-000215","customerId":"CUS-499169","hotelId":"HTL-002","component":"payment","event":"payment_started","msg":"Authorizing payment"}
{"level":30,"time":"2026-07-29T10:59:50.899Z","application":"booking-benchmark","reqId":"f07a17a9-e0bb-42ea-a58b-ecdabac44d24","service":"booking","bookingId":"BK-000215","customerId":"CUS-499169","hotelId":"HTL-002","component":"payment","event":"payment_authorized","msg":"Payment authorized"}
{"level":30,"time":"2026-07-29T10:59:50.899Z","application":"booking-benchmark","reqId":"f07a17a9-e0bb-42ea-a58b-ecdabac44d24","service":"booking","bookingId":"BK-000215","customerId":"CUS-499169","hotelId":"HTL-002","event":"payment_completed","msg":"Payment completed"}
{"level":30,"time":"2026-07-29T10:59:50.899Z","application":"booking-benchmark","reqId":"f07a17a9-e0bb-42ea-a58b-ecdabac44d24","service":"booking","bookingId":"BK-000215","customerId":"CUS-499169","hotelId":"HTL-002","event":"booking_created","msg":"Booking created"}
{"level":30,"time":"2026-07-29T10:59:50.899Z","application":"booking-benchmark","reqId":"f07a17a9-e0bb-42ea-a58b-ecdabac44d24","service":"booking","bookingId":"BK-000215","customerId":"CUS-499169","hotelId":"HTL-002","component":"notification","event":"confirmation_sent","msg":"Booking confirmation sent"}
{"level":30,"time":"2026-07-29T10:59:50.899Z","application":"booking-benchmark","reqId":"f07a17a9-e0bb-42ea-a58b-ecdabac44d24","service":"booking","bookingId":"BK-000215","customerId":"CUS-499169","hotelId":"HTL-002","event":"booking_workflow_completed","msg":"Booking workflow completed"}
{"level":30,"time":"2026-07-29T10:59:50.900Z","application":"booking-benchmark","reqId":"f07a17a9-e0bb-42ea-a58b-ecdabac44d24","event":"http_request_completed","method":"POST","url":"/bookings","statusCode":201,"durationMs":2,"msg":"Request completed"}
{"level":30,"time":"2026-07-29T10:59:50.957Z","application":"booking-benchmark","reqId":"dba862d1-7092-4643-ae93-d5f9b773eaf5","event":"http_request_started","method":"POST","url":"/bookings","msg":"Incoming request"}
{"level":30,"time":"2026-07-29T10:59:50.957Z","application":"booking-benchmark","reqId":"dba862d1-7092-4643-ae93-d5f9b773eaf5","service":"booking","bookingId":"BK-000216","customerId":"CUS-154311","hotelId":"HTL-003","event":"booking_workflow_started","nights":2,"msg":"Booking workflow started"}
{"level":30,"time":"2026-07-29T10:59:50.957Z","application":"booking-benchmark","reqId":"dba862d1-7092-4643-ae93-d5f9b773eaf5","service":"booking","bookingId":"BK-000216","customerId":"CUS-154311","hotelId":"HTL-003","component":"hotel","event":"availability_check_started","hotelId":"HTL-003","msg":"Checking hotel availability"}
{"level":30,"time":"2026-07-29T10:59:50.957Z","application":"booking-benchmark","reqId":"dba862d1-7092-4643-ae93-d5f9b773eaf5","service":"booking","bookingId":"BK-000216","customerId":"CUS-154311","hotelId":"HTL-003","component":"hotel","event":"availability_confirmed","hotelId":"HTL-003","availableRooms":12,"msg":"Hotel availability confirmed"}
{"level":30,"time":"2026-07-29T10:59:50.957Z","application":"booking-benchmark","reqId":"dba862d1-7092-4643-ae93-d5f9b773eaf5","service":"booking","bookingId":"BK-000216","customerId":"CUS-154311","hotelId":"HTL-003","event":"hotel_validated","msg":"Hotel availability validated"}
{"level":30,"time":"2026-07-29T10:59:50.957Z","application":"booking-benchmark","reqId":"dba862d1-7092-4643-ae93-d5f9b773eaf5","service":"booking","bookingId":"BK-000216","customerId":"CUS-154311","hotelId":"HTL-003","component":"payment","event":"payment_started","msg":"Authorizing payment"}
{"level":30,"time":"2026-07-29T10:59:50.957Z","application":"booking-benchmark","reqId":"dba862d1-7092-4643-ae93-d5f9b773eaf5","service":"booking","bookingId":"BK-000216","customerId":"CUS-154311","hotelId":"HTL-003","component":"payment","event":"payment_authorized","msg":"Payment authorized"}
{"level":30,"time":"2026-07-29T10:59:50.957Z","application":"booking-benchmark","reqId":"dba862d1-7092-4643-ae93-d5f9b773eaf5","service":"booking","bookingId":"BK-000216","customerId":"CUS-154311","hotelId":"HTL-003","event":"payment_completed","msg":"Payment completed"}
{"level":30,"time":"2026-07-29T10:59:50.957Z","application":"booking-benchmark","reqId":"dba862d1-7092-4643-ae93-d5f9b773eaf5","service":"booking","bookingId":"BK-000216","customerId":"CUS-154311","hotelId":"HTL-003","event":"booking_created","msg":"Booking created"}
{"level":30,"time":"2026-07-29T10:59:50.957Z","application":"booking-benchmark","reqId":"dba862d1-7092-4643-ae93-d5f9b773eaf5","service":"booking","bookingId":"BK-000216","customerId":"CUS-154311","hotelId":"HTL-003","component":"notification","event":"confirmation_sent","msg":"Booking confirmation sent"}
{"level":30,"time":"2026-07-29T10:59:50.957Z","application":"booking-benchmark","reqId":"dba862d1-7092-4643-ae93-d5f9b773eaf5","service":"booking","bookingId":"BK-000216","customerId":"CUS-154311","hotelId":"HTL-003","event":"booking_workflow_completed","msg":"Booking workflow completed"}
{"level":30,"time":"2026-07-29T10:59:50.958Z","application":"booking-benchmark","reqId":"dba862d1-7092-4643-ae93-d5f9b773eaf5","event":"http_request_completed","method":"POST","url":"/bookings","statusCode":201,"durationMs":1,"msg":"Request completed"}
{"level":30,"time":"2026-07-29T10:59:51.112Z","application":"booking-benchmark","reqId":"576fefa7-a708-4b26-9bac-6b4c9271c592","event":"http_request_started","method":"POST","url":"/bookings","msg":"Incoming request"}
{"level":30,"time":"2026-07-29T10:59:51.113Z","application":"booking-benchmark","reqId":"576fefa7-a708-4b26-9bac-6b4c9271c592","service":"booking","bookingId":"BK-000217","customerId":"CUS-943478","hotelId":"HTL-001","event":"booking_workflow_started","nights":2,"msg":"Booking workflow started"}
{"level":30,"time":"2026-07-29T10:59:51.113Z","application":"booking-benchmark","reqId":"576fefa7-a708-4b26-9bac-6b4c9271c592","service":"booking","bookingId":"BK-000217","customerId":"CUS-943478","hotelId":"HTL-001","component":"hotel","event":"availability_check_started","hotelId":"HTL-001","msg":"Checking hotel availability"}
{"level":30,"time":"2026-07-29T10:59:51.113Z","application":"booking-benchmark","reqId":"576fefa7-a708-4b26-9bac-6b4c9271c592","service":"booking","bookingId":"BK-000217","customerId":"CUS-943478","hotelId":"HTL-001","component":"hotel","event":"availability_confirmed","hotelId":"HTL-001","availableRooms":15,"msg":"Hotel availability confirmed"}
{"level":30,"time":"2026-07-29T10:59:51.113Z","application":"booking-benchmark","reqId":"576fefa7-a708-4b26-9bac-6b4c9271c592","service":"booking","bookingId":"BK-000217","customerId":"CUS-943478","hotelId":"HTL-001","event":"hotel_validated","msg":"Hotel availability validated"}
{"level":30,"time":"2026-07-29T10:59:51.113Z","application":"booking-benchmark","reqId":"576fefa7-a708-4b26-9bac-6b4c9271c592","service":"booking","bookingId":"BK-000217","customerId":"CUS-943478","hotelId":"HTL-001","component":"payment","event":"payment_started","msg":"Authorizing payment"}
{"level":30,"time":"2026-07-29T10:59:51.113Z","application":"booking-benchmark","reqId":"576fefa7-a708-4b26-9bac-6b4c9271c592","service":"booking","bookingId":"BK-000217","customerId":"CUS-943478","hotelId":"HTL-001","component":"payment","event":"payment_authorized","msg":"Payment authorized"}
{"level":30,"time":"2026-07-29T10:59:51.113Z","application":"booking-benchmark","reqId":"576fefa7-a708-4b26-9bac-6b4c9271c592","service":"booking","bookingId":"BK-000217","customerId":"CUS-943478","hotelId":"HTL-001","event":"payment_completed","msg":"Payment completed"}
{"level":30,"time":"2026-07-29T10:59:51.113Z","application":"booking-benchmark","reqId":"576fefa7-a708-4b26-9bac-6b4c9271c592","service":"booking","bookingId":"BK-000217","customerId":"CUS-943478","hotelId":"HTL-001","event":"booking_created","msg":"Booking created"}
{"level":30,"time":"2026-07-29T10:59:51.113Z","application":"booking-benchmark","reqId":"576fefa7-a708-4b26-9bac-6b4c9271c592","service":"booking","bookingId":"BK-000217","customerId":"CUS-943478","hotelId":"HTL-001","component":"notification","event":"confirmation_sent","msg":"Booking confirmation sent"}
{"level":30,"time":"2026-07-29T10:59:51.113Z","application":"booking-benchmark","reqId":"576fefa7-a708-4b26-9bac-6b4c9271c592","service":"booking","bookingId":"BK-000217","customerId":"CUS-943478","hotelId":"HTL-001","event":"booking_workflow_completed","msg":"Booking workflow completed"}
{"level":30,"time":"2026-07-29T10:59:51.114Z","application":"booking-benchmark","reqId":"576fefa7-a708-4b26-9bac-6b4c9271c592","event":"http_request_completed","method":"POST","url":"/bookings","statusCode":201,"durationMs":2,"msg":"Request completed"}
{"level":30,"time":"2026-07-29T10:59:51.308Z","application":"booking-benchmark","reqId":"93609314-fb8b-4ae9-8d2d-c61d238356e2","event":"http_request_started","method":"POST","url":"/bookings","msg":"Incoming request"}
{"level":30,"time":"2026-07-29T10:59:51.308Z","application":"booking-benchmark","reqId":"93609314-fb8b-4ae9-8d2d-c61d238356e2","service":"booking","bookingId":"BK-000218","customerId":"CUS-995912","hotelId":"HTL-004","event":"booking_workflow_started","nights":7,"msg":"Booking workflow started"}
{"level":30,"time":"2026-07-29T10:59:51.308Z","application":"booking-benchmark","reqId":"93609314-fb8b-4ae9-8d2d-c61d238356e2","service":"booking","bookingId":"BK-000218","customerId":"CUS-995912","hotelId":"HTL-004","component":"hotel","event":"availability_check_started","hotelId":"HTL-004","msg":"Checking hotel availability"}
{"level":30,"time":"2026-07-29T10:59:51.308Z","application":"booking-benchmark","reqId":"93609314-fb8b-4ae9-8d2d-c61d238356e2","service":"booking","bookingId":"BK-000218","customerId":"CUS-995912","hotelId":"HTL-004","component":"hotel","event":"availability_confirmed","hotelId":"HTL-004","availableRooms":20,"msg":"Hotel availability confirmed"}
{"level":30,"time":"2026-07-29T10:59:51.308Z","application":"booking-benchmark","reqId":"93609314-fb8b-4ae9-8d2d-c61d238356e2","service":"booking","bookingId":"BK-000218","customerId":"CUS-995912","hotelId":"HTL-004","event":"hotel_validated","msg":"Hotel availability validated"}
{"level":30,"time":"2026-07-29T10:59:51.308Z","application":"booking-benchmark","reqId":"93609314-fb8b-4ae9-8d2d-c61d238356e2","service":"booking","bookingId":"BK-000218","customerId":"CUS-995912","hotelId":"HTL-004","component":"payment","event":"payment_started","msg":"Authorizing payment"}
{"level":30,"time":"2026-07-29T10:59:51.308Z","application":"booking-benchmark","reqId":"93609314-fb8b-4ae9-8d2d-c61d238356e2","service":"booking","bookingId":"BK-000218","customerId":"CUS-995912","hotelId":"HTL-004","component":"payment","event":"payment_authorized","msg":"Payment authorized"}
{"level":30,"time":"2026-07-29T10:59:51.308Z","application":"booking-benchmark","reqId":"93609314-fb8b-4ae9-8d2d-c61d238356e2","service":"booking","bookingId":"BK-000218","customerId":"CUS-995912","hotelId":"HTL-004","event":"payment_completed","msg":"Payment completed"}
{"level":30,"time":"2026-07-29T10:59:51.308Z","application":"booking-benchmark","reqId":"93609314-fb8b-4ae9-8d2d-c61d238356e2","service":"booking","bookingId":"BK-000218","customerId":"CUS-995912","hotelId":"HTL-004","event":"booking_created","msg":"Booking created"}
{"level":30,"time":"2026-07-29T10:59:51.308Z","application":"booking-benchmark","reqId":"93609314-fb8b-4ae9-8d2d-c61d238356e2","service":"booking","bookingId":"BK-000218","customerId":"CUS-995912","hotelId":"HTL-004","component":"notification","event":"confirmation_sent","msg":"Booking confirmation sent"}
{"level":30,"time":"2026-07-29T10:59:51.308Z","application":"booking-benchmark","reqId":"93609314-fb8b-4ae9-8d2d-c61d238356e2","service":"booking","bookingId":"BK-000218","customerId":"CUS-995912","hotelId":"HTL-004","event":"booking_workflow_completed","msg":"Booking workflow completed"}
{"level":30,"time":"2026-07-29T10:59:51.308Z","application":"booking-benchmark","reqId":"93609314-fb8b-4ae9-8d2d-c61d238356e2","event":"http_request_completed","method":"POST","url":"/bookings","statusCode":201,"durationMs":0,"msg":"Request completed"}
{"level":30,"time":"2026-07-29T10:59:51.470Z","application":"booking-benchmark","reqId":"0b310150-b559-4bfe-bfed-ad9a75ecb9c9","event":"http_request_started","method":"POST","url":"/bookings","msg":"Incoming request"}
{"level":30,"time":"2026-07-29T10:59:51.470Z","application":"booking-benchmark","reqId":"0b310150-b559-4bfe-bfed-ad9a75ecb9c9","service":"booking","bookingId":"BK-000219","customerId":"CUS-697384","hotelId":"HTL-002","event":"booking_workflow_started","nights":3,"msg":"Booking workflow started"}
{"level":30,"time":"2026-07-29T10:59:51.470Z","application":"booking-benchmark","reqId":"0b310150-b559-4bfe-bfed-ad9a75ecb9c9","service":"booking","bookingId":"BK-000219","customerId":"CUS-697384","hotelId":"HTL-002","component":"hotel","event":"availability_check_started","hotelId":"HTL-002","msg":"Checking hotel availability"}
{"level":30,"time":"2026-07-29T10:59:51.470Z","application":"booking-benchmark","reqId":"0b310150-b559-4bfe-bfed-ad9a75ecb9c9","service":"booking","bookingId":"BK-000219","customerId":"CUS-697384","hotelId":"HTL-002","component":"hotel","event":"availability_confirmed","hotelId":"HTL-002","availableRooms":8,"msg":"Hotel availability confirmed"}
{"level":30,"time":"2026-07-29T10:59:51.470Z","application":"booking-benchmark","reqId":"0b310150-b559-4bfe-bfed-ad9a75ecb9c9","service":"booking","bookingId":"BK-000219","customerId":"CUS-697384","hotelId":"HTL-002","event":"hotel_validated","msg":"Hotel availability validated"}
{"level":30,"time":"2026-07-29T10:59:51.470Z","application":"booking-benchmark","reqId":"0b310150-b559-4bfe-bfed-ad9a75ecb9c9","service":"booking","bookingId":"BK-000219","customerId":"CUS-697384","hotelId":"HTL-002","component":"payment","event":"payment_started","msg":"Authorizing payment"}
{"level":30,"time":"2026-07-29T10:59:51.470Z","application":"booking-benchmark","reqId":"0b310150-b559-4bfe-bfed-ad9a75ecb9c9","service":"booking","bookingId":"BK-000219","customerId":"CUS-697384","hotelId":"HTL-002","component":"payment","event":"payment_authorized","msg":"Payment authorized"}
{"level":30,"time":"2026-07-29T10:59:51.470Z","application":"booking-benchmark","reqId":"0b310150-b559-4bfe-bfed-ad9a75ecb9c9","service":"booking","bookingId":"BK-000219","customerId":"CUS-697384","hotelId":"HTL-002","event":"payment_completed","msg":"Payment completed"}
{"level":30,"time":"2026-07-29T10:59:51.470Z","application":"booking-benchmark","reqId":"0b310150-b559-4bfe-bfed-ad9a75ecb9c9","service":"booking","bookingId":"BK-000219","customerId":"CUS-697384","hotelId":"HTL-002","event":"booking_created","msg":"Booking created"}
{"level":30,"time":"2026-07-29T10:59:51.470Z","application":"booking-benchmark","reqId":"0b310150-b559-4bfe-bfed-ad9a75ecb9c9","service":"booking","bookingId":"BK-000219","customerId":"CUS-697384","hotelId":"HTL-002","component":"notification","event":"confirmation_sent","msg":"Booking confirmation sent"}
{"level":30,"time":"2026-07-29T10:59:51.470Z","application":"booking-benchmark","reqId":"0b310150-b559-4bfe-bfed-ad9a75ecb9c9","service":"booking","bookingId":"BK-000219","customerId":"CUS-697384","hotelId":"HTL-002","event":"booking_workflow_completed","msg":"Booking workflow completed"}
{"level":30,"time":"2026-07-29T10:59:51.471Z","application":"booking-benchmark","reqId":"0b310150-b559-4bfe-bfed-ad9a75ecb9c9","event":"http_request_completed","method":"POST","url":"/bookings","statusCode":201,"durationMs":1,"msg":"Request completed"}
{"level":30,"time":"2026-07-29T10:59:51.529Z","application":"booking-benchmark","reqId":"e8d37491-02d0-4689-8825-1f51fc13e1c6","event":"http_request_started","method":"POST","url":"/bookings","msg":"Incoming request"}
{"level":30,"time":"2026-07-29T10:59:51.530Z","application":"booking-benchmark","reqId":"e8d37491-02d0-4689-8825-1f51fc13e1c6","service":"booking","bookingId":"BK-000220","customerId":"CUS-835750","hotelId":"HTL-001","event":"booking_workflow_started","nights":4,"msg":"Booking workflow started"}
{"level":30,"time":"2026-07-29T10:59:51.530Z","application":"booking-benchmark","reqId":"e8d37491-02d0-4689-8825-1f51fc13e1c6","service":"booking","bookingId":"BK-000220","customerId":"CUS-835750","hotelId":"HTL-001","component":"hotel","event":"availability_check_started","hotelId":"HTL-001","msg":"Checking hotel availability"}
{"level":30,"time":"2026-07-29T10:59:51.530Z","application":"booking-benchmark","reqId":"e8d37491-02d0-4689-8825-1f51fc13e1c6","service":"booking","bookingId":"BK-000220","customerId":"CUS-835750","hotelId":"HTL-001","component":"hotel","event":"availability_confirmed","hotelId":"HTL-001","availableRooms":15,"msg":"Hotel availability confirmed"}
{"level":30,"time":"2026-07-29T10:59:51.530Z","application":"booking-benchmark","reqId":"e8d37491-02d0-4689-8825-1f51fc13e1c6","service":"booking","bookingId":"BK-000220","customerId":"CUS-835750","hotelId":"HTL-001","event":"hotel_validated","msg":"Hotel availability validated"}
{"level":30,"time":"2026-07-29T10:59:51.530Z","application":"booking-benchmark","reqId":"e8d37491-02d0-4689-8825-1f51fc13e1c6","service":"booking","bookingId":"BK-000220","customerId":"CUS-835750","hotelId":"HTL-001","component":"payment","event":"payment_started","msg":"Authorizing payment"}
{"level":30,"time":"2026-07-29T10:59:51.530Z","application":"booking-benchmark","reqId":"e8d37491-02d0-4689-8825-1f51fc13e1c6","service":"booking","bookingId":"BK-000220","customerId":"CUS-835750","hotelId":"HTL-001","component":"payment","event":"payment_authorized","msg":"Payment authorized"}
{"level":30,"time":"2026-07-29T10:59:51.530Z","application":"booking-benchmark","reqId":"e8d37491-02d0-4689-8825-1f51fc13e1c6","service":"booking","bookingId":"BK-000220","customerId":"CUS-835750","hotelId":"HTL-001","event":"payment_completed","msg":"Payment completed"}
{"level":30,"time":"2026-07-29T10:59:51.530Z","application":"booking-benchmark","reqId":"e8d37491-02d0-4689-8825-1f51fc13e1c6","service":"booking","bookingId":"BK-000220","customerId":"CUS-835750","hotelId":"HTL-001","event":"booking_created","msg":"Booking created"}
{"level":30,"time":"2026-07-29T10:59:51.530Z","application":"booking-benchmark","reqId":"e8d37491-02d0-4689-8825-1f51fc13e1c6","service":"booking","bookingId":"BK-000220","customerId":"CUS-835750","hotelId":"HTL-001","component":"notification","event":"confirmation_sent","msg":"Booking confirmation sent"}
{"level":30,"time":"2026-07-29T10:59:51.530Z","application":"booking-benchmark","reqId":"e8d37491-02d0-4689-8825-1f51fc13e1c6","service":"booking","bookingId":"BK-000220","customerId":"CUS-835750","hotelId":"HTL-001","event":"booking_workflow_completed","msg":"Booking workflow completed"}
{"level":30,"time":"2026-07-29T10:59:51.531Z","application":"booking-benchmark","reqId":"e8d37491-02d0-4689-8825-1f51fc13e1c6","event":"http_request_completed","method":"POST","url":"/bookings","statusCode":201,"durationMs":2,"msg":"Request completed"}
{"level":30,"time":"2026-07-29T10:59:51.653Z","application":"booking-benchmark","reqId":"d6050d61-499b-4a12-aeb9-21b494644d37","event":"http_request_started","method":"POST","url":"/bookings","msg":"Incoming request"}
{"level":30,"time":"2026-07-29T10:59:51.653Z","application":"booking-benchmark","reqId":"d6050d61-499b-4a12-aeb9-21b494644d37","service":"booking","bookingId":"BK-000221","customerId":"CUS-997652","hotelId":"HTL-004","event":"booking_workflow_started","nights":7,"msg":"Booking workflow started"}
{"level":30,"time":"2026-07-29T10:59:51.653Z","application":"booking-benchmark","reqId":"d6050d61-499b-4a12-aeb9-21b494644d37","service":"booking","bookingId":"BK-000221","customerId":"CUS-997652","hotelId":"HTL-004","component":"hotel","event":"availability_check_started","hotelId":"HTL-004","msg":"Checking hotel availability"}
{"level":30,"time":"2026-07-29T10:59:51.653Z","application":"booking-benchmark","reqId":"d6050d61-499b-4a12-aeb9-21b494644d37","service":"booking","bookingId":"BK-000221","customerId":"CUS-997652","hotelId":"HTL-004","component":"hotel","event":"availability_confirmed","hotelId":"HTL-004","availableRooms":20,"msg":"Hotel availability confirmed"}
{"level":30,"time":"2026-07-29T10:59:51.653Z","application":"booking-benchmark","reqId":"d6050d61-499b-4a12-aeb9-21b494644d37","service":"booking","bookingId":"BK-000221","customerId":"CUS-997652","hotelId":"HTL-004","event":"hotel_validated","msg":"Hotel availability validated"}
{"level":30,"time":"2026-07-29T10:59:51.653Z","application":"booking-benchmark","reqId":"d6050d61-499b-4a12-aeb9-21b494644d37","service":"booking","bookingId":"BK-000221","customerId":"CUS-997652","hotelId":"HTL-004","component":"payment","event":"payment_started","msg":"Authorizing payment"}
{"level":30,"time":"2026-07-29T10:59:51.653Z","application":"booking-benchmark","reqId":"d6050d61-499b-4a12-aeb9-21b494644d37","service":"booking","bookingId":"BK-000221","customerId":"CUS-997652","hotelId":"HTL-004","component":"payment","event":"payment_authorized","msg":"Payment authorized"}
{"level":30,"time":"2026-07-29T10:59:51.653Z","application":"booking-benchmark","reqId":"d6050d61-499b-4a12-aeb9-21b494644d37","service":"booking","bookingId":"BK-000221","customerId":"CUS-997652","hotelId":"HTL-004","event":"payment_completed","msg":"Payment completed"}
{"level":30,"time":"2026-07-29T10:59:51.653Z","application":"booking-benchmark","reqId":"d6050d61-499b-4a12-aeb9-21b494644d37","service":"booking","bookingId":"BK-000221","customerId":"CUS-997652","hotelId":"HTL-004","event":"booking_created","msg":"Booking created"}
{"level":30,"time":"2026-07-29T10:59:51.653Z","application":"booking-benchmark","reqId":"d6050d61-499b-4a12-aeb9-21b494644d37","service":"booking","bookingId":"BK-000221","customerId":"CUS-997652","hotelId":"HTL-004","component":"notification","event":"confirmation_sent","msg":"Booking confirmation sent"}
{"level":30,"time":"2026-07-29T10:59:51.653Z","application":"booking-benchmark","reqId":"d6050d61-499b-4a12-aeb9-21b494644d37","service":"booking","bookingId":"BK-000221","customerId":"CUS-997652","hotelId":"HTL-004","event":"booking_workflow_completed","msg":"Booking workflow completed"}
{"level":30,"time":"2026-07-29T10:59:51.654Z","application":"booking-benchmark","reqId":"d6050d61-499b-4a12-aeb9-21b494644d37","event":"http_request_completed","method":"POST","url":"/bookings","statusCode":201,"durationMs":1,"msg":"Request completed"}
{"level":30,"time":"2026-07-29T10:59:51.819Z","application":"booking-benchmark","reqId":"441cbdc3-3d73-49eb-b498-75eb3df2ab8d","event":"http_request_started","method":"POST","url":"/bookings","msg":"Incoming request"}
{"level":30,"time":"2026-07-29T10:59:51.819Z","application":"booking-benchmark","reqId":"441cbdc3-3d73-49eb-b498-75eb3df2ab8d","service":"booking","bookingId":"BK-000222","customerId":"CUS-653196","hotelId":"HTL-004","event":"booking_workflow_started","nights":6,"msg":"Booking workflow started"}
{"level":30,"time":"2026-07-29T10:59:51.819Z","application":"booking-benchmark","reqId":"441cbdc3-3d73-49eb-b498-75eb3df2ab8d","service":"booking","bookingId":"BK-000222","customerId":"CUS-653196","hotelId":"HTL-004","component":"hotel","event":"availability_check_started","hotelId":"HTL-004","msg":"Checking hotel availability"}
{"level":30,"time":"2026-07-29T10:59:51.819Z","application":"booking-benchmark","reqId":"441cbdc3-3d73-49eb-b498-75eb3df2ab8d","service":"booking","bookingId":"BK-000222","customerId":"CUS-653196","hotelId":"HTL-004","component":"hotel","event":"availability_confirmed","hotelId":"HTL-004","availableRooms":20,"msg":"Hotel availability confirmed"}
{"level":30,"time":"2026-07-29T10:59:51.819Z","application":"booking-benchmark","reqId":"441cbdc3-3d73-49eb-b498-75eb3df2ab8d","service":"booking","bookingId":"BK-000222","customerId":"CUS-653196","hotelId":"HTL-004","event":"hotel_validated","msg":"Hotel availability validated"}
{"level":30,"time":"2026-07-29T10:59:51.819Z","application":"booking-benchmark","reqId":"441cbdc3-3d73-49eb-b498-75eb3df2ab8d","service":"booking","bookingId":"BK-000222","customerId":"CUS-653196","hotelId":"HTL-004","component":"payment","event":"payment_started","msg":"Authorizing payment"}
{"level":30,"time":"2026-07-29T10:59:51.819Z","application":"booking-benchmark","reqId":"441cbdc3-3d73-49eb-b498-75eb3df2ab8d","service":"booking","bookingId":"BK-000222","customerId":"CUS-653196","hotelId":"HTL-004","component":"payment","event":"payment_authorized","msg":"Payment authorized"}
{"level":30,"time":"2026-07-29T10:59:51.819Z","application":"booking-benchmark","reqId":"441cbdc3-3d73-49eb-b498-75eb3df2ab8d","service":"booking","bookingId":"BK-000222","customerId":"CUS-653196","hotelId":"HTL-004","event":"payment_completed","msg":"Payment completed"}
{"level":30,"time":"2026-07-29T10:59:51.819Z","application":"booking-benchmark","reqId":"441cbdc3-3d73-49eb-b498-75eb3df2ab8d","service":"booking","bookingId":"BK-000222","customerId":"CUS-653196","hotelId":"HTL-004","event":"booking_created","msg":"Booking created"}
{"level":30,"time":"2026-07-29T10:59:51.819Z","application":"booking-benchmark","reqId":"441cbdc3-3d73-49eb-b498-75eb3df2ab8d","service":"booking","bookingId":"BK-000222","customerId":"CUS-653196","hotelId":"HTL-004","component":"notification","event":"confirmation_sent","msg":"Booking confirmation sent"}
{"level":30,"time":"2026-07-29T10:59:51.819Z","application":"booking-benchmark","reqId":"441cbdc3-3d73-49eb-b498-75eb3df2ab8d","service":"booking","bookingId":"BK-000222","customerId":"CUS-653196","hotelId":"HTL-004","event":"booking_workflow_completed","msg":"Booking workflow completed"}
{"level":30,"time":"2026-07-29T10:59:51.820Z","application":"booking-benchmark","reqId":"441cbdc3-3d73-49eb-b498-75eb3df2ab8d","event":"http_request_completed","method":"POST","url":"/bookings","statusCode":201,"durationMs":1,"msg":"Request completed"}
{"level":30,"time":"2026-07-29T10:59:51.914Z","application":"booking-benchmark","reqId":"8f072a79-179c-45b5-a55c-eb31cddbbdfe","event":"http_request_started","method":"POST","url":"/bookings","msg":"Incoming request"}
{"level":30,"time":"2026-07-29T10:59:51.915Z","application":"booking-benchmark","reqId":"8f072a79-179c-45b5-a55c-eb31cddbbdfe","service":"booking","bookingId":"BK-000223","customerId":"CUS-512779","hotelId":"HTL-005","event":"booking_workflow_started","nights":4,"msg":"Booking workflow started"}
{"level":30,"time":"2026-07-29T10:59:51.915Z","application":"booking-benchmark","reqId":"8f072a79-179c-45b5-a55c-eb31cddbbdfe","service":"booking","bookingId":"BK-000223","customerId":"CUS-512779","hotelId":"HTL-005","component":"hotel","event":"availability_check_started","hotelId":"HTL-005","msg":"Checking hotel availability"}
{"level":30,"time":"2026-07-29T10:59:51.915Z","application":"booking-benchmark","reqId":"8f072a79-179c-45b5-a55c-eb31cddbbdfe","service":"booking","bookingId":"BK-000223","customerId":"CUS-512779","hotelId":"HTL-005","component":"hotel","event":"availability_confirmed","hotelId":"HTL-005","availableRooms":10,"msg":"Hotel availability confirmed"}
{"level":30,"time":"2026-07-29T10:59:51.915Z","application":"booking-benchmark","reqId":"8f072a79-179c-45b5-a55c-eb31cddbbdfe","service":"booking","bookingId":"BK-000223","customerId":"CUS-512779","hotelId":"HTL-005","event":"hotel_validated","msg":"Hotel availability validated"}
{"level":30,"time":"2026-07-29T10:59:51.915Z","application":"booking-benchmark","reqId":"8f072a79-179c-45b5-a55c-eb31cddbbdfe","service":"booking","bookingId":"BK-000223","customerId":"CUS-512779","hotelId":"HTL-005","component":"payment","event":"payment_started","msg":"Authorizing payment"}
{"level":30,"time":"2026-07-29T10:59:51.915Z","application":"booking-benchmark","reqId":"8f072a79-179c-45b5-a55c-eb31cddbbdfe","service":"booking","bookingId":"BK-000223","customerId":"CUS-512779","hotelId":"HTL-005","component":"payment","event":"payment_authorized","msg":"Payment authorized"}
{"level":30,"time":"2026-07-29T10:59:51.915Z","application":"booking-benchmark","reqId":"8f072a79-179c-45b5-a55c-eb31cddbbdfe","service":"booking","bookingId":"BK-000223","customerId":"CUS-512779","hotelId":"HTL-005","event":"payment_completed","msg":"Payment completed"}
{"level":30,"time":"2026-07-29T10:59:51.915Z","application":"booking-benchmark","reqId":"8f072a79-179c-45b5-a55c-eb31cddbbdfe","service":"booking","bookingId":"BK-000223","customerId":"CUS-512779","hotelId":"HTL-005","event":"booking_created","msg":"Booking created"}
{"level":30,"time":"2026-07-29T10:59:51.915Z","application":"booking-benchmark","reqId":"8f072a79-179c-45b5-a55c-eb31cddbbdfe","service":"booking","bookingId":"BK-000223","customerId":"CUS-512779","hotelId":"HTL-005","component":"notification","event":"confirmation_sent","msg":"Booking confirmation sent"}
{"level":30,"time":"2026-07-29T10:59:51.915Z","application":"booking-benchmark","reqId":"8f072a79-179c-45b5-a55c-eb31cddbbdfe","service":"booking","bookingId":"BK-000223","customerId":"CUS-512779","hotelId":"HTL-005","event":"booking_workflow_completed","msg":"Booking workflow completed"}
{"level":30,"time":"2026-07-29T10:59:51.915Z","application":"booking-benchmark","reqId":"8f072a79-179c-45b5-a55c-eb31cddbbdfe","event":"http_request_completed","method":"POST","url":"/bookings","statusCode":201,"durationMs":1,"msg":"Request completed"}
{"level":30,"time":"2026-07-29T10:59:52.108Z","application":"booking-benchmark","reqId":"b3b8d691-0021-42a6-a17d-d217a721ec43","event":"http_request_started","method":"POST","url":"/bookings","msg":"Incoming request"}
{"level":30,"time":"2026-07-29T10:59:52.108Z","application":"booking-benchmark","reqId":"b3b8d691-0021-42a6-a17d-d217a721ec43","service":"booking","bookingId":"BK-000224","customerId":"CUS-446756","hotelId":"HTL-002","event":"booking_workflow_started","nights":3,"msg":"Booking workflow started"}
{"level":30,"time":"2026-07-29T10:59:52.108Z","application":"booking-benchmark","reqId":"b3b8d691-0021-42a6-a17d-d217a721ec43","service":"booking","bookingId":"BK-000224","customerId":"CUS-446756","hotelId":"HTL-002","component":"hotel","event":"availability_check_started","hotelId":"HTL-002","msg":"Checking hotel availability"}
{"level":30,"time":"2026-07-29T10:59:52.108Z","application":"booking-benchmark","reqId":"b3b8d691-0021-42a6-a17d-d217a721ec43","service":"booking","bookingId":"BK-000224","customerId":"CUS-446756","hotelId":"HTL-002","component":"hotel","event":"availability_confirmed","hotelId":"HTL-002","availableRooms":8,"msg":"Hotel availability confirmed"}
{"level":30,"time":"2026-07-29T10:59:52.108Z","application":"booking-benchmark","reqId":"b3b8d691-0021-42a6-a17d-d217a721ec43","service":"booking","bookingId":"BK-000224","customerId":"CUS-446756","hotelId":"HTL-002","event":"hotel_validated","msg":"Hotel availability validated"}
{"level":30,"time":"2026-07-29T10:59:52.108Z","application":"booking-benchmark","reqId":"b3b8d691-0021-42a6-a17d-d217a721ec43","service":"booking","bookingId":"BK-000224","customerId":"CUS-446756","hotelId":"HTL-002","component":"payment","event":"payment_started","msg":"Authorizing payment"}
{"level":30,"time":"2026-07-29T10:59:52.108Z","application":"booking-benchmark","reqId":"b3b8d691-0021-42a6-a17d-d217a721ec43","service":"booking","bookingId":"BK-000224","customerId":"CUS-446756","hotelId":"HTL-002","component":"payment","event":"payment_authorized","msg":"Payment authorized"}
{"level":30,"time":"2026-07-29T10:59:52.108Z","application":"booking-benchmark","reqId":"b3b8d691-0021-42a6-a17d-d217a721ec43","service":"booking","bookingId":"BK-000224","customerId":"CUS-446756","hotelId":"HTL-002","event":"payment_completed","msg":"Payment completed"}
{"level":30,"time":"2026-07-29T10:59:52.108Z","application":"booking-benchmark","reqId":"b3b8d691-0021-42a6-a17d-d217a721ec43","service":"booking","bookingId":"BK-000224","customerId":"CUS-446756","hotelId":"HTL-002","event":"booking_created","msg":"Booking created"}
{"level":30,"time":"2026-07-29T10:59:52.108Z","application":"booking-benchmark","reqId":"b3b8d691-0021-42a6-a17d-d217a721ec43","service":"booking","bookingId":"BK-000224","customerId":"CUS-446756","hotelId":"HTL-002","component":"notification","event":"confirmation_sent","msg":"Booking confirmation sent"}
{"level":30,"time":"2026-07-29T10:59:52.108Z","application":"booking-benchmark","reqId":"b3b8d691-0021-42a6-a17d-d217a721ec43","service":"booking","bookingId":"BK-000224","customerId":"CUS-446756","hotelId":"HTL-002","event":"booking_workflow_completed","msg":"Booking workflow completed"}
{"level":30,"time":"2026-07-29T10:59:52.109Z","application":"booking-benchmark","reqId":"b3b8d691-0021-42a6-a17d-d217a721ec43","event":"http_request_completed","method":"POST","url":"/bookings","statusCode":201,"durationMs":1,"msg":"Request completed"}
{"level":30,"time":"2026-07-29T10:59:52.184Z","application":"booking-benchmark","reqId":"833420fa-1058-402d-a7f4-3e510c257871","event":"http_request_started","method":"POST","url":"/bookings","msg":"Incoming request"}
{"level":30,"time":"2026-07-29T10:59:52.185Z","application":"booking-benchmark","reqId":"833420fa-1058-402d-a7f4-3e510c257871","service":"booking","bookingId":"BK-000225","customerId":"CUS-086952","hotelId":"HTL-005","event":"booking_workflow_started","nights":1,"msg":"Booking workflow started"}
{"level":30,"time":"2026-07-29T10:59:52.185Z","application":"booking-benchmark","reqId":"833420fa-1058-402d-a7f4-3e510c257871","service":"booking","bookingId":"BK-000225","customerId":"CUS-086952","hotelId":"HTL-005","component":"hotel","event":"availability_check_started","hotelId":"HTL-005","msg":"Checking hotel availability"}
{"level":30,"time":"2026-07-29T10:59:52.185Z","application":"booking-benchmark","reqId":"833420fa-1058-402d-a7f4-3e510c257871","service":"booking","bookingId":"BK-000225","customerId":"CUS-086952","hotelId":"HTL-005","component":"hotel","event":"availability_confirmed","hotelId":"HTL-005","availableRooms":10,"msg":"Hotel availability confirmed"}
{"level":30,"time":"2026-07-29T10:59:52.185Z","application":"booking-benchmark","reqId":"833420fa-1058-402d-a7f4-3e510c257871","service":"booking","bookingId":"BK-000225","customerId":"CUS-086952","hotelId":"HTL-005","event":"hotel_validated","msg":"Hotel availability validated"}
{"level":30,"time":"2026-07-29T10:59:52.185Z","application":"booking-benchmark","reqId":"833420fa-1058-402d-a7f4-3e510c257871","service":"booking","bookingId":"BK-000225","customerId":"CUS-086952","hotelId":"HTL-005","component":"payment","event":"payment_started","msg":"Authorizing payment"}
{"level":30,"time":"2026-07-29T10:59:52.185Z","application":"booking-benchmark","reqId":"833420fa-1058-402d-a7f4-3e510c257871","service":"booking","bookingId":"BK-000225","customerId":"CUS-086952","hotelId":"HTL-005","component":"payment","event":"payment_authorized","msg":"Payment authorized"}
{"level":30,"time":"2026-07-29T10:59:52.185Z","application":"booking-benchmark","reqId":"833420fa-1058-402d-a7f4-3e510c257871","service":"booking","bookingId":"BK-000225","customerId":"CUS-086952","hotelId":"HTL-005","event":"payment_completed","msg":"Payment completed"}
{"level":30,"time":"2026-07-29T10:59:52.185Z","application":"booking-benchmark","reqId":"833420fa-1058-402d-a7f4-3e510c257871","service":"booking","bookingId":"BK-000225","customerId":"CUS-086952","hotelId":"HTL-005","event":"booking_created","msg":"Booking created"}
{"level":30,"time":"2026-07-29T10:59:52.185Z","application":"booking-benchmark","reqId":"833420fa-1058-402d-a7f4-3e510c257871","service":"booking","bookingId":"BK-000225","customerId":"CUS-086952","hotelId":"HTL-005","component":"notification","event":"confirmation_sent","msg":"Booking confirmation sent"}
{"level":30,"time":"2026-07-29T10:59:52.185Z","application":"booking-benchmark","reqId":"833420fa-1058-402d-a7f4-3e510c257871","service":"booking","bookingId":"BK-000225","customerId":"CUS-086952","hotelId":"HTL-005","event":"booking_workflow_completed","msg":"Booking workflow completed"}
{"level":30,"time":"2026-07-29T10:59:52.186Z","application":"booking-benchmark","reqId":"833420fa-1058-402d-a7f4-3e510c257871","event":"http_request_completed","method":"POST","url":"/bookings","statusCode":201,"durationMs":2,"msg":"Request completed"}
{"level":30,"time":"2026-07-29T10:59:52.367Z","application":"booking-benchmark","reqId":"85f7c9f4-c6b3-4110-a1ff-4b8515e98ac0","event":"http_request_started","method":"POST","url":"/bookings","msg":"Incoming request"}
{"level":30,"time":"2026-07-29T10:59:52.367Z","application":"booking-benchmark","reqId":"85f7c9f4-c6b3-4110-a1ff-4b8515e98ac0","service":"booking","bookingId":"BK-000226","customerId":"CUS-233137","hotelId":"HTL-005","event":"booking_workflow_started","nights":6,"msg":"Booking workflow started"}
{"level":30,"time":"2026-07-29T10:59:52.367Z","application":"booking-benchmark","reqId":"85f7c9f4-c6b3-4110-a1ff-4b8515e98ac0","service":"booking","bookingId":"BK-000226","customerId":"CUS-233137","hotelId":"HTL-005","component":"hotel","event":"availability_check_started","hotelId":"HTL-005","msg":"Checking hotel availability"}
{"level":30,"time":"2026-07-29T10:59:52.367Z","application":"booking-benchmark","reqId":"85f7c9f4-c6b3-4110-a1ff-4b8515e98ac0","service":"booking","bookingId":"BK-000226","customerId":"CUS-233137","hotelId":"HTL-005","component":"hotel","event":"availability_confirmed","hotelId":"HTL-005","availableRooms":10,"msg":"Hotel availability confirmed"}
{"level":30,"time":"2026-07-29T10:59:52.367Z","application":"booking-benchmark","reqId":"85f7c9f4-c6b3-4110-a1ff-4b8515e98ac0","service":"booking","bookingId":"BK-000226","customerId":"CUS-233137","hotelId":"HTL-005","event":"hotel_validated","msg":"Hotel availability validated"}
{"level":30,"time":"2026-07-29T10:59:52.367Z","application":"booking-benchmark","reqId":"85f7c9f4-c6b3-4110-a1ff-4b8515e98ac0","service":"booking","bookingId":"BK-000226","customerId":"CUS-233137","hotelId":"HTL-005","component":"payment","event":"payment_started","msg":"Authorizing payment"}
{"level":30,"time":"2026-07-29T10:59:52.368Z","application":"booking-benchmark","reqId":"85f7c9f4-c6b3-4110-a1ff-4b8515e98ac0","service":"booking","bookingId":"BK-000226","customerId":"CUS-233137","hotelId":"HTL-005","component":"payment","event":"payment_authorized","msg":"Payment authorized"}
{"level":30,"time":"2026-07-29T10:59:52.368Z","application":"booking-benchmark","reqId":"85f7c9f4-c6b3-4110-a1ff-4b8515e98ac0","service":"booking","bookingId":"BK-000226","customerId":"CUS-233137","hotelId":"HTL-005","event":"payment_completed","msg":"Payment completed"}
{"level":30,"time":"2026-07-29T10:59:52.368Z","application":"booking-benchmark","reqId":"85f7c9f4-c6b3-4110-a1ff-4b8515e98ac0","service":"booking","bookingId":"BK-000226","customerId":"CUS-233137","hotelId":"HTL-005","event":"booking_created","msg":"Booking created"}
{"level":30,"time":"2026-07-29T10:59:52.368Z","application":"booking-benchmark","reqId":"85f7c9f4-c6b3-4110-a1ff-4b8515e98ac0","service":"booking","bookingId":"BK-000226","customerId":"CUS-233137","hotelId":"HTL-005","component":"notification","event":"confirmation_sent","msg":"Booking confirmation sent"}
{"level":30,"time":"2026-07-29T10:59:52.368Z","application":"booking-benchmark","reqId":"85f7c9f4-c6b3-4110-a1ff-4b8515e98ac0","service":"booking","bookingId":"BK-000226","customerId":"CUS-233137","hotelId":"HTL-005","event":"booking_workflow_completed","msg":"Booking workflow completed"}
{"level":30,"time":"2026-07-29T10:59:52.368Z","application":"booking-benchmark","reqId":"85f7c9f4-c6b3-4110-a1ff-4b8515e98ac0","event":"http_request_completed","method":"POST","url":"/bookings","statusCode":201,"durationMs":1,"msg":"Request completed"}
{"level":30,"time":"2026-07-29T10:59:52.524Z","application":"booking-benchmark","reqId":"f3ec43f8-a6f5-458d-a651-fdcc2a09b6de","event":"http_request_started","method":"POST","url":"/bookings","msg":"Incoming request"}
{"level":30,"time":"2026-07-29T10:59:52.525Z","application":"booking-benchmark","reqId":"f3ec43f8-a6f5-458d-a651-fdcc2a09b6de","service":"booking","bookingId":"BK-000227","customerId":"CUS-304864","hotelId":"HTL-005","event":"booking_workflow_started","nights":6,"msg":"Booking workflow started"}
{"level":30,"time":"2026-07-29T10:59:52.525Z","application":"booking-benchmark","reqId":"f3ec43f8-a6f5-458d-a651-fdcc2a09b6de","service":"booking","bookingId":"BK-000227","customerId":"CUS-304864","hotelId":"HTL-005","component":"hotel","event":"availability_check_started","hotelId":"HTL-005","msg":"Checking hotel availability"}
{"level":30,"time":"2026-07-29T10:59:52.525Z","application":"booking-benchmark","reqId":"f3ec43f8-a6f5-458d-a651-fdcc2a09b6de","service":"booking","bookingId":"BK-000227","customerId":"CUS-304864","hotelId":"HTL-005","component":"hotel","event":"availability_confirmed","hotelId":"HTL-005","availableRooms":10,"msg":"Hotel availability confirmed"}
{"level":30,"time":"2026-07-29T10:59:52.525Z","application":"booking-benchmark","reqId":"f3ec43f8-a6f5-458d-a651-fdcc2a09b6de","service":"booking","bookingId":"BK-000227","customerId":"CUS-304864","hotelId":"HTL-005","event":"hotel_validated","msg":"Hotel availability validated"}
{"level":30,"time":"2026-07-29T10:59:52.525Z","application":"booking-benchmark","reqId":"f3ec43f8-a6f5-458d-a651-fdcc2a09b6de","service":"booking","bookingId":"BK-000227","customerId":"CUS-304864","hotelId":"HTL-005","component":"payment","event":"payment_started","msg":"Authorizing payment"}
{"level":30,"time":"2026-07-29T10:59:52.525Z","application":"booking-benchmark","reqId":"f3ec43f8-a6f5-458d-a651-fdcc2a09b6de","service":"booking","bookingId":"BK-000227","customerId":"CUS-304864","hotelId":"HTL-005","component":"payment","event":"payment_authorized","msg":"Payment authorized"}
{"level":30,"time":"2026-07-29T10:59:52.525Z","application":"booking-benchmark","reqId":"f3ec43f8-a6f5-458d-a651-fdcc2a09b6de","service":"booking","bookingId":"BK-000227","customerId":"CUS-304864","hotelId":"HTL-005","event":"payment_completed","msg":"Payment completed"}
{"level":30,"time":"2026-07-29T10:59:52.525Z","application":"booking-benchmark","reqId":"f3ec43f8-a6f5-458d-a651-fdcc2a09b6de","service":"booking","bookingId":"BK-000227","customerId":"CUS-304864","hotelId":"HTL-005","event":"booking_created","msg":"Booking created"}
{"level":30,"time":"2026-07-29T10:59:52.525Z","application":"booking-benchmark","reqId":"f3ec43f8-a6f5-458d-a651-fdcc2a09b6de","service":"booking","bookingId":"BK-000227","customerId":"CUS-304864","hotelId":"HTL-005","component":"notification","event":"confirmation_sent","msg":"Booking confirmation sent"}
{"level":30,"time":"2026-07-29T10:59:52.525Z","application":"booking-benchmark","reqId":"f3ec43f8-a6f5-458d-a651-fdcc2a09b6de","service":"booking","bookingId":"BK-000227","customerId":"CUS-304864","hotelId":"HTL-005","event":"booking_workflow_completed","msg":"Booking workflow completed"}
{"level":30,"time":"2026-07-29T10:59:52.525Z","application":"booking-benchmark","reqId":"f3ec43f8-a6f5-458d-a651-fdcc2a09b6de","event":"http_request_completed","method":"POST","url":"/bookings","statusCode":201,"durationMs":1,"msg":"Request completed"}
{"level":30,"time":"2026-07-29T10:59:52.674Z","application":"booking-benchmark","reqId":"6f4a211d-1962-4d0c-a6c2-b0778f6a5b90","event":"http_request_started","method":"POST","url":"/bookings","msg":"Incoming request"}
{"level":30,"time":"2026-07-29T10:59:52.674Z","application":"booking-benchmark","reqId":"6f4a211d-1962-4d0c-a6c2-b0778f6a5b90","service":"booking","bookingId":"BK-000228","customerId":"CUS-139419","hotelId":"HTL-001","event":"booking_workflow_started","nights":7,"msg":"Booking workflow started"}
{"level":30,"time":"2026-07-29T10:59:52.675Z","application":"booking-benchmark","reqId":"6f4a211d-1962-4d0c-a6c2-b0778f6a5b90","service":"booking","bookingId":"BK-000228","customerId":"CUS-139419","hotelId":"HTL-001","component":"hotel","event":"availability_check_started","hotelId":"HTL-001","msg":"Checking hotel availability"}
{"level":30,"time":"2026-07-29T10:59:52.675Z","application":"booking-benchmark","reqId":"6f4a211d-1962-4d0c-a6c2-b0778f6a5b90","service":"booking","bookingId":"BK-000228","customerId":"CUS-139419","hotelId":"HTL-001","component":"hotel","event":"availability_confirmed","hotelId":"HTL-001","availableRooms":15,"msg":"Hotel availability confirmed"}
{"level":30,"time":"2026-07-29T10:59:52.675Z","application":"booking-benchmark","reqId":"6f4a211d-1962-4d0c-a6c2-b0778f6a5b90","service":"booking","bookingId":"BK-000228","customerId":"CUS-139419","hotelId":"HTL-001","event":"hotel_validated","msg":"Hotel availability validated"}
{"level":30,"time":"2026-07-29T10:59:52.675Z","application":"booking-benchmark","reqId":"6f4a211d-1962-4d0c-a6c2-b0778f6a5b90","service":"booking","bookingId":"BK-000228","customerId":"CUS-139419","hotelId":"HTL-001","component":"payment","event":"payment_started","msg":"Authorizing payment"}
{"level":30,"time":"2026-07-29T10:59:52.675Z","application":"booking-benchmark","reqId":"6f4a211d-1962-4d0c-a6c2-b0778f6a5b90","service":"booking","bookingId":"BK-000228","customerId":"CUS-139419","hotelId":"HTL-001","component":"payment","event":"payment_authorized","msg":"Payment authorized"}
{"level":30,"time":"2026-07-29T10:59:52.675Z","application":"booking-benchmark","reqId":"6f4a211d-1962-4d0c-a6c2-b0778f6a5b90","service":"booking","bookingId":"BK-000228","customerId":"CUS-139419","hotelId":"HTL-001","event":"payment_completed","msg":"Payment completed"}
{"level":30,"time":"2026-07-29T10:59:52.675Z","application":"booking-benchmark","reqId":"6f4a211d-1962-4d0c-a6c2-b0778f6a5b90","service":"booking","bookingId":"BK-000228","customerId":"CUS-139419","hotelId":"HTL-001","event":"booking_created","msg":"Booking created"}
{"level":30,"time":"2026-07-29T10:59:52.675Z","application":"booking-benchmark","reqId":"6f4a211d-1962-4d0c-a6c2-b0778f6a5b90","service":"booking","bookingId":"BK-000228","customerId":"CUS-139419","hotelId":"HTL-001","component":"notification","event":"confirmation_sent","msg":"Booking confirmation sent"}
{"level":30,"time":"2026-07-29T10:59:52.675Z","application":"booking-benchmark","reqId":"6f4a211d-1962-4d0c-a6c2-b0778f6a5b90","service":"booking","bookingId":"BK-000228","customerId":"CUS-139419","hotelId":"HTL-001","event":"booking_workflow_completed","msg":"Booking workflow completed"}
{"level":30,"time":"2026-07-29T10:59:52.675Z","application":"booking-benchmark","reqId":"6f4a211d-1962-4d0c-a6c2-b0778f6a5b90","event":"http_request_completed","method":"POST","url":"/bookings","statusCode":201,"durationMs":1,"msg":"Request completed"}
{"level":30,"time":"2026-07-29T10:59:52.871Z","application":"booking-benchmark","reqId":"36426454-4c91-463a-a99c-9c2e151ed1ff","event":"http_request_started","method":"POST","url":"/bookings","msg":"Incoming request"}
{"level":30,"time":"2026-07-29T10:59:52.871Z","application":"booking-benchmark","reqId":"36426454-4c91-463a-a99c-9c2e151ed1ff","service":"booking","bookingId":"BK-000229","customerId":"CUS-331434","hotelId":"HTL-001","event":"booking_workflow_started","nights":4,"msg":"Booking workflow started"}
{"level":30,"time":"2026-07-29T10:59:52.871Z","application":"booking-benchmark","reqId":"36426454-4c91-463a-a99c-9c2e151ed1ff","service":"booking","bookingId":"BK-000229","customerId":"CUS-331434","hotelId":"HTL-001","component":"hotel","event":"availability_check_started","hotelId":"HTL-001","msg":"Checking hotel availability"}
{"level":30,"time":"2026-07-29T10:59:52.871Z","application":"booking-benchmark","reqId":"36426454-4c91-463a-a99c-9c2e151ed1ff","service":"booking","bookingId":"BK-000229","customerId":"CUS-331434","hotelId":"HTL-001","component":"hotel","event":"availability_confirmed","hotelId":"HTL-001","availableRooms":15,"msg":"Hotel availability confirmed"}
{"level":30,"time":"2026-07-29T10:59:52.871Z","application":"booking-benchmark","reqId":"36426454-4c91-463a-a99c-9c2e151ed1ff","service":"booking","bookingId":"BK-000229","customerId":"CUS-331434","hotelId":"HTL-001","event":"hotel_validated","msg":"Hotel availability validated"}
{"level":30,"time":"2026-07-29T10:59:52.871Z","application":"booking-benchmark","reqId":"36426454-4c91-463a-a99c-9c2e151ed1ff","service":"booking","bookingId":"BK-000229","customerId":"CUS-331434","hotelId":"HTL-001","component":"payment","event":"payment_started","msg":"Authorizing payment"}
{"level":30,"time":"2026-07-29T10:59:52.871Z","application":"booking-benchmark","reqId":"36426454-4c91-463a-a99c-9c2e151ed1ff","service":"booking","bookingId":"BK-000229","customerId":"CUS-331434","hotelId":"HTL-001","component":"payment","event":"payment_authorized","msg":"Payment authorized"}
{"level":30,"time":"2026-07-29T10:59:52.871Z","application":"booking-benchmark","reqId":"36426454-4c91-463a-a99c-9c2e151ed1ff","service":"booking","bookingId":"BK-000229","customerId":"CUS-331434","hotelId":"HTL-001","event":"payment_completed","msg":"Payment completed"}
{"level":30,"time":"2026-07-29T10:59:52.871Z","application":"booking-benchmark","reqId":"36426454-4c91-463a-a99c-9c2e151ed1ff","service":"booking","bookingId":"BK-000229","customerId":"CUS-331434","hotelId":"HTL-001","event":"booking_created","msg":"Booking created"}
{"level":30,"time":"2026-07-29T10:59:52.871Z","application":"booking-benchmark","reqId":"36426454-4c91-463a-a99c-9c2e151ed1ff","service":"booking","bookingId":"BK-000229","customerId":"CUS-331434","hotelId":"HTL-001","component":"notification","event":"confirmation_sent","msg":"Booking confirmation sent"}
{"level":30,"time":"2026-07-29T10:59:52.871Z","application":"booking-benchmark","reqId":"36426454-4c91-463a-a99c-9c2e151ed1ff","service":"booking","bookingId":"BK-000229","customerId":"CUS-331434","hotelId":"HTL-001","event":"booking_workflow_completed","msg":"Booking workflow completed"}
{"level":30,"time":"2026-07-29T10:59:52.871Z","application":"booking-benchmark","reqId":"36426454-4c91-463a-a99c-9c2e151ed1ff","event":"http_request_completed","method":"POST","url":"/bookings","statusCode":201,"durationMs":0,"msg":"Request completed"}
{"level":30,"time":"2026-07-29T10:59:53.072Z","application":"booking-benchmark","reqId":"a62fbe5a-a797-4835-b0d4-e7c3e2591173","event":"http_request_started","method":"POST","url":"/bookings","msg":"Incoming request"}
{"level":30,"time":"2026-07-29T10:59:53.072Z","application":"booking-benchmark","reqId":"a62fbe5a-a797-4835-b0d4-e7c3e2591173","service":"booking","bookingId":"BK-000230","customerId":"CUS-010245","hotelId":"HTL-004","event":"booking_workflow_started","nights":4,"msg":"Booking workflow started"}
{"level":30,"time":"2026-07-29T10:59:53.072Z","application":"booking-benchmark","reqId":"a62fbe5a-a797-4835-b0d4-e7c3e2591173","service":"booking","bookingId":"BK-000230","customerId":"CUS-010245","hotelId":"HTL-004","component":"hotel","event":"availability_check_started","hotelId":"HTL-004","msg":"Checking hotel availability"}
{"level":30,"time":"2026-07-29T10:59:53.072Z","application":"booking-benchmark","reqId":"a62fbe5a-a797-4835-b0d4-e7c3e2591173","service":"booking","bookingId":"BK-000230","customerId":"CUS-010245","hotelId":"HTL-004","component":"hotel","event":"availability_confirmed","hotelId":"HTL-004","availableRooms":20,"msg":"Hotel availability confirmed"}
{"level":30,"time":"2026-07-29T10:59:53.072Z","application":"booking-benchmark","reqId":"a62fbe5a-a797-4835-b0d4-e7c3e2591173","service":"booking","bookingId":"BK-000230","customerId":"CUS-010245","hotelId":"HTL-004","event":"hotel_validated","msg":"Hotel availability validated"}
{"level":30,"time":"2026-07-29T10:59:53.072Z","application":"booking-benchmark","reqId":"a62fbe5a-a797-4835-b0d4-e7c3e2591173","service":"booking","bookingId":"BK-000230","customerId":"CUS-010245","hotelId":"HTL-004","component":"payment","event":"payment_started","msg":"Authorizing payment"}
{"level":30,"time":"2026-07-29T10:59:53.072Z","application":"booking-benchmark","reqId":"a62fbe5a-a797-4835-b0d4-e7c3e2591173","service":"booking","bookingId":"BK-000230","customerId":"CUS-010245","hotelId":"HTL-004","component":"payment","event":"payment_authorized","msg":"Payment authorized"}
{"level":30,"time":"2026-07-29T10:59:53.072Z","application":"booking-benchmark","reqId":"a62fbe5a-a797-4835-b0d4-e7c3e2591173","service":"booking","bookingId":"BK-000230","customerId":"CUS-010245","hotelId":"HTL-004","event":"payment_completed","msg":"Payment completed"}
{"level":30,"time":"2026-07-29T10:59:53.072Z","application":"booking-benchmark","reqId":"a62fbe5a-a797-4835-b0d4-e7c3e2591173","service":"booking","bookingId":"BK-000230","customerId":"CUS-010245","hotelId":"HTL-004","event":"booking_created","msg":"Booking created"}
{"level":30,"time":"2026-07-29T10:59:53.072Z","application":"booking-benchmark","reqId":"a62fbe5a-a797-4835-b0d4-e7c3e2591173","service":"booking","bookingId":"BK-000230","customerId":"CUS-010245","hotelId":"HTL-004","component":"notification","event":"confirmation_sent","msg":"Booking confirmation sent"}
{"level":30,"time":"2026-07-29T10:59:53.072Z","application":"booking-benchmark","reqId":"a62fbe5a-a797-4835-b0d4-e7c3e2591173","service":"booking","bookingId":"BK-000230","customerId":"CUS-010245","hotelId":"HTL-004","event":"booking_workflow_completed","msg":"Booking workflow completed"}
{"level":30,"time":"2026-07-29T10:59:53.073Z","application":"booking-benchmark","reqId":"a62fbe5a-a797-4835-b0d4-e7c3e2591173","event":"http_request_completed","method":"POST","url":"/bookings","statusCode":201,"durationMs":1,"msg":"Request completed"}
{"level":30,"time":"2026-07-29T10:59:53.268Z","application":"booking-benchmark","reqId":"d7dace67-7501-4015-ab32-b5071a43076d","event":"http_request_started","method":"POST","url":"/bookings","msg":"Incoming request"}
{"level":30,"time":"2026-07-29T10:59:53.268Z","application":"booking-benchmark","reqId":"d7dace67-7501-4015-ab32-b5071a43076d","service":"booking","bookingId":"BK-000231","customerId":"CUS-281954","hotelId":"HTL-003","event":"booking_workflow_started","nights":1,"msg":"Booking workflow started"}
{"level":30,"time":"2026-07-29T10:59:53.268Z","application":"booking-benchmark","reqId":"d7dace67-7501-4015-ab32-b5071a43076d","service":"booking","bookingId":"BK-000231","customerId":"CUS-281954","hotelId":"HTL-003","component":"hotel","event":"availability_check_started","hotelId":"HTL-003","msg":"Checking hotel availability"}
{"level":30,"time":"2026-07-29T10:59:53.268Z","application":"booking-benchmark","reqId":"d7dace67-7501-4015-ab32-b5071a43076d","service":"booking","bookingId":"BK-000231","customerId":"CUS-281954","hotelId":"HTL-003","component":"hotel","event":"availability_confirmed","hotelId":"HTL-003","availableRooms":12,"msg":"Hotel availability confirmed"}
{"level":30,"time":"2026-07-29T10:59:53.268Z","application":"booking-benchmark","reqId":"d7dace67-7501-4015-ab32-b5071a43076d","service":"booking","bookingId":"BK-000231","customerId":"CUS-281954","hotelId":"HTL-003","event":"hotel_validated","msg":"Hotel availability validated"}
{"level":30,"time":"2026-07-29T10:59:53.268Z","application":"booking-benchmark","reqId":"d7dace67-7501-4015-ab32-b5071a43076d","service":"booking","bookingId":"BK-000231","customerId":"CUS-281954","hotelId":"HTL-003","component":"payment","event":"payment_started","msg":"Authorizing payment"}
{"level":30,"time":"2026-07-29T10:59:53.268Z","application":"booking-benchmark","reqId":"d7dace67-7501-4015-ab32-b5071a43076d","service":"booking","bookingId":"BK-000231","customerId":"CUS-281954","hotelId":"HTL-003","component":"payment","event":"payment_authorized","msg":"Payment authorized"}
{"level":30,"time":"2026-07-29T10:59:53.268Z","application":"booking-benchmark","reqId":"d7dace67-7501-4015-ab32-b5071a43076d","service":"booking","bookingId":"BK-000231","customerId":"CUS-281954","hotelId":"HTL-003","event":"payment_completed","msg":"Payment completed"}
{"level":30,"time":"2026-07-29T10:59:53.268Z","application":"booking-benchmark","reqId":"d7dace67-7501-4015-ab32-b5071a43076d","service":"booking","bookingId":"BK-000231","customerId":"CUS-281954","hotelId":"HTL-003","event":"booking_created","msg":"Booking created"}
{"level":30,"time":"2026-07-29T10:59:53.268Z","application":"booking-benchmark","reqId":"d7dace67-7501-4015-ab32-b5071a43076d","service":"booking","bookingId":"BK-000231","customerId":"CUS-281954","hotelId":"HTL-003","component":"notification","event":"confirmation_sent","msg":"Booking confirmation sent"}
{"level":30,"time":"2026-07-29T10:59:53.268Z","application":"booking-benchmark","reqId":"d7dace67-7501-4015-ab32-b5071a43076d","service":"booking","bookingId":"BK-000231","customerId":"CUS-281954","hotelId":"HTL-003","event":"booking_workflow_completed","msg":"Booking workflow completed"}
{"level":30,"time":"2026-07-29T10:59:53.268Z","application":"booking-benchmark","reqId":"d7dace67-7501-4015-ab32-b5071a43076d","event":"http_request_completed","method":"POST","url":"/bookings","statusCode":201,"durationMs":0,"msg":"Request completed"}
{"level":30,"time":"2026-07-29T10:59:53.444Z","application":"booking-benchmark","reqId":"8b3cddcf-8db5-417f-95c3-da83e018ca80","event":"http_request_started","method":"POST","url":"/bookings","msg":"Incoming request"}
{"level":30,"time":"2026-07-29T10:59:53.444Z","application":"booking-benchmark","reqId":"8b3cddcf-8db5-417f-95c3-da83e018ca80","service":"booking","bookingId":"BK-000232","customerId":"CUS-758866","hotelId":"HTL-003","event":"booking_workflow_started","nights":4,"msg":"Booking workflow started"}
{"level":30,"time":"2026-07-29T10:59:53.444Z","application":"booking-benchmark","reqId":"8b3cddcf-8db5-417f-95c3-da83e018ca80","service":"booking","bookingId":"BK-000232","customerId":"CUS-758866","hotelId":"HTL-003","component":"hotel","event":"availability_check_started","hotelId":"HTL-003","msg":"Checking hotel availability"}
{"level":30,"time":"2026-07-29T10:59:53.444Z","application":"booking-benchmark","reqId":"8b3cddcf-8db5-417f-95c3-da83e018ca80","service":"booking","bookingId":"BK-000232","customerId":"CUS-758866","hotelId":"HTL-003","component":"hotel","event":"availability_confirmed","hotelId":"HTL-003","availableRooms":12,"msg":"Hotel availability confirmed"}
{"level":30,"time":"2026-07-29T10:59:53.444Z","application":"booking-benchmark","reqId":"8b3cddcf-8db5-417f-95c3-da83e018ca80","service":"booking","bookingId":"BK-000232","customerId":"CUS-758866","hotelId":"HTL-003","event":"hotel_validated","msg":"Hotel availability validated"}
{"level":30,"time":"2026-07-29T10:59:53.444Z","application":"booking-benchmark","reqId":"8b3cddcf-8db5-417f-95c3-da83e018ca80","service":"booking","bookingId":"BK-000232","customerId":"CUS-758866","hotelId":"HTL-003","component":"payment","event":"payment_started","msg":"Authorizing payment"}
{"level":30,"time":"2026-07-29T10:59:53.444Z","application":"booking-benchmark","reqId":"8b3cddcf-8db5-417f-95c3-da83e018ca80","service":"booking","bookingId":"BK-000232","customerId":"CUS-758866","hotelId":"HTL-003","component":"payment","event":"payment_authorized","msg":"Payment authorized"}
{"level":30,"time":"2026-07-29T10:59:53.444Z","application":"booking-benchmark","reqId":"8b3cddcf-8db5-417f-95c3-da83e018ca80","service":"booking","bookingId":"BK-000232","customerId":"CUS-758866","hotelId":"HTL-003","event":"payment_completed","msg":"Payment completed"}
{"level":30,"time":"2026-07-29T10:59:53.444Z","application":"booking-benchmark","reqId":"8b3cddcf-8db5-417f-95c3-da83e018ca80","service":"booking","bookingId":"BK-000232","customerId":"CUS-758866","hotelId":"HTL-003","event":"booking_created","msg":"Booking created"}
{"level":30,"time":"2026-07-29T10:59:53.444Z","application":"booking-benchmark","reqId":"8b3cddcf-8db5-417f-95c3-da83e018ca80","service":"booking","bookingId":"BK-000232","customerId":"CUS-758866","hotelId":"HTL-003","component":"notification","event":"confirmation_sent","msg":"Booking confirmation sent"}
{"level":30,"time":"2026-07-29T10:59:53.444Z","application":"booking-benchmark","reqId":"8b3cddcf-8db5-417f-95c3-da83e018ca80","service":"booking","bookingId":"BK-000232","customerId":"CUS-758866","hotelId":"HTL-003","event":"booking_workflow_completed","msg":"Booking workflow completed"}
{"level":30,"time":"2026-07-29T10:59:53.445Z","application":"booking-benchmark","reqId":"8b3cddcf-8db5-417f-95c3-da83e018ca80","event":"http_request_completed","method":"POST","url":"/bookings","statusCode":201,"durationMs":1,"msg":"Request completed"}
{"level":30,"time":"2026-07-29T10:59:53.506Z","application":"booking-benchmark","reqId":"387ac725-7a25-4eef-998d-4f20a23d8769","event":"http_request_started","method":"POST","url":"/bookings","msg":"Incoming request"}
{"level":30,"time":"2026-07-29T10:59:53.506Z","application":"booking-benchmark","reqId":"387ac725-7a25-4eef-998d-4f20a23d8769","service":"booking","bookingId":"BK-000233","customerId":"CUS-851586","hotelId":"HTL-001","event":"booking_workflow_started","nights":5,"msg":"Booking workflow started"}
{"level":30,"time":"2026-07-29T10:59:53.506Z","application":"booking-benchmark","reqId":"387ac725-7a25-4eef-998d-4f20a23d8769","service":"booking","bookingId":"BK-000233","customerId":"CUS-851586","hotelId":"HTL-001","component":"hotel","event":"availability_check_started","hotelId":"HTL-001","msg":"Checking hotel availability"}
{"level":30,"time":"2026-07-29T10:59:53.506Z","application":"booking-benchmark","reqId":"387ac725-7a25-4eef-998d-4f20a23d8769","service":"booking","bookingId":"BK-000233","customerId":"CUS-851586","hotelId":"HTL-001","component":"hotel","event":"availability_confirmed","hotelId":"HTL-001","availableRooms":15,"msg":"Hotel availability confirmed"}
{"level":30,"time":"2026-07-29T10:59:53.506Z","application":"booking-benchmark","reqId":"387ac725-7a25-4eef-998d-4f20a23d8769","service":"booking","bookingId":"BK-000233","customerId":"CUS-851586","hotelId":"HTL-001","event":"hotel_validated","msg":"Hotel availability validated"}
{"level":30,"time":"2026-07-29T10:59:53.506Z","application":"booking-benchmark","reqId":"387ac725-7a25-4eef-998d-4f20a23d8769","service":"booking","bookingId":"BK-000233","customerId":"CUS-851586","hotelId":"HTL-001","component":"payment","event":"payment_started","msg":"Authorizing payment"}
{"level":30,"time":"2026-07-29T10:59:53.506Z","application":"booking-benchmark","reqId":"387ac725-7a25-4eef-998d-4f20a23d8769","service":"booking","bookingId":"BK-000233","customerId":"CUS-851586","hotelId":"HTL-001","component":"payment","event":"payment_authorized","msg":"Payment authorized"}
{"level":30,"time":"2026-07-29T10:59:53.506Z","application":"booking-benchmark","reqId":"387ac725-7a25-4eef-998d-4f20a23d8769","service":"booking","bookingId":"BK-000233","customerId":"CUS-851586","hotelId":"HTL-001","event":"payment_completed","msg":"Payment completed"}
{"level":30,"time":"2026-07-29T10:59:53.506Z","application":"booking-benchmark","reqId":"387ac725-7a25-4eef-998d-4f20a23d8769","service":"booking","bookingId":"BK-000233","customerId":"CUS-851586","hotelId":"HTL-001","event":"booking_created","msg":"Booking created"}
{"level":30,"time":"2026-07-29T10:59:53.506Z","application":"booking-benchmark","reqId":"387ac725-7a25-4eef-998d-4f20a23d8769","service":"booking","bookingId":"BK-000233","customerId":"CUS-851586","hotelId":"HTL-001","component":"notification","event":"confirmation_sent","msg":"Booking confirmation sent"}
{"level":30,"time":"2026-07-29T10:59:53.506Z","application":"booking-benchmark","reqId":"387ac725-7a25-4eef-998d-4f20a23d8769","service":"booking","bookingId":"BK-000233","customerId":"CUS-851586","hotelId":"HTL-001","event":"booking_workflow_completed","msg":"Booking workflow completed"}
{"level":30,"time":"2026-07-29T10:59:53.506Z","application":"booking-benchmark","reqId":"387ac725-7a25-4eef-998d-4f20a23d8769","event":"http_request_completed","method":"POST","url":"/bookings","statusCode":201,"durationMs":1,"msg":"Request completed"}
{"level":30,"time":"2026-07-29T10:59:53.641Z","application":"booking-benchmark","reqId":"3da40111-3679-40ef-8da6-ef712e119e51","event":"http_request_started","method":"POST","url":"/bookings","msg":"Incoming request"}
{"level":30,"time":"2026-07-29T10:59:53.641Z","application":"booking-benchmark","reqId":"3da40111-3679-40ef-8da6-ef712e119e51","service":"booking","bookingId":"BK-000234","customerId":"CUS-075557","hotelId":"HTL-003","event":"booking_workflow_started","nights":3,"msg":"Booking workflow started"}
{"level":30,"time":"2026-07-29T10:59:53.641Z","application":"booking-benchmark","reqId":"3da40111-3679-40ef-8da6-ef712e119e51","service":"booking","bookingId":"BK-000234","customerId":"CUS-075557","hotelId":"HTL-003","component":"hotel","event":"availability_check_started","hotelId":"HTL-003","msg":"Checking hotel availability"}
{"level":30,"time":"2026-07-29T10:59:53.641Z","application":"booking-benchmark","reqId":"3da40111-3679-40ef-8da6-ef712e119e51","service":"booking","bookingId":"BK-000234","customerId":"CUS-075557","hotelId":"HTL-003","component":"hotel","event":"availability_confirmed","hotelId":"HTL-003","availableRooms":12,"msg":"Hotel availability confirmed"}
{"level":30,"time":"2026-07-29T10:59:53.641Z","application":"booking-benchmark","reqId":"3da40111-3679-40ef-8da6-ef712e119e51","service":"booking","bookingId":"BK-000234","customerId":"CUS-075557","hotelId":"HTL-003","event":"hotel_validated","msg":"Hotel availability validated"}
{"level":30,"time":"2026-07-29T10:59:53.641Z","application":"booking-benchmark","reqId":"3da40111-3679-40ef-8da6-ef712e119e51","service":"booking","bookingId":"BK-000234","customerId":"CUS-075557","hotelId":"HTL-003","component":"payment","event":"payment_started","msg":"Authorizing payment"}
{"level":30,"time":"2026-07-29T10:59:53.641Z","application":"booking-benchmark","reqId":"3da40111-3679-40ef-8da6-ef712e119e51","service":"booking","bookingId":"BK-000234","customerId":"CUS-075557","hotelId":"HTL-003","component":"payment","event":"payment_authorized","msg":"Payment authorized"}
{"level":30,"time":"2026-07-29T10:59:53.641Z","application":"booking-benchmark","reqId":"3da40111-3679-40ef-8da6-ef712e119e51","service":"booking","bookingId":"BK-000234","customerId":"CUS-075557","hotelId":"HTL-003","event":"payment_completed","msg":"Payment completed"}
{"level":30,"time":"2026-07-29T10:59:53.641Z","application":"booking-benchmark","reqId":"3da40111-3679-40ef-8da6-ef712e119e51","service":"booking","bookingId":"BK-000234","customerId":"CUS-075557","hotelId":"HTL-003","event":"booking_created","msg":"Booking created"}
{"level":30,"time":"2026-07-29T10:59:53.641Z","application":"booking-benchmark","reqId":"3da40111-3679-40ef-8da6-ef712e119e51","service":"booking","bookingId":"BK-000234","customerId":"CUS-075557","hotelId":"HTL-003","component":"notification","event":"confirmation_sent","msg":"Booking confirmation sent"}
{"level":30,"time":"2026-07-29T10:59:53.641Z","application":"booking-benchmark","reqId":"3da40111-3679-40ef-8da6-ef712e119e51","service":"booking","bookingId":"BK-000234","customerId":"CUS-075557","hotelId":"HTL-003","event":"booking_workflow_completed","msg":"Booking workflow completed"}
{"level":30,"time":"2026-07-29T10:59:53.641Z","application":"booking-benchmark","reqId":"3da40111-3679-40ef-8da6-ef712e119e51","event":"http_request_completed","method":"POST","url":"/bookings","statusCode":201,"durationMs":0,"msg":"Request completed"}
{"level":30,"time":"2026-07-29T10:59:53.744Z","application":"booking-benchmark","reqId":"1dd7c963-dd9f-4cfd-9532-57c90733dadb","event":"http_request_started","method":"POST","url":"/bookings","msg":"Incoming request"}
{"level":30,"time":"2026-07-29T10:59:53.745Z","application":"booking-benchmark","reqId":"1dd7c963-dd9f-4cfd-9532-57c90733dadb","service":"booking","bookingId":"BK-000235","customerId":"CUS-433545","hotelId":"HTL-002","event":"booking_workflow_started","nights":4,"msg":"Booking workflow started"}
{"level":30,"time":"2026-07-29T10:59:53.745Z","application":"booking-benchmark","reqId":"1dd7c963-dd9f-4cfd-9532-57c90733dadb","service":"booking","bookingId":"BK-000235","customerId":"CUS-433545","hotelId":"HTL-002","component":"hotel","event":"availability_check_started","hotelId":"HTL-002","msg":"Checking hotel availability"}
{"level":30,"time":"2026-07-29T10:59:53.745Z","application":"booking-benchmark","reqId":"1dd7c963-dd9f-4cfd-9532-57c90733dadb","service":"booking","bookingId":"BK-000235","customerId":"CUS-433545","hotelId":"HTL-002","component":"hotel","event":"availability_confirmed","hotelId":"HTL-002","availableRooms":8,"msg":"Hotel availability confirmed"}
{"level":30,"time":"2026-07-29T10:59:53.745Z","application":"booking-benchmark","reqId":"1dd7c963-dd9f-4cfd-9532-57c90733dadb","service":"booking","bookingId":"BK-000235","customerId":"CUS-433545","hotelId":"HTL-002","event":"hotel_validated","msg":"Hotel availability validated"}
{"level":30,"time":"2026-07-29T10:59:53.745Z","application":"booking-benchmark","reqId":"1dd7c963-dd9f-4cfd-9532-57c90733dadb","service":"booking","bookingId":"BK-000235","customerId":"CUS-433545","hotelId":"HTL-002","component":"payment","event":"payment_started","msg":"Authorizing payment"}
{"level":30,"time":"2026-07-29T10:59:53.745Z","application":"booking-benchmark","reqId":"1dd7c963-dd9f-4cfd-9532-57c90733dadb","service":"booking","bookingId":"BK-000235","customerId":"CUS-433545","hotelId":"HTL-002","component":"payment","event":"payment_authorized","msg":"Payment authorized"}
{"level":30,"time":"2026-07-29T10:59:53.745Z","application":"booking-benchmark","reqId":"1dd7c963-dd9f-4cfd-9532-57c90733dadb","service":"booking","bookingId":"BK-000235","customerId":"CUS-433545","hotelId":"HTL-002","event":"payment_completed","msg":"Payment completed"}
{"level":30,"time":"2026-07-29T10:59:53.745Z","application":"booking-benchmark","reqId":"1dd7c963-dd9f-4cfd-9532-57c90733dadb","service":"booking","bookingId":"BK-000235","customerId":"CUS-433545","hotelId":"HTL-002","event":"booking_created","msg":"Booking created"}
{"level":30,"time":"2026-07-29T10:59:53.745Z","application":"booking-benchmark","reqId":"1dd7c963-dd9f-4cfd-9532-57c90733dadb","service":"booking","bookingId":"BK-000235","customerId":"CUS-433545","hotelId":"HTL-002","component":"notification","event":"confirmation_sent","msg":"Booking confirmation sent"}
{"level":30,"time":"2026-07-29T10:59:53.745Z","application":"booking-benchmark","reqId":"1dd7c963-dd9f-4cfd-9532-57c90733dadb","service":"booking","bookingId":"BK-000235","customerId":"CUS-433545","hotelId":"HTL-002","event":"booking_workflow_completed","msg":"Booking workflow completed"}
{"level":30,"time":"2026-07-29T10:59:53.745Z","application":"booking-benchmark","reqId":"1dd7c963-dd9f-4cfd-9532-57c90733dadb","event":"http_request_completed","method":"POST","url":"/bookings","statusCode":201,"durationMs":1,"msg":"Request completed"}
{"level":30,"time":"2026-07-29T10:59:53.818Z","application":"booking-benchmark","reqId":"f5ab97c6-b0b6-408c-9ace-63da69644284","event":"http_request_started","method":"POST","url":"/bookings","msg":"Incoming request"}
{"level":30,"time":"2026-07-29T10:59:53.818Z","application":"booking-benchmark","reqId":"f5ab97c6-b0b6-408c-9ace-63da69644284","service":"booking","bookingId":"BK-000236","customerId":"CUS-914723","hotelId":"HTL-003","event":"booking_workflow_started","nights":1,"msg":"Booking workflow started"}
{"level":30,"time":"2026-07-29T10:59:53.818Z","application":"booking-benchmark","reqId":"f5ab97c6-b0b6-408c-9ace-63da69644284","service":"booking","bookingId":"BK-000236","customerId":"CUS-914723","hotelId":"HTL-003","component":"hotel","event":"availability_check_started","hotelId":"HTL-003","msg":"Checking hotel availability"}
{"level":30,"time":"2026-07-29T10:59:53.818Z","application":"booking-benchmark","reqId":"f5ab97c6-b0b6-408c-9ace-63da69644284","service":"booking","bookingId":"BK-000236","customerId":"CUS-914723","hotelId":"HTL-003","component":"hotel","event":"availability_confirmed","hotelId":"HTL-003","availableRooms":12,"msg":"Hotel availability confirmed"}
{"level":30,"time":"2026-07-29T10:59:53.818Z","application":"booking-benchmark","reqId":"f5ab97c6-b0b6-408c-9ace-63da69644284","service":"booking","bookingId":"BK-000236","customerId":"CUS-914723","hotelId":"HTL-003","event":"hotel_validated","msg":"Hotel availability validated"}
{"level":30,"time":"2026-07-29T10:59:53.818Z","application":"booking-benchmark","reqId":"f5ab97c6-b0b6-408c-9ace-63da69644284","service":"booking","bookingId":"BK-000236","customerId":"CUS-914723","hotelId":"HTL-003","component":"payment","event":"payment_started","msg":"Authorizing payment"}
{"level":30,"time":"2026-07-29T10:59:53.818Z","application":"booking-benchmark","reqId":"f5ab97c6-b0b6-408c-9ace-63da69644284","service":"booking","bookingId":"BK-000236","customerId":"CUS-914723","hotelId":"HTL-003","component":"payment","event":"payment_authorized","msg":"Payment authorized"}
{"level":30,"time":"2026-07-29T10:59:53.818Z","application":"booking-benchmark","reqId":"f5ab97c6-b0b6-408c-9ace-63da69644284","service":"booking","bookingId":"BK-000236","customerId":"CUS-914723","hotelId":"HTL-003","event":"payment_completed","msg":"Payment completed"}
{"level":30,"time":"2026-07-29T10:59:53.818Z","application":"booking-benchmark","reqId":"f5ab97c6-b0b6-408c-9ace-63da69644284","service":"booking","bookingId":"BK-000236","customerId":"CUS-914723","hotelId":"HTL-003","event":"booking_created","msg":"Booking created"}
{"level":30,"time":"2026-07-29T10:59:53.818Z","application":"booking-benchmark","reqId":"f5ab97c6-b0b6-408c-9ace-63da69644284","service":"booking","bookingId":"BK-000236","customerId":"CUS-914723","hotelId":"HTL-003","component":"notification","event":"confirmation_sent","msg":"Booking confirmation sent"}
{"level":30,"time":"2026-07-29T10:59:53.818Z","application":"booking-benchmark","reqId":"f5ab97c6-b0b6-408c-9ace-63da69644284","service":"booking","bookingId":"BK-000236","customerId":"CUS-914723","hotelId":"HTL-003","event":"booking_workflow_completed","msg":"Booking workflow completed"}
{"level":30,"time":"2026-07-29T10:59:53.819Z","application":"booking-benchmark","reqId":"f5ab97c6-b0b6-408c-9ace-63da69644284","event":"http_request_completed","method":"POST","url":"/bookings","statusCode":201,"durationMs":1,"msg":"Request completed"}
{"level":30,"time":"2026-07-29T10:59:53.905Z","application":"booking-benchmark","reqId":"ed07ec2f-317c-439e-9279-deac1f0ecb1c","event":"http_request_started","method":"POST","url":"/bookings","msg":"Incoming request"}
{"level":30,"time":"2026-07-29T10:59:53.905Z","application":"booking-benchmark","reqId":"ed07ec2f-317c-439e-9279-deac1f0ecb1c","service":"booking","bookingId":"BK-000237","customerId":"CUS-609268","hotelId":"HTL-001","event":"booking_workflow_started","nights":1,"msg":"Booking workflow started"}
{"level":30,"time":"2026-07-29T10:59:53.905Z","application":"booking-benchmark","reqId":"ed07ec2f-317c-439e-9279-deac1f0ecb1c","service":"booking","bookingId":"BK-000237","customerId":"CUS-609268","hotelId":"HTL-001","component":"hotel","event":"availability_check_started","hotelId":"HTL-001","msg":"Checking hotel availability"}
{"level":30,"time":"2026-07-29T10:59:53.905Z","application":"booking-benchmark","reqId":"ed07ec2f-317c-439e-9279-deac1f0ecb1c","service":"booking","bookingId":"BK-000237","customerId":"CUS-609268","hotelId":"HTL-001","component":"hotel","event":"availability_confirmed","hotelId":"HTL-001","availableRooms":15,"msg":"Hotel availability confirmed"}
{"level":30,"time":"2026-07-29T10:59:53.905Z","application":"booking-benchmark","reqId":"ed07ec2f-317c-439e-9279-deac1f0ecb1c","service":"booking","bookingId":"BK-000237","customerId":"CUS-609268","hotelId":"HTL-001","event":"hotel_validated","msg":"Hotel availability validated"}
{"level":30,"time":"2026-07-29T10:59:53.905Z","application":"booking-benchmark","reqId":"ed07ec2f-317c-439e-9279-deac1f0ecb1c","service":"booking","bookingId":"BK-000237","customerId":"CUS-609268","hotelId":"HTL-001","component":"payment","event":"payment_started","msg":"Authorizing payment"}
{"level":30,"time":"2026-07-29T10:59:53.905Z","application":"booking-benchmark","reqId":"ed07ec2f-317c-439e-9279-deac1f0ecb1c","service":"booking","bookingId":"BK-000237","customerId":"CUS-609268","hotelId":"HTL-001","component":"payment","event":"payment_authorized","msg":"Payment authorized"}
{"level":30,"time":"2026-07-29T10:59:53.905Z","application":"booking-benchmark","reqId":"ed07ec2f-317c-439e-9279-deac1f0ecb1c","service":"booking","bookingId":"BK-000237","customerId":"CUS-609268","hotelId":"HTL-001","event":"payment_completed","msg":"Payment completed"}
{"level":30,"time":"2026-07-29T10:59:53.905Z","application":"booking-benchmark","reqId":"ed07ec2f-317c-439e-9279-deac1f0ecb1c","service":"booking","bookingId":"BK-000237","customerId":"CUS-609268","hotelId":"HTL-001","event":"booking_created","msg":"Booking created"}
{"level":30,"time":"2026-07-29T10:59:53.905Z","application":"booking-benchmark","reqId":"ed07ec2f-317c-439e-9279-deac1f0ecb1c","service":"booking","bookingId":"BK-000237","customerId":"CUS-609268","hotelId":"HTL-001","component":"notification","event":"confirmation_sent","msg":"Booking confirmation sent"}
{"level":30,"time":"2026-07-29T10:59:53.905Z","application":"booking-benchmark","reqId":"ed07ec2f-317c-439e-9279-deac1f0ecb1c","service":"booking","bookingId":"BK-000237","customerId":"CUS-609268","hotelId":"HTL-001","event":"booking_workflow_completed","msg":"Booking workflow completed"}
{"level":30,"time":"2026-07-29T10:59:53.906Z","application":"booking-benchmark","reqId":"ed07ec2f-317c-439e-9279-deac1f0ecb1c","event":"http_request_completed","method":"POST","url":"/bookings","statusCode":201,"durationMs":1,"msg":"Request completed"}
{"level":30,"time":"2026-07-29T10:59:54.096Z","application":"booking-benchmark","reqId":"d220070d-1cac-48b0-be4e-d150e3efa4c2","event":"http_request_started","method":"POST","url":"/bookings","msg":"Incoming request"}
{"level":30,"time":"2026-07-29T10:59:54.097Z","application":"booking-benchmark","reqId":"d220070d-1cac-48b0-be4e-d150e3efa4c2","service":"booking","bookingId":"BK-000238","customerId":"CUS-211835","hotelId":"HTL-005","event":"booking_workflow_started","nights":2,"msg":"Booking workflow started"}
{"level":30,"time":"2026-07-29T10:59:54.097Z","application":"booking-benchmark","reqId":"d220070d-1cac-48b0-be4e-d150e3efa4c2","service":"booking","bookingId":"BK-000238","customerId":"CUS-211835","hotelId":"HTL-005","component":"hotel","event":"availability_check_started","hotelId":"HTL-005","msg":"Checking hotel availability"}
{"level":30,"time":"2026-07-29T10:59:54.097Z","application":"booking-benchmark","reqId":"d220070d-1cac-48b0-be4e-d150e3efa4c2","service":"booking","bookingId":"BK-000238","customerId":"CUS-211835","hotelId":"HTL-005","component":"hotel","event":"availability_confirmed","hotelId":"HTL-005","availableRooms":10,"msg":"Hotel availability confirmed"}
{"level":30,"time":"2026-07-29T10:59:54.097Z","application":"booking-benchmark","reqId":"d220070d-1cac-48b0-be4e-d150e3efa4c2","service":"booking","bookingId":"BK-000238","customerId":"CUS-211835","hotelId":"HTL-005","event":"hotel_validated","msg":"Hotel availability validated"}
{"level":30,"time":"2026-07-29T10:59:54.097Z","application":"booking-benchmark","reqId":"d220070d-1cac-48b0-be4e-d150e3efa4c2","service":"booking","bookingId":"BK-000238","customerId":"CUS-211835","hotelId":"HTL-005","component":"payment","event":"payment_started","msg":"Authorizing payment"}
{"level":30,"time":"2026-07-29T10:59:54.097Z","application":"booking-benchmark","reqId":"d220070d-1cac-48b0-be4e-d150e3efa4c2","service":"booking","bookingId":"BK-000238","customerId":"CUS-211835","hotelId":"HTL-005","component":"payment","event":"payment_authorized","msg":"Payment authorized"}
{"level":30,"time":"2026-07-29T10:59:54.097Z","application":"booking-benchmark","reqId":"d220070d-1cac-48b0-be4e-d150e3efa4c2","service":"booking","bookingId":"BK-000238","customerId":"CUS-211835","hotelId":"HTL-005","event":"payment_completed","msg":"Payment completed"}
{"level":30,"time":"2026-07-29T10:59:54.097Z","application":"booking-benchmark","reqId":"d220070d-1cac-48b0-be4e-d150e3efa4c2","service":"booking","bookingId":"BK-000238","customerId":"CUS-211835","hotelId":"HTL-005","event":"booking_created","msg":"Booking created"}
{"level":30,"time":"2026-07-29T10:59:54.097Z","application":"booking-benchmark","reqId":"d220070d-1cac-48b0-be4e-d150e3efa4c2","service":"booking","bookingId":"BK-000238","customerId":"CUS-211835","hotelId":"HTL-005","component":"notification","event":"confirmation_sent","msg":"Booking confirmation sent"}
{"level":30,"time":"2026-07-29T10:59:54.097Z","application":"booking-benchmark","reqId":"d220070d-1cac-48b0-be4e-d150e3efa4c2","service":"booking","bookingId":"BK-000238","customerId":"CUS-211835","hotelId":"HTL-005","event":"booking_workflow_completed","msg":"Booking workflow completed"}
{"level":30,"time":"2026-07-29T10:59:54.097Z","application":"booking-benchmark","reqId":"d220070d-1cac-48b0-be4e-d150e3efa4c2","event":"http_request_completed","method":"POST","url":"/bookings","statusCode":201,"durationMs":1,"msg":"Request completed"}
{"level":30,"time":"2026-07-29T10:59:54.232Z","application":"booking-benchmark","reqId":"b9bdfc46-fc82-44be-b07e-477ec35bc9ca","event":"http_request_started","method":"POST","url":"/bookings","msg":"Incoming request"}
{"level":30,"time":"2026-07-29T10:59:54.232Z","application":"booking-benchmark","reqId":"b9bdfc46-fc82-44be-b07e-477ec35bc9ca","service":"booking","bookingId":"BK-000239","customerId":"CUS-120779","hotelId":"HTL-002","event":"booking_workflow_started","nights":6,"msg":"Booking workflow started"}
{"level":30,"time":"2026-07-29T10:59:54.232Z","application":"booking-benchmark","reqId":"b9bdfc46-fc82-44be-b07e-477ec35bc9ca","service":"booking","bookingId":"BK-000239","customerId":"CUS-120779","hotelId":"HTL-002","component":"hotel","event":"availability_check_started","hotelId":"HTL-002","msg":"Checking hotel availability"}
{"level":30,"time":"2026-07-29T10:59:54.232Z","application":"booking-benchmark","reqId":"b9bdfc46-fc82-44be-b07e-477ec35bc9ca","service":"booking","bookingId":"BK-000239","customerId":"CUS-120779","hotelId":"HTL-002","component":"hotel","event":"availability_confirmed","hotelId":"HTL-002","availableRooms":8,"msg":"Hotel availability confirmed"}
{"level":30,"time":"2026-07-29T10:59:54.232Z","application":"booking-benchmark","reqId":"b9bdfc46-fc82-44be-b07e-477ec35bc9ca","service":"booking","bookingId":"BK-000239","customerId":"CUS-120779","hotelId":"HTL-002","event":"hotel_validated","msg":"Hotel availability validated"}
{"level":30,"time":"2026-07-29T10:59:54.232Z","application":"booking-benchmark","reqId":"b9bdfc46-fc82-44be-b07e-477ec35bc9ca","service":"booking","bookingId":"BK-000239","customerId":"CUS-120779","hotelId":"HTL-002","component":"payment","event":"payment_started","msg":"Authorizing payment"}
{"level":30,"time":"2026-07-29T10:59:54.232Z","application":"booking-benchmark","reqId":"b9bdfc46-fc82-44be-b07e-477ec35bc9ca","service":"booking","bookingId":"BK-000239","customerId":"CUS-120779","hotelId":"HTL-002","component":"payment","event":"payment_authorized","msg":"Payment authorized"}
{"level":30,"time":"2026-07-29T10:59:54.232Z","application":"booking-benchmark","reqId":"b9bdfc46-fc82-44be-b07e-477ec35bc9ca","service":"booking","bookingId":"BK-000239","customerId":"CUS-120779","hotelId":"HTL-002","event":"payment_completed","msg":"Payment completed"}
{"level":30,"time":"2026-07-29T10:59:54.232Z","application":"booking-benchmark","reqId":"b9bdfc46-fc82-44be-b07e-477ec35bc9ca","service":"booking","bookingId":"BK-000239","customerId":"CUS-120779","hotelId":"HTL-002","event":"booking_created","msg":"Booking created"}
{"level":30,"time":"2026-07-29T10:59:54.232Z","application":"booking-benchmark","reqId":"b9bdfc46-fc82-44be-b07e-477ec35bc9ca","service":"booking","bookingId":"BK-000239","customerId":"CUS-120779","hotelId":"HTL-002","component":"notification","event":"confirmation_sent","msg":"Booking confirmation sent"}
{"level":30,"time":"2026-07-29T10:59:54.232Z","application":"booking-benchmark","reqId":"b9bdfc46-fc82-44be-b07e-477ec35bc9ca","service":"booking","bookingId":"BK-000239","customerId":"CUS-120779","hotelId":"HTL-002","event":"booking_workflow_completed","msg":"Booking workflow completed"}
{"level":30,"time":"2026-07-29T10:59:54.233Z","application":"booking-benchmark","reqId":"b9bdfc46-fc82-44be-b07e-477ec35bc9ca","event":"http_request_completed","method":"POST","url":"/bookings","statusCode":201,"durationMs":1,"msg":"Request completed"}
{"level":30,"time":"2026-07-29T10:59:54.386Z","application":"booking-benchmark","reqId":"72f73ffb-b73e-43d2-bf23-28c76a11f44f","event":"http_request_started","method":"POST","url":"/bookings","msg":"Incoming request"}
{"level":30,"time":"2026-07-29T10:59:54.386Z","application":"booking-benchmark","reqId":"72f73ffb-b73e-43d2-bf23-28c76a11f44f","service":"booking","bookingId":"BK-000240","customerId":"CUS-968366","hotelId":"HTL-002","event":"booking_workflow_started","nights":7,"msg":"Booking workflow started"}
{"level":30,"time":"2026-07-29T10:59:54.386Z","application":"booking-benchmark","reqId":"72f73ffb-b73e-43d2-bf23-28c76a11f44f","service":"booking","bookingId":"BK-000240","customerId":"CUS-968366","hotelId":"HTL-002","component":"hotel","event":"availability_check_started","hotelId":"HTL-002","msg":"Checking hotel availability"}
{"level":30,"time":"2026-07-29T10:59:54.386Z","application":"booking-benchmark","reqId":"72f73ffb-b73e-43d2-bf23-28c76a11f44f","service":"booking","bookingId":"BK-000240","customerId":"CUS-968366","hotelId":"HTL-002","component":"hotel","event":"availability_confirmed","hotelId":"HTL-002","availableRooms":8,"msg":"Hotel availability confirmed"}
{"level":30,"time":"2026-07-29T10:59:54.386Z","application":"booking-benchmark","reqId":"72f73ffb-b73e-43d2-bf23-28c76a11f44f","service":"booking","bookingId":"BK-000240","customerId":"CUS-968366","hotelId":"HTL-002","event":"hotel_validated","msg":"Hotel availability validated"}
{"level":30,"time":"2026-07-29T10:59:54.386Z","application":"booking-benchmark","reqId":"72f73ffb-b73e-43d2-bf23-28c76a11f44f","service":"booking","bookingId":"BK-000240","customerId":"CUS-968366","hotelId":"HTL-002","component":"payment","event":"payment_started","msg":"Authorizing payment"}
{"level":30,"time":"2026-07-29T10:59:54.386Z","application":"booking-benchmark","reqId":"72f73ffb-b73e-43d2-bf23-28c76a11f44f","service":"booking","bookingId":"BK-000240","customerId":"CUS-968366","hotelId":"HTL-002","component":"payment","event":"payment_authorized","msg":"Payment authorized"}
{"level":30,"time":"2026-07-29T10:59:54.386Z","application":"booking-benchmark","reqId":"72f73ffb-b73e-43d2-bf23-28c76a11f44f","service":"booking","bookingId":"BK-000240","customerId":"CUS-968366","hotelId":"HTL-002","event":"payment_completed","msg":"Payment completed"}
{"level":30,"time":"2026-07-29T10:59:54.386Z","application":"booking-benchmark","reqId":"72f73ffb-b73e-43d2-bf23-28c76a11f44f","service":"booking","bookingId":"BK-000240","customerId":"CUS-968366","hotelId":"HTL-002","event":"booking_created","msg":"Booking created"}
{"level":30,"time":"2026-07-29T10:59:54.386Z","application":"booking-benchmark","reqId":"72f73ffb-b73e-43d2-bf23-28c76a11f44f","service":"booking","bookingId":"BK-000240","customerId":"CUS-968366","hotelId":"HTL-002","component":"notification","event":"confirmation_sent","msg":"Booking confirmation sent"}
{"level":30,"time":"2026-07-29T10:59:54.386Z","application":"booking-benchmark","reqId":"72f73ffb-b73e-43d2-bf23-28c76a11f44f","service":"booking","bookingId":"BK-000240","customerId":"CUS-968366","hotelId":"HTL-002","event":"booking_workflow_completed","msg":"Booking workflow completed"}
{"level":30,"time":"2026-07-29T10:59:54.387Z","application":"booking-benchmark","reqId":"72f73ffb-b73e-43d2-bf23-28c76a11f44f","event":"http_request_completed","method":"POST","url":"/bookings","statusCode":201,"durationMs":1,"msg":"Request completed"}
{"level":30,"time":"2026-07-29T10:59:54.538Z","application":"booking-benchmark","reqId":"e1253e15-296c-4999-9cc7-ec0dd064d358","event":"http_request_started","method":"POST","url":"/bookings","msg":"Incoming request"}
{"level":30,"time":"2026-07-29T10:59:54.539Z","application":"booking-benchmark","reqId":"e1253e15-296c-4999-9cc7-ec0dd064d358","service":"booking","bookingId":"BK-000241","customerId":"CUS-920254","hotelId":"HTL-004","event":"booking_workflow_started","nights":3,"msg":"Booking workflow started"}
{"level":30,"time":"2026-07-29T10:59:54.539Z","application":"booking-benchmark","reqId":"e1253e15-296c-4999-9cc7-ec0dd064d358","service":"booking","bookingId":"BK-000241","customerId":"CUS-920254","hotelId":"HTL-004","component":"hotel","event":"availability_check_started","hotelId":"HTL-004","msg":"Checking hotel availability"}
{"level":30,"time":"2026-07-29T10:59:54.539Z","application":"booking-benchmark","reqId":"e1253e15-296c-4999-9cc7-ec0dd064d358","service":"booking","bookingId":"BK-000241","customerId":"CUS-920254","hotelId":"HTL-004","component":"hotel","event":"availability_confirmed","hotelId":"HTL-004","availableRooms":20,"msg":"Hotel availability confirmed"}
{"level":30,"time":"2026-07-29T10:59:54.539Z","application":"booking-benchmark","reqId":"e1253e15-296c-4999-9cc7-ec0dd064d358","service":"booking","bookingId":"BK-000241","customerId":"CUS-920254","hotelId":"HTL-004","event":"hotel_validated","msg":"Hotel availability validated"}
{"level":30,"time":"2026-07-29T10:59:54.539Z","application":"booking-benchmark","reqId":"e1253e15-296c-4999-9cc7-ec0dd064d358","service":"booking","bookingId":"BK-000241","customerId":"CUS-920254","hotelId":"HTL-004","component":"payment","event":"payment_started","msg":"Authorizing payment"}
{"level":30,"time":"2026-07-29T10:59:54.539Z","application":"booking-benchmark","reqId":"e1253e15-296c-4999-9cc7-ec0dd064d358","service":"booking","bookingId":"BK-000241","customerId":"CUS-920254","hotelId":"HTL-004","component":"payment","event":"payment_authorized","msg":"Payment authorized"}
{"level":30,"time":"2026-07-29T10:59:54.539Z","application":"booking-benchmark","reqId":"e1253e15-296c-4999-9cc7-ec0dd064d358","service":"booking","bookingId":"BK-000241","customerId":"CUS-920254","hotelId":"HTL-004","event":"payment_completed","msg":"Payment completed"}
{"level":30,"time":"2026-07-29T10:59:54.539Z","application":"booking-benchmark","reqId":"e1253e15-296c-4999-9cc7-ec0dd064d358","service":"booking","bookingId":"BK-000241","customerId":"CUS-920254","hotelId":"HTL-004","event":"booking_created","msg":"Booking created"}
{"level":30,"time":"2026-07-29T10:59:54.539Z","application":"booking-benchmark","reqId":"e1253e15-296c-4999-9cc7-ec0dd064d358","service":"booking","bookingId":"BK-000241","customerId":"CUS-920254","hotelId":"HTL-004","component":"notification","event":"confirmation_sent","msg":"Booking confirmation sent"}
{"level":30,"time":"2026-07-29T10:59:54.539Z","application":"booking-benchmark","reqId":"e1253e15-296c-4999-9cc7-ec0dd064d358","service":"booking","bookingId":"BK-000241","customerId":"CUS-920254","hotelId":"HTL-004","event":"booking_workflow_completed","msg":"Booking workflow completed"}
{"level":30,"time":"2026-07-29T10:59:54.539Z","application":"booking-benchmark","reqId":"e1253e15-296c-4999-9cc7-ec0dd064d358","event":"http_request_completed","method":"POST","url":"/bookings","statusCode":201,"durationMs":1,"msg":"Request completed"}
{"level":30,"time":"2026-07-29T10:59:54.655Z","application":"booking-benchmark","reqId":"1d5851dd-e3c4-4ac0-afa2-d4f032bd8551","event":"http_request_started","method":"POST","url":"/bookings","msg":"Incoming request"}
{"level":30,"time":"2026-07-29T10:59:54.655Z","application":"booking-benchmark","reqId":"1d5851dd-e3c4-4ac0-afa2-d4f032bd8551","service":"booking","bookingId":"BK-000242","customerId":"CUS-414602","hotelId":"HTL-003","event":"booking_workflow_started","nights":2,"msg":"Booking workflow started"}
{"level":30,"time":"2026-07-29T10:59:54.655Z","application":"booking-benchmark","reqId":"1d5851dd-e3c4-4ac0-afa2-d4f032bd8551","service":"booking","bookingId":"BK-000242","customerId":"CUS-414602","hotelId":"HTL-003","component":"hotel","event":"availability_check_started","hotelId":"HTL-003","msg":"Checking hotel availability"}
{"level":30,"time":"2026-07-29T10:59:54.655Z","application":"booking-benchmark","reqId":"1d5851dd-e3c4-4ac0-afa2-d4f032bd8551","service":"booking","bookingId":"BK-000242","customerId":"CUS-414602","hotelId":"HTL-003","component":"hotel","event":"availability_confirmed","hotelId":"HTL-003","availableRooms":12,"msg":"Hotel availability confirmed"}
{"level":30,"time":"2026-07-29T10:59:54.655Z","application":"booking-benchmark","reqId":"1d5851dd-e3c4-4ac0-afa2-d4f032bd8551","service":"booking","bookingId":"BK-000242","customerId":"CUS-414602","hotelId":"HTL-003","event":"hotel_validated","msg":"Hotel availability validated"}
{"level":30,"time":"2026-07-29T10:59:54.655Z","application":"booking-benchmark","reqId":"1d5851dd-e3c4-4ac0-afa2-d4f032bd8551","service":"booking","bookingId":"BK-000242","customerId":"CUS-414602","hotelId":"HTL-003","component":"payment","event":"payment_started","msg":"Authorizing payment"}
{"level":30,"time":"2026-07-29T10:59:54.655Z","application":"booking-benchmark","reqId":"1d5851dd-e3c4-4ac0-afa2-d4f032bd8551","service":"booking","bookingId":"BK-000242","customerId":"CUS-414602","hotelId":"HTL-003","component":"payment","event":"payment_authorized","msg":"Payment authorized"}
{"level":30,"time":"2026-07-29T10:59:54.655Z","application":"booking-benchmark","reqId":"1d5851dd-e3c4-4ac0-afa2-d4f032bd8551","service":"booking","bookingId":"BK-000242","customerId":"CUS-414602","hotelId":"HTL-003","event":"payment_completed","msg":"Payment completed"}
{"level":30,"time":"2026-07-29T10:59:54.655Z","application":"booking-benchmark","reqId":"1d5851dd-e3c4-4ac0-afa2-d4f032bd8551","service":"booking","bookingId":"BK-000242","customerId":"CUS-414602","hotelId":"HTL-003","event":"booking_created","msg":"Booking created"}
{"level":30,"time":"2026-07-29T10:59:54.655Z","application":"booking-benchmark","reqId":"1d5851dd-e3c4-4ac0-afa2-d4f032bd8551","service":"booking","bookingId":"BK-000242","customerId":"CUS-414602","hotelId":"HTL-003","component":"notification","event":"confirmation_sent","msg":"Booking confirmation sent"}
{"level":30,"time":"2026-07-29T10:59:54.655Z","application":"booking-benchmark","reqId":"1d5851dd-e3c4-4ac0-afa2-d4f032bd8551","service":"booking","bookingId":"BK-000242","customerId":"CUS-414602","hotelId":"HTL-003","event":"booking_workflow_completed","msg":"Booking workflow completed"}
{"level":30,"time":"2026-07-29T10:59:54.655Z","application":"booking-benchmark","reqId":"1d5851dd-e3c4-4ac0-afa2-d4f032bd8551","event":"http_request_completed","method":"POST","url":"/bookings","statusCode":201,"durationMs":0,"msg":"Request completed"}
{"level":30,"time":"2026-07-29T10:59:54.826Z","application":"booking-benchmark","reqId":"43c5cbd5-3445-4349-a7e8-26305a56b692","event":"http_request_started","method":"POST","url":"/bookings","msg":"Incoming request"}
{"level":30,"time":"2026-07-29T10:59:54.826Z","application":"booking-benchmark","reqId":"43c5cbd5-3445-4349-a7e8-26305a56b692","service":"booking","bookingId":"BK-000243","customerId":"CUS-415757","hotelId":"HTL-002","event":"booking_workflow_started","nights":2,"msg":"Booking workflow started"}
{"level":30,"time":"2026-07-29T10:59:54.826Z","application":"booking-benchmark","reqId":"43c5cbd5-3445-4349-a7e8-26305a56b692","service":"booking","bookingId":"BK-000243","customerId":"CUS-415757","hotelId":"HTL-002","component":"hotel","event":"availability_check_started","hotelId":"HTL-002","msg":"Checking hotel availability"}
{"level":30,"time":"2026-07-29T10:59:54.826Z","application":"booking-benchmark","reqId":"43c5cbd5-3445-4349-a7e8-26305a56b692","service":"booking","bookingId":"BK-000243","customerId":"CUS-415757","hotelId":"HTL-002","component":"hotel","event":"availability_confirmed","hotelId":"HTL-002","availableRooms":8,"msg":"Hotel availability confirmed"}
{"level":30,"time":"2026-07-29T10:59:54.826Z","application":"booking-benchmark","reqId":"43c5cbd5-3445-4349-a7e8-26305a56b692","service":"booking","bookingId":"BK-000243","customerId":"CUS-415757","hotelId":"HTL-002","event":"hotel_validated","msg":"Hotel availability validated"}
{"level":30,"time":"2026-07-29T10:59:54.826Z","application":"booking-benchmark","reqId":"43c5cbd5-3445-4349-a7e8-26305a56b692","service":"booking","bookingId":"BK-000243","customerId":"CUS-415757","hotelId":"HTL-002","component":"payment","event":"payment_started","msg":"Authorizing payment"}
{"level":30,"time":"2026-07-29T10:59:54.826Z","application":"booking-benchmark","reqId":"43c5cbd5-3445-4349-a7e8-26305a56b692","service":"booking","bookingId":"BK-000243","customerId":"CUS-415757","hotelId":"HTL-002","component":"payment","event":"payment_authorized","msg":"Payment authorized"}
{"level":30,"time":"2026-07-29T10:59:54.826Z","application":"booking-benchmark","reqId":"43c5cbd5-3445-4349-a7e8-26305a56b692","service":"booking","bookingId":"BK-000243","customerId":"CUS-415757","hotelId":"HTL-002","event":"payment_completed","msg":"Payment completed"}
{"level":30,"time":"2026-07-29T10:59:54.826Z","application":"booking-benchmark","reqId":"43c5cbd5-3445-4349-a7e8-26305a56b692","service":"booking","bookingId":"BK-000243","customerId":"CUS-415757","hotelId":"HTL-002","event":"booking_created","msg":"Booking created"}
{"level":30,"time":"2026-07-29T10:59:54.826Z","application":"booking-benchmark","reqId":"43c5cbd5-3445-4349-a7e8-26305a56b692","service":"booking","bookingId":"BK-000243","customerId":"CUS-415757","hotelId":"HTL-002","component":"notification","event":"confirmation_sent","msg":"Booking confirmation sent"}
{"level":30,"time":"2026-07-29T10:59:54.826Z","application":"booking-benchmark","reqId":"43c5cbd5-3445-4349-a7e8-26305a56b692","service":"booking","bookingId":"BK-000243","customerId":"CUS-415757","hotelId":"HTL-002","event":"booking_workflow_completed","msg":"Booking workflow completed"}
{"level":30,"time":"2026-07-29T10:59:54.826Z","application":"booking-benchmark","reqId":"43c5cbd5-3445-4349-a7e8-26305a56b692","event":"http_request_completed","method":"POST","url":"/bookings","statusCode":201,"durationMs":0,"msg":"Request completed"}
{"level":30,"time":"2026-07-29T10:59:54.990Z","application":"booking-benchmark","reqId":"36d9bc75-03fe-4b2b-9adb-1041838f13ae","event":"http_request_started","method":"POST","url":"/bookings","msg":"Incoming request"}
{"level":30,"time":"2026-07-29T10:59:54.991Z","application":"booking-benchmark","reqId":"36d9bc75-03fe-4b2b-9adb-1041838f13ae","service":"booking","bookingId":"BK-000244","customerId":"CUS-669400","hotelId":"HTL-003","event":"booking_workflow_started","nights":5,"msg":"Booking workflow started"}
{"level":30,"time":"2026-07-29T10:59:54.991Z","application":"booking-benchmark","reqId":"36d9bc75-03fe-4b2b-9adb-1041838f13ae","service":"booking","bookingId":"BK-000244","customerId":"CUS-669400","hotelId":"HTL-003","component":"hotel","event":"availability_check_started","hotelId":"HTL-003","msg":"Checking hotel availability"}
{"level":30,"time":"2026-07-29T10:59:54.991Z","application":"booking-benchmark","reqId":"36d9bc75-03fe-4b2b-9adb-1041838f13ae","service":"booking","bookingId":"BK-000244","customerId":"CUS-669400","hotelId":"HTL-003","component":"hotel","event":"availability_confirmed","hotelId":"HTL-003","availableRooms":12,"msg":"Hotel availability confirmed"}
{"level":30,"time":"2026-07-29T10:59:54.991Z","application":"booking-benchmark","reqId":"36d9bc75-03fe-4b2b-9adb-1041838f13ae","service":"booking","bookingId":"BK-000244","customerId":"CUS-669400","hotelId":"HTL-003","event":"hotel_validated","msg":"Hotel availability validated"}
{"level":30,"time":"2026-07-29T10:59:54.991Z","application":"booking-benchmark","reqId":"36d9bc75-03fe-4b2b-9adb-1041838f13ae","service":"booking","bookingId":"BK-000244","customerId":"CUS-669400","hotelId":"HTL-003","component":"payment","event":"payment_started","msg":"Authorizing payment"}
{"level":30,"time":"2026-07-29T10:59:54.991Z","application":"booking-benchmark","reqId":"36d9bc75-03fe-4b2b-9adb-1041838f13ae","service":"booking","bookingId":"BK-000244","customerId":"CUS-669400","hotelId":"HTL-003","component":"payment","event":"payment_authorized","msg":"Payment authorized"}
{"level":30,"time":"2026-07-29T10:59:54.991Z","application":"booking-benchmark","reqId":"36d9bc75-03fe-4b2b-9adb-1041838f13ae","service":"booking","bookingId":"BK-000244","customerId":"CUS-669400","hotelId":"HTL-003","event":"payment_completed","msg":"Payment completed"}
{"level":30,"time":"2026-07-29T10:59:54.991Z","application":"booking-benchmark","reqId":"36d9bc75-03fe-4b2b-9adb-1041838f13ae","service":"booking","bookingId":"BK-000244","customerId":"CUS-669400","hotelId":"HTL-003","event":"booking_created","msg":"Booking created"}
{"level":30,"time":"2026-07-29T10:59:54.991Z","application":"booking-benchmark","reqId":"36d9bc75-03fe-4b2b-9adb-1041838f13ae","service":"booking","bookingId":"BK-000244","customerId":"CUS-669400","hotelId":"HTL-003","component":"notification","event":"confirmation_sent","msg":"Booking confirmation sent"}
{"level":30,"time":"2026-07-29T10:59:54.991Z","application":"booking-benchmark","reqId":"36d9bc75-03fe-4b2b-9adb-1041838f13ae","service":"booking","bookingId":"BK-000244","customerId":"CUS-669400","hotelId":"HTL-003","event":"booking_workflow_completed","msg":"Booking workflow completed"}
{"level":30,"time":"2026-07-29T10:59:54.991Z","application":"booking-benchmark","reqId":"36d9bc75-03fe-4b2b-9adb-1041838f13ae","event":"http_request_completed","method":"POST","url":"/bookings","statusCode":201,"durationMs":1,"msg":"Request completed"}
{"level":30,"time":"2026-07-29T10:59:55.165Z","application":"booking-benchmark","reqId":"d8a8c06a-d63d-49b6-8607-ec6f395c5250","event":"http_request_started","method":"POST","url":"/bookings","msg":"Incoming request"}
{"level":30,"time":"2026-07-29T10:59:55.165Z","application":"booking-benchmark","reqId":"d8a8c06a-d63d-49b6-8607-ec6f395c5250","service":"booking","bookingId":"BK-000245","customerId":"CUS-058861","hotelId":"HTL-002","event":"booking_workflow_started","nights":6,"msg":"Booking workflow started"}
{"level":30,"time":"2026-07-29T10:59:55.165Z","application":"booking-benchmark","reqId":"d8a8c06a-d63d-49b6-8607-ec6f395c5250","service":"booking","bookingId":"BK-000245","customerId":"CUS-058861","hotelId":"HTL-002","component":"hotel","event":"availability_check_started","hotelId":"HTL-002","msg":"Checking hotel availability"}
{"level":30,"time":"2026-07-29T10:59:55.165Z","application":"booking-benchmark","reqId":"d8a8c06a-d63d-49b6-8607-ec6f395c5250","service":"booking","bookingId":"BK-000245","customerId":"CUS-058861","hotelId":"HTL-002","component":"hotel","event":"availability_confirmed","hotelId":"HTL-002","availableRooms":8,"msg":"Hotel availability confirmed"}
{"level":30,"time":"2026-07-29T10:59:55.165Z","application":"booking-benchmark","reqId":"d8a8c06a-d63d-49b6-8607-ec6f395c5250","service":"booking","bookingId":"BK-000245","customerId":"CUS-058861","hotelId":"HTL-002","event":"hotel_validated","msg":"Hotel availability validated"}
{"level":30,"time":"2026-07-29T10:59:55.165Z","application":"booking-benchmark","reqId":"d8a8c06a-d63d-49b6-8607-ec6f395c5250","service":"booking","bookingId":"BK-000245","customerId":"CUS-058861","hotelId":"HTL-002","component":"payment","event":"payment_started","msg":"Authorizing payment"}
{"level":30,"time":"2026-07-29T10:59:55.165Z","application":"booking-benchmark","reqId":"d8a8c06a-d63d-49b6-8607-ec6f395c5250","service":"booking","bookingId":"BK-000245","customerId":"CUS-058861","hotelId":"HTL-002","component":"payment","event":"payment_authorized","msg":"Payment authorized"}
{"level":30,"time":"2026-07-29T10:59:55.165Z","application":"booking-benchmark","reqId":"d8a8c06a-d63d-49b6-8607-ec6f395c5250","service":"booking","bookingId":"BK-000245","customerId":"CUS-058861","hotelId":"HTL-002","event":"payment_completed","msg":"Payment completed"}
{"level":30,"time":"2026-07-29T10:59:55.165Z","application":"booking-benchmark","reqId":"d8a8c06a-d63d-49b6-8607-ec6f395c5250","service":"booking","bookingId":"BK-000245","customerId":"CUS-058861","hotelId":"HTL-002","event":"booking_created","msg":"Booking created"}
{"level":30,"time":"2026-07-29T10:59:55.165Z","application":"booking-benchmark","reqId":"d8a8c06a-d63d-49b6-8607-ec6f395c5250","service":"booking","bookingId":"BK-000245","customerId":"CUS-058861","hotelId":"HTL-002","component":"notification","event":"confirmation_sent","msg":"Booking confirmation sent"}
{"level":30,"time":"2026-07-29T10:59:55.165Z","application":"booking-benchmark","reqId":"d8a8c06a-d63d-49b6-8607-ec6f395c5250","service":"booking","bookingId":"BK-000245","customerId":"CUS-058861","hotelId":"HTL-002","event":"booking_workflow_completed","msg":"Booking workflow completed"}
{"level":30,"time":"2026-07-29T10:59:55.165Z","application":"booking-benchmark","reqId":"d8a8c06a-d63d-49b6-8607-ec6f395c5250","event":"http_request_completed","method":"POST","url":"/bookings","statusCode":201,"durationMs":0,"msg":"Request completed"}
{"level":30,"time":"2026-07-29T10:59:55.234Z","application":"booking-benchmark","reqId":"fe61921d-ad7b-44d9-88fa-f79a06074fa0","event":"http_request_started","method":"POST","url":"/bookings","msg":"Incoming request"}
{"level":30,"time":"2026-07-29T10:59:55.234Z","application":"booking-benchmark","reqId":"fe61921d-ad7b-44d9-88fa-f79a06074fa0","service":"booking","bookingId":"BK-000246","customerId":"CUS-317616","hotelId":"HTL-001","event":"booking_workflow_started","nights":5,"msg":"Booking workflow started"}
{"level":30,"time":"2026-07-29T10:59:55.234Z","application":"booking-benchmark","reqId":"fe61921d-ad7b-44d9-88fa-f79a06074fa0","service":"booking","bookingId":"BK-000246","customerId":"CUS-317616","hotelId":"HTL-001","component":"hotel","event":"availability_check_started","hotelId":"HTL-001","msg":"Checking hotel availability"}
{"level":30,"time":"2026-07-29T10:59:55.234Z","application":"booking-benchmark","reqId":"fe61921d-ad7b-44d9-88fa-f79a06074fa0","service":"booking","bookingId":"BK-000246","customerId":"CUS-317616","hotelId":"HTL-001","component":"hotel","event":"availability_confirmed","hotelId":"HTL-001","availableRooms":15,"msg":"Hotel availability confirmed"}
{"level":30,"time":"2026-07-29T10:59:55.234Z","application":"booking-benchmark","reqId":"fe61921d-ad7b-44d9-88fa-f79a06074fa0","service":"booking","bookingId":"BK-000246","customerId":"CUS-317616","hotelId":"HTL-001","event":"hotel_validated","msg":"Hotel availability validated"}
{"level":30,"time":"2026-07-29T10:59:55.234Z","application":"booking-benchmark","reqId":"fe61921d-ad7b-44d9-88fa-f79a06074fa0","service":"booking","bookingId":"BK-000246","customerId":"CUS-317616","hotelId":"HTL-001","component":"payment","event":"payment_started","msg":"Authorizing payment"}
{"level":30,"time":"2026-07-29T10:59:55.234Z","application":"booking-benchmark","reqId":"fe61921d-ad7b-44d9-88fa-f79a06074fa0","service":"booking","bookingId":"BK-000246","customerId":"CUS-317616","hotelId":"HTL-001","component":"payment","event":"payment_authorized","msg":"Payment authorized"}
{"level":30,"time":"2026-07-29T10:59:55.234Z","application":"booking-benchmark","reqId":"fe61921d-ad7b-44d9-88fa-f79a06074fa0","service":"booking","bookingId":"BK-000246","customerId":"CUS-317616","hotelId":"HTL-001","event":"payment_completed","msg":"Payment completed"}
{"level":30,"time":"2026-07-29T10:59:55.234Z","application":"booking-benchmark","reqId":"fe61921d-ad7b-44d9-88fa-f79a06074fa0","service":"booking","bookingId":"BK-000246","customerId":"CUS-317616","hotelId":"HTL-001","event":"booking_created","msg":"Booking created"}
{"level":30,"time":"2026-07-29T10:59:55.234Z","application":"booking-benchmark","reqId":"fe61921d-ad7b-44d9-88fa-f79a06074fa0","service":"booking","bookingId":"BK-000246","customerId":"CUS-317616","hotelId":"HTL-001","component":"notification","event":"confirmation_sent","msg":"Booking confirmation sent"}
{"level":30,"time":"2026-07-29T10:59:55.234Z","application":"booking-benchmark","reqId":"fe61921d-ad7b-44d9-88fa-f79a06074fa0","service":"booking","bookingId":"BK-000246","customerId":"CUS-317616","hotelId":"HTL-001","event":"booking_workflow_completed","msg":"Booking workflow completed"}
{"level":30,"time":"2026-07-29T10:59:55.234Z","application":"booking-benchmark","reqId":"fe61921d-ad7b-44d9-88fa-f79a06074fa0","event":"http_request_completed","method":"POST","url":"/bookings","statusCode":201,"durationMs":0,"msg":"Request completed"}
{"level":30,"time":"2026-07-29T10:59:55.439Z","application":"booking-benchmark","reqId":"c7259555-dbfc-4746-8a8c-3daa149bf331","event":"http_request_started","method":"POST","url":"/bookings","msg":"Incoming request"}
{"level":30,"time":"2026-07-29T10:59:55.439Z","application":"booking-benchmark","reqId":"c7259555-dbfc-4746-8a8c-3daa149bf331","service":"booking","bookingId":"BK-000247","customerId":"CUS-826043","hotelId":"HTL-003","event":"booking_workflow_started","nights":2,"msg":"Booking workflow started"}
{"level":30,"time":"2026-07-29T10:59:55.439Z","application":"booking-benchmark","reqId":"c7259555-dbfc-4746-8a8c-3daa149bf331","service":"booking","bookingId":"BK-000247","customerId":"CUS-826043","hotelId":"HTL-003","component":"hotel","event":"availability_check_started","hotelId":"HTL-003","msg":"Checking hotel availability"}
{"level":30,"time":"2026-07-29T10:59:55.439Z","application":"booking-benchmark","reqId":"c7259555-dbfc-4746-8a8c-3daa149bf331","service":"booking","bookingId":"BK-000247","customerId":"CUS-826043","hotelId":"HTL-003","component":"hotel","event":"availability_confirmed","hotelId":"HTL-003","availableRooms":12,"msg":"Hotel availability confirmed"}
{"level":30,"time":"2026-07-29T10:59:55.439Z","application":"booking-benchmark","reqId":"c7259555-dbfc-4746-8a8c-3daa149bf331","service":"booking","bookingId":"BK-000247","customerId":"CUS-826043","hotelId":"HTL-003","event":"hotel_validated","msg":"Hotel availability validated"}
{"level":30,"time":"2026-07-29T10:59:55.439Z","application":"booking-benchmark","reqId":"c7259555-dbfc-4746-8a8c-3daa149bf331","service":"booking","bookingId":"BK-000247","customerId":"CUS-826043","hotelId":"HTL-003","component":"payment","event":"payment_started","msg":"Authorizing payment"}
{"level":30,"time":"2026-07-29T10:59:55.439Z","application":"booking-benchmark","reqId":"c7259555-dbfc-4746-8a8c-3daa149bf331","service":"booking","bookingId":"BK-000247","customerId":"CUS-826043","hotelId":"HTL-003","component":"payment","event":"payment_authorized","msg":"Payment authorized"}
{"level":30,"time":"2026-07-29T10:59:55.439Z","application":"booking-benchmark","reqId":"c7259555-dbfc-4746-8a8c-3daa149bf331","service":"booking","bookingId":"BK-000247","customerId":"CUS-826043","hotelId":"HTL-003","event":"payment_completed","msg":"Payment completed"}
{"level":30,"time":"2026-07-29T10:59:55.439Z","application":"booking-benchmark","reqId":"c7259555-dbfc-4746-8a8c-3daa149bf331","service":"booking","bookingId":"BK-000247","customerId":"CUS-826043","hotelId":"HTL-003","event":"booking_created","msg":"Booking created"}
{"level":30,"time":"2026-07-29T10:59:55.439Z","application":"booking-benchmark","reqId":"c7259555-dbfc-4746-8a8c-3daa149bf331","service":"booking","bookingId":"BK-000247","customerId":"CUS-826043","hotelId":"HTL-003","component":"notification","event":"confirmation_sent","msg":"Booking confirmation sent"}
{"level":30,"time":"2026-07-29T10:59:55.439Z","application":"booking-benchmark","reqId":"c7259555-dbfc-4746-8a8c-3daa149bf331","service":"booking","bookingId":"BK-000247","customerId":"CUS-826043","hotelId":"HTL-003","event":"booking_workflow_completed","msg":"Booking workflow completed"}
{"level":30,"time":"2026-07-29T10:59:55.439Z","application":"booking-benchmark","reqId":"c7259555-dbfc-4746-8a8c-3daa149bf331","event":"http_request_completed","method":"POST","url":"/bookings","statusCode":201,"durationMs":0,"msg":"Request completed"}
{"level":30,"time":"2026-07-29T10:59:55.556Z","application":"booking-benchmark","reqId":"64596caf-9e83-4ebc-8146-b482302332a5","event":"http_request_started","method":"POST","url":"/bookings","msg":"Incoming request"}
{"level":30,"time":"2026-07-29T10:59:55.556Z","application":"booking-benchmark","reqId":"64596caf-9e83-4ebc-8146-b482302332a5","service":"booking","bookingId":"BK-000248","customerId":"CUS-284731","hotelId":"HTL-002","event":"booking_workflow_started","nights":6,"msg":"Booking workflow started"}
{"level":30,"time":"2026-07-29T10:59:55.556Z","application":"booking-benchmark","reqId":"64596caf-9e83-4ebc-8146-b482302332a5","service":"booking","bookingId":"BK-000248","customerId":"CUS-284731","hotelId":"HTL-002","component":"hotel","event":"availability_check_started","hotelId":"HTL-002","msg":"Checking hotel availability"}
{"level":30,"time":"2026-07-29T10:59:55.557Z","application":"booking-benchmark","reqId":"64596caf-9e83-4ebc-8146-b482302332a5","service":"booking","bookingId":"BK-000248","customerId":"CUS-284731","hotelId":"HTL-002","component":"hotel","event":"availability_confirmed","hotelId":"HTL-002","availableRooms":8,"msg":"Hotel availability confirmed"}
{"level":30,"time":"2026-07-29T10:59:55.557Z","application":"booking-benchmark","reqId":"64596caf-9e83-4ebc-8146-b482302332a5","service":"booking","bookingId":"BK-000248","customerId":"CUS-284731","hotelId":"HTL-002","event":"hotel_validated","msg":"Hotel availability validated"}
{"level":30,"time":"2026-07-29T10:59:55.557Z","application":"booking-benchmark","reqId":"64596caf-9e83-4ebc-8146-b482302332a5","service":"booking","bookingId":"BK-000248","customerId":"CUS-284731","hotelId":"HTL-002","component":"payment","event":"payment_started","msg":"Authorizing payment"}
{"level":30,"time":"2026-07-29T10:59:55.557Z","application":"booking-benchmark","reqId":"64596caf-9e83-4ebc-8146-b482302332a5","service":"booking","bookingId":"BK-000248","customerId":"CUS-284731","hotelId":"HTL-002","component":"payment","event":"payment_authorized","msg":"Payment authorized"}
{"level":30,"time":"2026-07-29T10:59:55.557Z","application":"booking-benchmark","reqId":"64596caf-9e83-4ebc-8146-b482302332a5","service":"booking","bookingId":"BK-000248","customerId":"CUS-284731","hotelId":"HTL-002","event":"payment_completed","msg":"Payment completed"}
{"level":30,"time":"2026-07-29T10:59:55.557Z","application":"booking-benchmark","reqId":"64596caf-9e83-4ebc-8146-b482302332a5","service":"booking","bookingId":"BK-000248","customerId":"CUS-284731","hotelId":"HTL-002","event":"booking_created","msg":"Booking created"}
{"level":30,"time":"2026-07-29T10:59:55.557Z","application":"booking-benchmark","reqId":"64596caf-9e83-4ebc-8146-b482302332a5","service":"booking","bookingId":"BK-000248","customerId":"CUS-284731","hotelId":"HTL-002","component":"notification","event":"confirmation_sent","msg":"Booking confirmation sent"}
{"level":30,"time":"2026-07-29T10:59:55.557Z","application":"booking-benchmark","reqId":"64596caf-9e83-4ebc-8146-b482302332a5","service":"booking","bookingId":"BK-000248","customerId":"CUS-284731","hotelId":"HTL-002","event":"booking_workflow_completed","msg":"Booking workflow completed"}
{"level":30,"time":"2026-07-29T10:59:55.557Z","application":"booking-benchmark","reqId":"64596caf-9e83-4ebc-8146-b482302332a5","event":"http_request_completed","method":"POST","url":"/bookings","statusCode":201,"durationMs":1,"msg":"Request completed"}
{"level":30,"time":"2026-07-29T10:59:55.747Z","application":"booking-benchmark","reqId":"25252599-1157-45ca-b4d7-d7d5515192a9","event":"http_request_started","method":"POST","url":"/bookings","msg":"Incoming request"}
{"level":30,"time":"2026-07-29T10:59:55.748Z","application":"booking-benchmark","reqId":"25252599-1157-45ca-b4d7-d7d5515192a9","service":"booking","bookingId":"BK-000249","customerId":"CUS-593047","hotelId":"HTL-001","event":"booking_workflow_started","nights":5,"msg":"Booking workflow started"}
{"level":30,"time":"2026-07-29T10:59:55.748Z","application":"booking-benchmark","reqId":"25252599-1157-45ca-b4d7-d7d5515192a9","service":"booking","bookingId":"BK-000249","customerId":"CUS-593047","hotelId":"HTL-001","component":"hotel","event":"availability_check_started","hotelId":"HTL-001","msg":"Checking hotel availability"}
{"level":30,"time":"2026-07-29T10:59:55.748Z","application":"booking-benchmark","reqId":"25252599-1157-45ca-b4d7-d7d5515192a9","service":"booking","bookingId":"BK-000249","customerId":"CUS-593047","hotelId":"HTL-001","component":"hotel","event":"availability_confirmed","hotelId":"HTL-001","availableRooms":15,"msg":"Hotel availability confirmed"}
{"level":30,"time":"2026-07-29T10:59:55.748Z","application":"booking-benchmark","reqId":"25252599-1157-45ca-b4d7-d7d5515192a9","service":"booking","bookingId":"BK-000249","customerId":"CUS-593047","hotelId":"HTL-001","event":"hotel_validated","msg":"Hotel availability validated"}
{"level":30,"time":"2026-07-29T10:59:55.748Z","application":"booking-benchmark","reqId":"25252599-1157-45ca-b4d7-d7d5515192a9","service":"booking","bookingId":"BK-000249","customerId":"CUS-593047","hotelId":"HTL-001","component":"payment","event":"payment_started","msg":"Authorizing payment"}
{"level":30,"time":"2026-07-29T10:59:55.748Z","application":"booking-benchmark","reqId":"25252599-1157-45ca-b4d7-d7d5515192a9","service":"booking","bookingId":"BK-000249","customerId":"CUS-593047","hotelId":"HTL-001","component":"payment","event":"payment_authorized","msg":"Payment authorized"}
{"level":30,"time":"2026-07-29T10:59:55.748Z","application":"booking-benchmark","reqId":"25252599-1157-45ca-b4d7-d7d5515192a9","service":"booking","bookingId":"BK-000249","customerId":"CUS-593047","hotelId":"HTL-001","event":"payment_completed","msg":"Payment completed"}
{"level":30,"time":"2026-07-29T10:59:55.748Z","application":"booking-benchmark","reqId":"25252599-1157-45ca-b4d7-d7d5515192a9","service":"booking","bookingId":"BK-000249","customerId":"CUS-593047","hotelId":"HTL-001","event":"booking_created","msg":"Booking created"}
{"level":30,"time":"2026-07-29T10:59:55.748Z","application":"booking-benchmark","reqId":"25252599-1157-45ca-b4d7-d7d5515192a9","service":"booking","bookingId":"BK-000249","customerId":"CUS-593047","hotelId":"HTL-001","component":"notification","event":"confirmation_sent","msg":"Booking confirmation sent"}
{"level":30,"time":"2026-07-29T10:59:55.748Z","application":"booking-benchmark","reqId":"25252599-1157-45ca-b4d7-d7d5515192a9","service":"booking","bookingId":"BK-000249","customerId":"CUS-593047","hotelId":"HTL-001","event":"booking_workflow_completed","msg":"Booking workflow completed"}
{"level":30,"time":"2026-07-29T10:59:55.748Z","application":"booking-benchmark","reqId":"25252599-1157-45ca-b4d7-d7d5515192a9","event":"http_request_completed","method":"POST","url":"/bookings","statusCode":201,"durationMs":1,"msg":"Request completed"}
{"level":30,"time":"2026-07-29T10:59:55.864Z","application":"booking-benchmark","reqId":"a166ec30-2f74-4111-b135-7d80393eaab6","event":"http_request_started","method":"POST","url":"/bookings","msg":"Incoming request"}
{"level":30,"time":"2026-07-29T10:59:55.864Z","application":"booking-benchmark","reqId":"a166ec30-2f74-4111-b135-7d80393eaab6","service":"booking","bookingId":"BK-000250","customerId":"CUS-745708","hotelId":"HTL-002","event":"booking_workflow_started","nights":2,"msg":"Booking workflow started"}
{"level":30,"time":"2026-07-29T10:59:55.864Z","application":"booking-benchmark","reqId":"a166ec30-2f74-4111-b135-7d80393eaab6","service":"booking","bookingId":"BK-000250","customerId":"CUS-745708","hotelId":"HTL-002","component":"hotel","event":"availability_check_started","hotelId":"HTL-002","msg":"Checking hotel availability"}
{"level":30,"time":"2026-07-29T10:59:55.864Z","application":"booking-benchmark","reqId":"a166ec30-2f74-4111-b135-7d80393eaab6","service":"booking","bookingId":"BK-000250","customerId":"CUS-745708","hotelId":"HTL-002","component":"hotel","event":"availability_confirmed","hotelId":"HTL-002","availableRooms":8,"msg":"Hotel availability confirmed"}
{"level":30,"time":"2026-07-29T10:59:55.864Z","application":"booking-benchmark","reqId":"a166ec30-2f74-4111-b135-7d80393eaab6","service":"booking","bookingId":"BK-000250","customerId":"CUS-745708","hotelId":"HTL-002","event":"hotel_validated","msg":"Hotel availability validated"}
{"level":30,"time":"2026-07-29T10:59:55.864Z","application":"booking-benchmark","reqId":"a166ec30-2f74-4111-b135-7d80393eaab6","service":"booking","bookingId":"BK-000250","customerId":"CUS-745708","hotelId":"HTL-002","component":"payment","event":"payment_started","msg":"Authorizing payment"}
{"level":30,"time":"2026-07-29T10:59:55.864Z","application":"booking-benchmark","reqId":"a166ec30-2f74-4111-b135-7d80393eaab6","service":"booking","bookingId":"BK-000250","customerId":"CUS-745708","hotelId":"HTL-002","component":"payment","event":"payment_authorized","msg":"Payment authorized"}
{"level":30,"time":"2026-07-29T10:59:55.864Z","application":"booking-benchmark","reqId":"a166ec30-2f74-4111-b135-7d80393eaab6","service":"booking","bookingId":"BK-000250","customerId":"CUS-745708","hotelId":"HTL-002","event":"payment_completed","msg":"Payment completed"}
{"level":30,"time":"2026-07-29T10:59:55.864Z","application":"booking-benchmark","reqId":"a166ec30-2f74-4111-b135-7d80393eaab6","service":"booking","bookingId":"BK-000250","customerId":"CUS-745708","hotelId":"HTL-002","event":"booking_created","msg":"Booking created"}
{"level":30,"time":"2026-07-29T10:59:55.864Z","application":"booking-benchmark","reqId":"a166ec30-2f74-4111-b135-7d80393eaab6","service":"booking","bookingId":"BK-000250","customerId":"CUS-745708","hotelId":"HTL-002","component":"notification","event":"confirmation_sent","msg":"Booking confirmation sent"}
{"level":30,"time":"2026-07-29T10:59:55.864Z","application":"booking-benchmark","reqId":"a166ec30-2f74-4111-b135-7d80393eaab6","service":"booking","bookingId":"BK-000250","customerId":"CUS-745708","hotelId":"HTL-002","event":"booking_workflow_completed","msg":"Booking workflow completed"}
{"level":30,"time":"2026-07-29T10:59:55.864Z","application":"booking-benchmark","reqId":"a166ec30-2f74-4111-b135-7d80393eaab6","event":"http_request_completed","method":"POST","url":"/bookings","statusCode":201,"durationMs":0,"msg":"Request completed"}
{"level":30,"time":"2026-07-29T10:59:56.064Z","application":"booking-benchmark","reqId":"9a69aa7d-05dc-460c-bcb6-4becca48c848","event":"http_request_started","method":"GET","url":"/health","msg":"Incoming request"}
{"level":30,"time":"2026-07-29T10:59:56.064Z","application":"booking-benchmark","reqId":"9a69aa7d-05dc-460c-bcb6-4becca48c848","event":"health_check","msg":"Health check requested"}
{"level":30,"time":"2026-07-29T10:59:56.065Z","application":"booking-benchmark","reqId":"9a69aa7d-05dc-460c-bcb6-4becca48c848","event":"http_request_completed","method":"GET","url":"/health","statusCode":200,"durationMs":1,"msg":"Request completed"}
{"level":30,"time":"2026-07-29T10:59:56.207Z","application":"booking-benchmark","reqId":"7ab13e30-76bd-47dc-a79e-0ac7f828950d","event":"http_request_started","method":"GET","url":"/hotels","msg":"Incoming request"}
{"level":30,"time":"2026-07-29T10:59:56.208Z","application":"booking-benchmark","reqId":"7ab13e30-76bd-47dc-a79e-0ac7f828950d","component":"hotel","event":"hotel_catalog_requested","hotelCount":5,"msg":"Returning hotel catalog"}
{"level":30,"time":"2026-07-29T10:59:56.209Z","application":"booking-benchmark","reqId":"7ab13e30-76bd-47dc-a79e-0ac7f828950d","event":"http_request_completed","method":"GET","url":"/hotels","statusCode":200,"durationMs":2,"msg":"Request completed"}
